date,BTC-USD,ETH-USD,BNB-USD,SOL-USD,XRP-USD,DOGE-USD
2021-01-02,0.09262474311680098,0.06074485859426622,0.012022357875586262,-0.023175117372738013,-0.07346677419265449,0.6169351546165364
2021-01-03,0.025215831986554423,0.23350080143632587,0.07613128186406368,0.19063000197112967,0.021344187560684118,-0.06937361948829748
2021-01-04,-0.031126048570094073,0.06255412006085227,-0.0030149020055078644,0.1342829811795315,0.0444710517640639,-0.006087179584881898
2021-01-05,0.059491981974053296,0.05431533107655984,0.01660211334564015,-0.14087058993882257,-0.043008058574253494,0.02115499569732987
2021-01-06,0.07978987964728743,0.09440362142142147,0.009987759024552104,-0.10836413871914607,0.09626420358236218,0.0441464523514739
2021-01-07,0.06991988054158309,0.013520994711918555,0.031025217666323768,0.19673420895516527,0.26480015359637304,-0.06708558813612182
2021-01-08,0.028759807724559636,-0.006503422053272033,-0.02832301489838598,0.30967247642328766,-0.011083455847365824,-0.00040033053465532285
2021-01-09,-0.012262052365310671,0.047398891059545104,0.03461673956727783,0.04891728212471854,0.012009267541687923,0.044075832619746486
2021-01-10,-0.04955624359220215,-0.017192400540372875,-0.03350535436266686,0.019351004155543375,-0.029042879952727616,-0.03589582790781567
2021-01-11,-0.07468819862209011,-0.1431069766534545,-0.10523972465742121,-0.10616622658012152,-0.09130753138492435,-0.10597170035648928
2021-01-12,-0.03897163438842312,-0.03448827421575572,0.002268995955242152,0.15880103882227908,0.017622057128050705,-0.08897091956599401
2021-01-13,0.09303872186648503,0.07317774934014597,0.04740983911615217,-0.031065686044368233,0.04439528412106299,0.07082848529049876
2021-01-14,0.04635475642223115,0.0862100931218444,0.042963927267727534,-0.06812780112831462,-0.03121932605123625,0.07941285009810413
2021-01-15,-0.06333342468810564,-0.05258382736684979,-0.024306512983100256,-0.01364018946156097,-0.057309244600183565,-0.004076150592330121
2021-01-16,-0.020547018278436267,0.04950183505149615,0.05417900310110569,0.05312840707435835,-0.002396495826384861,-0.012383226464222933
2021-01-17,-0.004632748030488363,0.003755674500836476,0.06125980469821257,0.11101506818489919,-0.006394848449621191,-0.01512891460104753
2021-01-18,0.02215551096647076,0.02087674680638684,-0.01154069384551747,-0.010507609549276127,0.027794375462250748,0.008699560800243922
2021-01-19,-0.020402027184059653,0.08153732516148945,-0.06414513738841997,-0.0426468778602918,0.029972549545840214,-0.014862246015609972
2021-01-20,-0.011862853824953393,0.008481827427658765,0.0019452379534897158,0.023934814445106013,0.004852813460082661,0.0006522400253338523
2021-01-21,-0.13949640193442464,-0.21467545114703554,-0.09787572905540862,-0.21756932983016214,-0.09723491252867102,-0.10360980225827274
2021-01-22,0.06570370018688361,0.10391747886940719,0.05683308865212057,0.10929270555719892,0.015365266472757223,0.04193682866633491
2021-01-23,-0.02667422755262735,0.0007947385485328255,0.0004229596234413774,0.05048492024779529,-0.001838776628711188,0.00824100090473871
2021-01-24,0.005654535963060998,0.1211711502951343,0.022128797068234896,0.033608836109486784,0.006311252740016987,0.015684418820897543
2021-01-25,-0.00017670555784965065,-0.055083489227751255,0.0002008104141288903,0.02073291570403616,-0.02151813282991962,-0.04250422963298254
2021-01-26,0.006599637655448867,0.03584041408047057,0.00011712078871527127,0.08713286645056842,0.0028736188161000557,-0.0124955686855395
2021-01-27,-0.06691940379282074,-0.09753598354584739,-0.023138714825738912,-0.09493905343153677,-0.069235130836086,-0.10671947529232105
2021-01-28,0.09417474914995402,0.07061701692996554,0.039396999813531695,0.03607605647380959,0.05319451718877774,1.594144288356765
2021-01-29,0.026247545889008964,0.03677528231630388,0.007879441894444427,0.005052829725886531,0.06887925879250394,0.22929508724643155
2021-01-30,0.00031175618817061364,-0.0010516582717556365,0.04389004267042911,0.09904704914349503,0.45010025456293734,-0.48514627185453185
2021-01-31,-0.03474137711240443,-0.0486976464073162,-0.010227426909725739,0.0057779772798886315,0.10950543384160848,0.26947053538784294
2021-02-01,0.013011118061134976,0.04587810249698651,0.14951287238545505,0.08176148478311764,-0.2883353921133357,-0.060803522953424026
2021-02-02,0.056248964732994594,0.09549738273185211,-0.009191635788922469,0.12573530663390936,0.003980640006124699,-0.10493521094675742
2021-02-03,0.05892452811562625,0.096171474979772,0.021583913535648428,0.09090364767424888,0.06412069348288053,0.17273313486719502
2021-02-04,-0.018301232416527882,-0.042225059473644654,0.07108661054833168,0.11171774980858595,0.11461989907891579,0.3506441326241115
2021-02-05,0.03599047963365647,0.07455953893923797,0.1904582026103528,0.044556916290404355,0.015017438323894695,-0.12439909070433475
2021-02-06,0.023148494595260992,-0.025234438863582294,0.07311128124941388,-0.09021164063396035,-0.020374674384218902,0.2103352276647564
2021-02-07,-0.010034370035014157,-0.03937892652140006,-0.06350183695544837,0.08977874342535784,-0.05707477632489001,0.3012503925945885
2021-02-08,0.1784485597042829,0.08246161426252417,0.1552890566333984,0.159401018438041,0.07479217152641401,0.009900179632997937
2021-02-09,0.0009817309404045217,0.010786401775912181,0.2960735800616411,-0.006962437502417461,0.05472870459194234,-0.11697507116921614
2021-02-10,-0.03536212709216373,-0.016154611680890132,0.18352270185089173,0.1529870739842204,0.05697762851969067,0.03564511009686903
2021-02-11,0.06818827920686066,0.025432405216073647,-0.03862153361597771,0.012072053181324621,0.046058414194289486,-0.041792909718791085
2021-02-12,-0.01431749606359439,0.030141172127228267,0.0961918842751664,-4.3477315717448195e-05,0.1426083540961216,0.002648000657450886
2021-02-13,-0.0028358377938660748,-0.013843437079733154,-0.024184447915936335,-0.050824296832611714,0.03879432442243437,-0.05187622693197576
2021-02-14,0.029754163680420775,-0.008043457889004254,0.018667621813196197,-0.003241716708924677,-0.06692016369820533,-0.0552767631266393
2021-02-15,-0.013819220219635515,-0.011828043820220503,-0.04177936515466688,0.01546076312611565,-0.07421060907829008,-0.10377465707866003
2021-02-16,0.025192855227892837,0.0015387901633503094,-0.0009213547637028352,-0.06431862274179263,-0.0557491662495941,-0.05500768303151912
2021-02-17,0.05900312258279128,0.037390054760958566,0.23896179783820418,-0.007801247844908187,0.027917081046639567,-0.07688257910851197
2021-02-18,-0.010940542497739106,0.04736614981642389,0.16816880686920857,0.08619852723855771,-0.004931059667785873,0.1717761726526282
2021-02-19,0.0810690632665145,0.007903271499352892,0.5324040101698472,0.24690463475819596,0.05948739568458376,-0.06619354336055382
2021-02-20,-0.001159939811759115,-0.021717502979213217,-0.275086279043044,-0.14030729085568158,-0.09852618417973136,-0.015790987421732208
2021-02-21,0.027681826201509746,0.010674657390529932,0.1544658193242579,0.10344316940649752,0.06251858026642668,0.03353640518390662
2021-02-22,-0.05958734671550698,-0.08409445913382413,-0.09868078995456449,0.263836312993728,0.039208002716105486,-0.044956189260433516
2021-02-23,-0.10101291813933688,-0.11916437721265055,-0.14517969689016516,0.05434568735824535,-0.17442988855862004,-0.11670949674527213
2021-02-24,0.015932614704777116,0.028428043912497793,0.09532801847071923,0.12021185257674252,-0.015227054340164832,0.17536688624817065
2021-02-25,-0.053810849213675946,-0.0912927337288582,-0.08010079583625582,-0.21524488416870538,-0.07208434720786545,-0.12908210567915382
2021-02-26,-0.017072827721116277,-0.025398277406601846,-0.05782024996055563,-0.01807603042589254,-0.018822396427899783,0.011216307151555971
2021-02-27,-0.0036898485630648403,0.009329248569763962,0.01640958820666886,-0.030210078543879103,0.018547135501743958,-0.00804186958822952
2021-02-28,-0.02127979822740345,-0.02707555282154277,-0.06968627403952847,-0.007831000852934498,-0.047546357962576724,-0.038980530306445584
2021-03-01,0.09405668615894246,0.10090720338220756,0.19299607403601152,0.13533380437425727,0.06906183739135824,0.049327731572302004
2021-03-02,-0.023389970343295822,-0.05437373576751944,-0.06179937576003976,-0.0720481018837795,-0.02195146424505905,-0.004542522319652782
2021-03-03,0.03864676941605752,0.052990490658437174,0.0036897168423202665,0.009308369016271441,0.02886555822198822,0.001004181527665702
2021-03-04,-0.04002176686968146,-0.018320906916699742,-0.046512157348420284,-0.07549389947273377,0.06996461521922501,-0.008527846695535966
2021-03-05,0.007775933948251446,-0.007119741635654105,-0.01830604418703982,-0.0400694503397919,-0.05643218940469037,-0.009204707505981409
2021-03-06,0.002673048282055846,0.07682483688188557,0.00402786584612154,0.039402602245298894,0.01805111035330096,0.02846920164035918
2021-03-07,0.04185823565066163,0.044911901618905486,0.05887596419563541,0.05774608102261913,0.0058809126549409915,0.01997814777621905
2021-03-08,0.02716106637595351,0.060152875459970855,0.0018345578916773428,-0.015653013595803948,0.018176514043138494,0.1917231559943138
2021-03-09,0.04679835308017754,0.020158957246936827,0.1979409956251074,0.08698319611990499,0.02248222990000688,-0.08379933017259013
2021-03-10,0.017467017083068827,-0.04113924888249015,-0.051634554284760104,-0.043678914366410276,-0.04935229367514603,-0.03590619229008034
2021-03-11,0.03382631374464177,0.016935420913125228,0.040746559793126476,0.12094441204995729,-0.02119586259126471,0.0010626328172734867
2021-03-12,-0.009590761378339105,-0.033233567266347144,-0.09699414638138987,-0.09626690954687446,-0.028120927058856156,-0.011789524664985014
2021-03-13,0.06702391904951818,0.08477467022646717,0.04843224280877329,0.049811053255297076,0.04131170024239488,0.1274967315964339
2021-03-14,-0.03695728467773086,-0.03939031163708202,-0.04836424119570324,-0.05664769713653956,-0.04197199922243009,-0.07553696976447845
2021-03-15,-0.05872345889857389,-0.03000021776153359,-0.03370115000719732,-0.021162148585457147,-0.007567566607816691,-0.02173709881885957
2021-03-16,0.023031800001562738,0.0064692050214343365,0.015674438968608404,-0.03731064602507805,0.05470235735685005,0.029090494657918322
2021-03-17,0.03475274808665303,0.010174530410139519,0.04261054106786511,0.0404207174682696,0.02055897966977449,-0.013020304461768422
2021-03-18,-0.02170294068462528,-0.026392913379087828,-0.0312784782181466,0.0001548979436875067,-0.0018535686493228326,-0.009432517729476902
2021-03-19,0.006601961060385554,0.018420795444552582,0.005542935601973353,-0.003441567333857005,-0.005174047290619737,0.01554933457506531
2021-03-20,0.001244615245755456,-0.0016596595975975677,0.0051866704620714375,0.0024131592329055835,0.12026887420570627,0.009762108793558313
2021-03-21,-0.013004861172545526,-0.012883702679304781,0.001319586635361092,0.010362351106729516,-0.018453681034085463,-0.023054125725652068
2021-03-22,-0.05867551851751849,-0.058915114020876964,-0.03794360593868067,0.03152634985177064,0.05203840403538901,-0.046109260300262946
2021-03-23,0.004752456139708097,-0.007697743330170708,0.002614343684092345,-0.04430186019140578,0.010421522239265459,-0.028360788183773314
2021-03-24,-0.038210823911918046,-0.05308453798669118,-0.027546037339214697,-0.04021080412631518,-0.1353310675044294,-0.035359916555580385
2021-03-25,-0.019496661048352345,0.002462448917272808,-0.06044492665950522,-0.046561691443685396,0.06132382620913155,-0.004546276231523917
2021-03-26,0.07022885249165932,0.0688944898645591,0.0869958106381186,0.12904477735219141,0.09874421493135514,0.05067768731467669
2021-03-27,0.014282640925523643,0.008084535469532356,0.05345282338793033,0.10851203481103591,-0.028892558663373993,0.00932024796568245
2021-03-28,-0.0007080977298643483,-0.015072469453262603,-0.0029651298382876176,0.09308232204629592,-0.0036595224914312517,-0.014253499355641235
2021-03-29,0.0327652838371849,0.07408595493625687,0.025281754607797628,0.04787635309857321,0.03575860323432245,0.008505510058967807
2021-03-30,0.019094591554397786,0.012971854211305785,0.1228867275163578,0.0062127194562313,-0.005818301438690521,-0.0022881082969998445
2021-03-31,-0.00010247931867370034,0.04198146681880179,-0.029085500199897515,0.01651855547750458,0.013640751474886784,-0.004275771057648239
2021-04-01,-0.00034241155632151754,0.025046197616483582,0.10187128014090138,-0.01778847021755227,0.0018409914991090724,0.14485307688511176
2021-04-02,0.003901919152452414,0.08080967041185695,0.010382324642468313,0.03639071042418782,0.06138375240635058,-0.07630652737583965
2021-04-03,-0.03272771563018565,-0.06045474277576091,-0.04951765292008555,0.1303567545849227,-0.04843520831076606,-0.036673776924430045
2021-04-04,0.019957809235045493,0.03289549607977363,0.08028024643103172,0.05514032949415854,0.09351494181508199,0.033358391627157674
2021-04-05,0.015818350490323988,0.015151841243722527,0.053478834413484264,-0.03439261516438972,0.3662166780353397,0.044386233541128174
2021-04-06,-0.019447828016770405,0.0022893229482022137,0.0916869604019086,0.08680240240104996,0.18015544295387023,0.07085538301387939
2021-04-07,-0.035770317641772804,-0.07302147663878487,-0.07143962683476521,0.057531082902942066,-0.18061414352873578,-0.09143769124061715
2021-04-08,0.03725857482507307,0.057875707028077115,0.10876440044108912,0.014956269134561322,0.14285101817123336,0.0498922736045487
2021-04-09,0.001118911946587532,-0.006553637468456162,0.08091718427828852,0.024885989048947354,-0.037415130116381784,-0.003177395201143551
2021-04-10,0.027591725106052453,0.03172375086109794,0.037406208145553926,-0.029958524371721702,0.2997888643256804,0.03398289564698918
2021-04-11,0.003895754468994307,0.008341063797419682,0.10967384109965288,0.03841376314706617,-0.01587416500743877,0.1540679441136677
2021-04-12,-0.0023765589774449635,-0.0063743935312508965,0.12626853303175875,0.02449669521187777,0.0832155180881582,-0.049584034966315055
2021-04-13,0.060211808883630515,0.07283108022698058,-0.07852863033181302,-0.038999032473722266,0.2014294123882292,0.2886316555968166
2021-04-14,-0.009728172284078391,0.05640375720793445,-0.002951904650120972,-0.03877390270878147,0.02124686415787627,0.2517995874848276
2021-04-15,0.0031787337071748686,0.03293037673824547,-0.01490236486051157,0.05075616522765307,-0.042801363316816166,0.4066203601266895
2021-04-16,-0.02932349103283781,-0.0370207831812446,-0.06402774124548637,-0.09358534572820437,-0.1270726416740575,0.6951292038579793
2021-04-17,-0.021891825636385424,-0.04433807028619631,0.012535937788996148,-0.01793083278917327,-0.00588921077172298,-0.2583068704049122
2021-04-18,-0.06642869678323018,-0.036004626931238994,-0.06678244184956031,0.2633172230425973,-0.08895791292511368,0.13277101479668654
2021-04-19,-0.00924779241999631,-0.03390093471144763,0.045865396497896005,-0.02710531119542137,-0.0725417489664258,0.23790240887186204
2021-04-20,0.014133255844769198,0.07525453720088406,0.15129974951383177,0.0073353406684362795,0.0561001581055931,-0.25356565997181757
2021-04-21,-0.0478688076233732,0.011533936687040168,-0.07566606944011706,0.02647681282641745,-0.07031348603549406,-0.03689893421170545
2021-04-22,-0.03976060378705051,0.01719495572334584,-0.07323809390663874,0.1781124327397332,-0.11138877245126529,-0.15979073920841683
2021-04-23,-0.011006558547651292,-0.012821952956106254,0.04128339445657012,-0.039609683393940325,0.013622384526102998,-0.042499985302706496
2021-04-24,-0.02129700475873513,-0.0672808775731172,-0.05774520615549487,0.08827987464283042,-0.11042906404018586,0.07769931359218496
2021-04-25,-0.019797324384079943,0.04727116536137015,0.015984499887759226,0.14906326649663168,-0.012700381421433173,-0.0706211805899488
2021-04-26,0.09582776337101846,0.08746807276063732,0.058324949893789585,-0.07731465285305333,0.27511674204376285,0.07656643544956969
2021-04-27,0.018541010943021647,0.05138153972385659,0.060610336957670506,-0.016800165317494887,0.02807100323554474,0.0026106315270136324
2021-04-28,-0.003017528793609669,0.030332724032828818,-0.01060492812072681,0.03833158520253256,-0.031967350748995454,0.17101497713672256
2021-04-29,-0.023824105906546798,0.003196933669113188,0.06354074216837106,-0.053816940942613606,0.029181137123012166,-0.05836980764639807
2021-04-30,0.07444869860711945,0.005562944541741023,0.03755503299269317,0.007083411814928346,0.13435377579413993,0.10182396989485751
2021-05-01,0.001837315218213768,0.06031013057980837,-0.004265085128020141,0.14919018284503763,0.03212781708295949,0.14692803911275854
2021-05-02,-0.02137124828966742,0.0016252911032897802,0.002866854385043733,-0.05744742159779141,-0.05637488220929396,-0.0441994435894684
2021-05-03,0.01039468653491475,0.15120741553197212,0.08382861249518785,-0.021227186715406382,-0.00378800491471489,0.1658212228787465
2021-05-04,-0.07196003096966748,-0.0575956946599089,-0.10410418766492022,-0.07402755397917096,-0.11357057741915458,0.19886497107410464
2021-05-05,0.07661461528794215,0.08440275759095238,0.06635248298836771,0.05351897970427905,0.15063407029513345,0.19424557721086616
2021-05-06,-0.018316104117848727,-0.009846115823277535,-0.026630058800645923,-0.03354896668754994,-0.006529670910108737,-0.11825332971353784
2021-05-07,0.016200912209963583,-0.002927142130709903,-0.015402159374472127,-0.007245238089897323,-0.014770388885980585,0.17157667225004294
2021-05-08,0.02663856290765698,0.11670664075614831,0.034323268496421463,0.05474709804138982,-0.011591009913387998,-0.07953545761012339
2021-05-09,-0.010609743743877945,0.00349493157185186,0.02391843898199066,-0.028509191038149972,-0.017186105902830078,-0.1101542227507211
2021-05-10,-0.04252375198618774,0.005573197073655093,-0.04740840095591666,-0.03386265917842805,-0.0984692863948733,-0.23585033704233974
2021-05-11,0.01518224822672772,0.056071035288974565,0.062660074392295,0.03854376778493082,0.06136038545808205,0.09014574180157749
2021-05-12,-0.13262323703978,-0.08765264799631596,-0.12215140580923467,-0.018788726809888943,-0.152787706306881,-0.23079550773574165
2021-05-13,0.0007985717571492955,-0.027928701444750428,-0.04040867150243701,-0.0627875554877931,0.07211357158728897,0.22304140105108394
2021-05-14,0.0034263093346637553,0.09171151823394462,0.0537058956437493,0.03943244516879625,0.026050677199942335,0.134136480744578
2021-05-15,-0.06375488905286,-0.11105603605137421,-0.06726261665104098,0.018240126978287922,0.06257230368402865,-0.09585525338041223
2021-05-16,-0.007113969892819319,-0.017867944012732465,0.0016138618242163146,0.07451196147156419,-0.02775688399866383,0.01007589840161719
2021-05-17,-0.06434306949225864,-0.08734084696477265,-0.09716013204339065,-0.003035552470962812,0.03057095620747486,-0.052349147035320405
2021-05-18,-0.0159345278743997,0.027807691201481986,-0.00821613524276065,0.18102543586975317,0.06118334039813159,-0.024418803925539335
2021-05-19,-0.15519381949293082,-0.32486074648231034,-0.4167118605862704,-0.46993574652561315,-0.4077964786862057,-0.3674468891525336
2021-05-20,0.0994528443006428,0.1267936827452267,0.15560890948817027,0.2386846729086729,0.10984514563961428,0.18797157434654627
2021-05-21,-0.084253632547951,-0.130054532879971,-0.18221419236062075,-0.13205310074621943,-0.1589097607905116,-0.10547789934330579
2021-05-22,0.005293597223083863,-0.057618271205140875,-0.08394590125743795,-0.22051374318558697,-0.10578022429783583,-0.045136775494036406
2021-05-23,-0.07755027101425602,-0.0904593791755005,-0.13953511995612564,-0.24098154772252448,-0.13637616490683332,-0.11011854463347676
2021-05-24,0.11287539419061506,0.23375019374596437,0.2819507364438923,0.24717589046375807,0.22895091519262367,0.1776697895445876
2021-05-25,-0.012229504705664857,0.02117556530759306,-0.007142680115723509,-0.047020340856717316,-0.01870353363576671,-0.05595177186131244
2021-05-26,0.02365018953907607,0.06436152561075188,0.09970318872736596,0.16726194245838943,0.05683914359778394,0.019633726471734815
2021-05-27,-0.018308668772305418,-0.050732644515115596,-0.025347563810685782,-0.04866739439858204,-0.05673654266402548,-0.054783887088191235
2021-05-28,-0.07730916315521141,-0.1282737206263049,-0.11710022719142424,-0.1519750767935173,-0.08140302511955061,-0.0706986206161412
2021-05-29,-0.030124961488519942,-0.05687507874505124,-0.07506757303342255,-0.0568114864264646,-0.07713467891480237,-0.027459667122939905
2021-05-30,0.02950172116854018,0.0459872827806308,0.06513457674201051,0.04288208809891589,0.08522650381330231,-0.003341110304682089
2021-05-31,0.04424998538763259,0.12591701917386455,0.08182497213991989,0.1359159127235285,0.139022471399309,0.07584608103270724
2021-06-01,-0.015165767520091036,-0.026806979763833352,0.0253185155378845,-0.0569177602667878,-0.029343627007383608,0.12808766236225114
2021-06-02,0.02358227059865497,0.026832846435921022,0.10258617485630918,0.09419883664068658,0.013072081567352921,0.1346049662758638
2021-06-03,0.04369893289158691,0.054306796538697875,0.06493690767737545,0.15269558358044308,0.02020270731751947,-0.054857472603436076
2021-06-04,-0.06358407913456297,-0.06050060290809493,-0.0923040604417829,-0.05886804722046685,-0.07623020778142588,-0.06307910122224725
2021-06-05,-0.03638111995464031,-0.023238665269225783,-0.0015881557681182341,0.059650529749190905,-0.047912722114633266,-0.01332318592071623
2021-06-06,0.007940357113332096,0.0315365154997358,0.00931354890610139,0.0628765928713565,0.025669858683226035,0.0003500599176752475
2021-06-07,-0.06472479604498639,-0.045207802690552336,-0.09524414688435066,-0.09878737093949483,-0.0942758680043406,-0.11385328240531194
2021-06-08,-0.005138835456786614,-0.03327051034015327,-0.01537062606233404,0.07577856681650644,0.01302687163502437,-0.017039297420588986
2021-06-09,0.11336995068009252,0.0402406263865517,0.06331436791234175,0.018901339630489004,0.05427818346964582,0.05178724958266608
2021-06-10,-0.019236178908744933,-0.05475983562962982,-0.06490428364104965,-0.022301464339087345,-0.05944556018568632,-0.05117367734596669
2021-06-11,0.01773537623175507,-0.04853909192677941,-0.017744735978747865,-0.12825920112364392,-0.02506396866321639,-0.022831192088217607
2021-06-12,-0.04901960505525715,0.007081885780932287,-0.005946786689079457,0.008783942590966242,-0.017265416676630136,-0.020734344548489627
2021-06-13,0.09325821606697823,0.0568136425416618,0.06231755210097714,0.05934011670674056,0.05899834076195576,0.03704243658344958
2021-06-14,0.03761517248338315,0.028072018778686522,0.011929651392073904,0.025205415991907117,0.008343717364771108,0.011448690909041848
2021-06-15,-0.009230129428558456,-0.014530992500364865,-0.01007243777035245,-0.003988393523812596,-0.027664123991507382,-0.02281139116285946
2021-06-16,-0.04574527341953061,-0.07155754827824162,-0.05398536476468425,0.004844579519556496,-0.04039882807488601,-0.039907848139870125
2021-06-17,-0.006698961944875928,0.0022737013530689876,0.016084452633036775,-0.011722691938972851,0.011828801522409753,-0.005081940767483476
2021-06-18,-0.06152782082782359,-0.060438978275987466,-0.04548544231755785,-0.06429236102190619,-0.05455565400497866,-0.04307804020568458
2021-06-19,-0.00942793009744289,-0.03156606142284994,-0.009386662481017006,-0.045279224471438104,-0.05015838525640527,-0.02629048561836727
2021-06-20,0.0032761324830971688,0.03575584948671751,0.015065135091940343,0.0019021397703593965,0.020753861128433207,-0.01812098118150215
2021-06-21,-0.11891045662276035,-0.17383604031182356,-0.225003248099798,-0.28212888584892476,-0.24366662926241564,-0.4508400300892381
2021-06-22,0.028094524319938106,-0.0032990093058491046,-0.03250670931104606,0.013744894061149489,-0.10395133009845772,0.06493009667469779
2021-06-23,0.0353126837670968,0.046200209547868486,0.12247758211998014,0.13443516838281683,0.15472528741221725,0.20741650018067417
2021-06-24,0.028828548379449724,0.010804469300155899,0.04090705419371781,0.009810011229238523,0.053085514754655935,0.11685462724160091
2021-06-25,-0.09301052120369376,-0.09521870463650212,-0.09443246258990144,-0.08368602124412727,-0.09663329511579767,-0.10512043630412936
2021-06-26,0.021895999249812816,0.011444527214784062,-0.004139462785560404,0.03624044578986398,0.008310974261697692,0.034683165136771985
2021-06-27,0.07218857505595316,0.08012847118323362,0.03933761069272121,0.07143225800737812,0.05093620369895352,0.07320101116645134
2021-06-28,-0.005938288050668354,0.05023814421215937,-0.002995508979798451,0.03402590255640782,-0.0061881385587017595,-0.028492829949216928
2021-06-29,0.04025278594807432,0.038086933196143376,0.03653142386169746,0.028939918134836925,0.09172042511205741,0.024666995247998456
2021-06-30,-0.024431033120821895,0.049706134058565464,0.00966095189821636,0.044336564782504036,0.0,-0.03703554307721867
2021-07-01,-0.04494752092035272,-0.07729383221470298,-0.05509394640954189,-0.0651282002678108,-0.06916480835620235,-0.04059064008669393
2021-07-02,0.008377365268202767,0.02240185311990071,-0.0009049774373291173,0.021674377928975613,-0.005324421188999666,0.005073037922333236
2021-07-03,0.025786871340954098,0.03326396817441365,0.03745525809687284,0.014540826726275552,0.0264916154469765,0.00533160946328601
2021-07-04,0.017651072284598005,0.04207509883646496,0.03133562203322888,-0.0063392576128579745,0.03330719801776855,0.0002840966759505799
2021-07-05,-0.04629552498009569,-0.05584715432301095,-0.018372014676021186,-0.04084630442289512,-0.0643852761751994,-0.06422746021445795
2021-07-06,0.01560534774517823,0.05576534927301046,0.057577724190919895,0.03926979984857612,0.018521859382018155,0.013196830033585929
2021-07-07,-0.010513575195606917,-0.0025565482865500294,0.02344762442172482,0.06905520032613602,-0.019134980186019612,-0.0450264908527996
2021-07-08,-0.029562898272273284,-0.0904041869515329,-0.05449478052428494,-0.1012394292737939,-0.04821535240445288,-0.07878527170962409
2021-07-09,0.028194357383748637,0.014383404756169537,0.022161836817909952,0.00520638580689828,0.024476746426554164,0.05970872757516356
2021-07-10,-0.009297337803434783,-0.01705195297545401,-0.0030637569171382494,-0.049911909704907685,-0.01950121252834184,-0.02713720450979138
2021-07-11,0.022317905214544593,0.014001179053283616,0.018926428206424168,0.015311453727365778,0.018715851614653372,0.010332401332451542
2021-07-12,-0.034819738727865,-0.05220227186284738,-0.01892642820642417,-0.04486710070300811,-0.012014055348634894,-0.03880407541376365
2021-07-13,-0.01084421199366593,-0.04604852576506507,-0.02297480505066965,-0.05456566634869833,-0.015384918839479568,-0.03816807843864591
2021-07-14,0.002753633750060858,0.02766821218840126,0.0014878548528607454,0.07371809856345433,0.0008071676925444782,-0.011871963976200314
2021-07-15,-0.029059841124266395,-0.038363556727093254,0.02145531614058032,-0.09421083213248402,-0.03581197408120319,-0.064103415162166
2021-07-16,-0.015684787261425026,-0.022789511403690434,-0.04275356681853324,-0.08301612020802544,-0.01448812404299095,-0.07458122703521183
2021-07-17,0.004330419138805793,0.012357639681334047,-0.007822379960052897,0.02001084238983948,-0.012293137566178046,0.08531439865765103
2021-07-18,0.008167362765899914,-0.004193895729117328,0.005243780891666568,-0.004824693790925026,0.00770090226566089,-0.031283893498408925
2021-07-19,-0.029990648832101084,-0.039305722370065674,-0.07404177110110102,-0.08461142077302226,-0.05177791661606661,-0.04477225131891379
2021-07-20,-0.03461668416799106,-0.018143175687965012,-0.05910193482614808,-0.043146971356157166,-0.05271166727911386,-0.018309674800828304
2021-07-21,0.07605715848404894,0.11089936588098752,0.10344520508355569,0.12877013972827156,0.07911057827310022,0.11088287060306641
2021-07-22,0.0044487049941116285,0.01445774749165598,0.0003409362141375357,0.036732746052396834,0.03454248396273511,0.004034693308983091
2021-07-23,0.040849756917323884,0.04806640590320617,0.019945652192780487,0.02906902179678136,0.028475822958433254,0.01895840475904997
2021-07-24,0.01838406474345351,0.028082606624002943,0.007622825387650054,0.003500668701334691,-0.000985545414856951,0.010159109248867591
2021-07-25,0.03225131745929758,0.0023042432941544413,0.0033106035666461836,-0.01294334333063125,-0.0026328795857724946,0.005319026749843204
2021-07-26,0.05114348533727734,0.01733457924346726,0.004748096496074253,-0.0022682175871487427,0.026824334491427116,0.028342078846406018
2021-07-27,0.05791451692422995,0.03154713115377506,0.030707860778442175,-0.0028781088320104526,0.03421697620495928,0.010892236536864101
2021-07-28,0.014134814167452743,0.0006129915264366464,0.0010202781142683631,-0.008146102426643228,0.1273309976277222,-0.0005345125130297589
2021-07-29,-7.696532715802908e-05,0.03502627568090282,0.010240566324503366,0.1138090311652503,0.021735583997464104,-0.0035057003476284972
2021-07-30,0.05327978825254109,0.03257022532996052,0.01735476086560066,0.03519839996196904,0.004397368668975147,0.017934015402559584
2021-07-31,-0.017797912555153794,0.02773738465118003,0.02992772521034065,0.12723728611599,-0.008143693628596491,-0.005187580681052443
2021-08-01,-0.03976527538307319,0.009688009499400239,0.0006316074619343728,-0.07277321879075073,-0.029658002872220122,-0.01655819714353419
2021-08-02,-0.017663231962589804,0.01985103789973777,-0.006152566381724273,-0.029646322535551304,0.01887622726893183,-0.004760628362357776
2021-08-03,-0.024324684058787516,-0.03827307394071198,-0.02177522656045091,0.027888595409492237,-0.033621243334672854,-0.0350948337925231
2021-08-04,0.03891484283709042,0.0824874810472735,0.03446102164658327,0.04738594919863083,0.024090878483978884,0.026497942901050286
2021-08-05,0.028276896761954197,0.03682485047539158,0.009335858971216514,0.043583279333071795,0.0023228814161397287,-0.002882132784187735
2021-08-06,0.04718738719477047,0.02259052414762768,0.013170850396682107,0.056520153457150446,0.01986417588546524,0.019075423752081478
2021-08-07,0.03971879398871793,0.08886705851891687,0.03948578281424136,-0.0014178294397326004,0.08805890592032196,0.2457930236249947
2021-08-08,-0.01761270403291667,-0.04811561615229547,-0.04123970766972553,-0.04718259940990054,-0.04690514947366071,-0.08745232548739393
2021-08-09,0.05462970446216788,0.048182063122100834,0.03600394623680863,0.026110322546906088,0.047884821361958166,0.06505670241105445
2021-08-10,-0.01455647910352678,-0.005985248375036194,0.048478317767386564,0.05030952647741783,0.0408905356229126,0.004791501346852821
2021-08-11,-0.0016244406865866849,0.005978920282418204,0.0499264755795699,0.02385204431675979,0.17167090636076027,0.02733175096918944
2021-08-12,-0.02473710831782772,-0.03691412051983386,-0.013649100670440315,-0.012548065468257739,-0.045036702631157687,-0.0016652162951771667
2021-08-13,0.07380869283538957,0.08684721165506971,0.06305295003863524,0.08682077604861964,0.12086087992179499,0.08234474720200485
2021-08-14,-0.015421439567330678,-0.01796728302571902,-0.0051011179284606144,-0.0155111573387577,0.1598872704710344,0.025316063817003413
2021-08-15,-0.002013774690601655,0.013372597588089221,0.013078755078075495,0.19289452451560404,0.0037456149916905764,0.14482712637769907
2021-08-16,-0.023097203992741226,-0.049768390285118105,0.004025217240511801,0.1471314909241065,-0.07973769409157777,-0.061529868999678
2021-08-17,-0.02661032775885209,-0.043788914213628044,-0.03405750433938693,0.03341069765242232,-0.07685644938967125,-0.06539840589921654
2021-08-18,0.00020894564849409231,0.0009392211792826106,-0.01416152496958324,0.12502920021157574,0.04043569291594371,0.012846010053591907
2021-08-19,0.0449495565754806,0.054725390405797096,0.08494141667054166,0.0013890132676706297,0.07708415554196515,0.04696666569200439
2021-08-20,0.05333836243326847,0.031135900200595323,0.05340921687977816,0.07769729623622872,0.02258263807842646,0.02960951687489602
2021-08-21,-0.010201389940111036,-0.01886584590860062,-0.01369990552993965,-0.06354634198607247,-0.03800836733750222,-0.03326651968948558
2021-08-22,0.008512092205915797,0.004509845249292537,-0.0001337166546085439,-0.0139997920184389,0.008354541181534655,-0.006177846004009328
2021-08-23,0.005056931265299252,0.025394395539343882,0.10641639022715067,0.03838798008861786,0.01594078339589033,0.009992177998766205
2021-08-24,-0.03736100600577641,-0.04642309843336153,-0.05655275241915132,-0.06976485449631008,-0.09280068772155908,-0.09633641176612953
2021-08-25,0.026889274355853948,0.017585474802417882,0.0647942557897512,0.02029543346197738,0.03309380312059019,0.013455355359986166
2021-08-26,-0.044455503018913885,-0.042306473411100186,-0.051147916742715585,0.040129828889915634,-0.09121122091411552,-0.08615718713671822
2021-08-27,0.04642565518730656,0.056638320858238035,0.03372723543070911,0.16068863834468602,0.1066852539359158,0.09246098175719426
2021-08-28,-0.0035635122599486395,-0.008889383828903476,-0.016927089180743808,0.08952772035073396,-0.039274414880476075,-0.028947576034868628
2021-08-29,-0.002611425769036323,-0.006496671711105125,-0.0134591533740048,-0.020898634052642775,-0.004460583772370897,-0.01799307670965456
2021-08-30,-0.03728695560163383,0.001912256843651099,-0.041282457684822464,0.15701191210829052,-0.03623778921867374,-0.03219666781420055
2021-08-31,0.0025079782457921107,0.0599563219078398,0.007790560934502168,-0.018122407004148477,0.07475699410046474,0.022178694943921873
2021-09-01,0.03565396658703159,0.10970717328448963,0.053511139250873224,0.022286062548568603,0.041793182683350506,0.056618893999507904
2021-09-02,0.008895278543618722,-0.010771663031670611,-0.01171527117963377,0.14691135659964907,0.01373791439230361,0.0013582345042219318
2021-09-03,0.015164663339698799,0.03943840471242703,0.009874591653899995,0.1325170750561868,0.02940463422366531,0.004739345363896347
2021-09-04,-0.0016714247769793876,-0.013444089791113096,0.018658014381671074,-0.05273235061517125,-0.028208509524618976,0.010415010992776775
2021-09-05,0.036222989665486205,0.016532170943003768,0.01416482536249491,0.022216806689220717,0.041217198533532666,0.0492356977031998
2021-09-06,0.017372841164721087,-0.005971788941050193,-0.017384791920000146,0.145379934679382,0.06067860340872498,-0.017006666905776503
2021-09-07,-0.11668618261666851,-0.1339254691106614,-0.16962284628190566,0.05474003297566706,-0.20736258187944634,-0.1912937254271107
2021-09-08,-0.017552965928858206,0.018585477497661956,-0.008876152794399373,0.09643110935028192,-0.02638107230561982,0.005860536406459954
2021-09-09,0.007503649579212201,-0.021396179836424688,0.015066648754272641,-0.016468228187171873,-0.011890746521521786,-0.01649683916168011
2021-09-10,-0.03385083421309653,-0.06516529967132847,-0.04838673262273321,-0.04517775055132041,-0.029507276149087866,-0.05202310727507589
2021-09-11,0.007170959564001218,0.01802067583050709,0.009175513846407145,-0.003122911304484159,0.02202628997827863,0.005408792050316231
2021-09-12,0.018675103944809108,0.04107649122685121,0.027272203992284857,-0.02688866603002482,0.035874203771939187,0.03746366454215564
2021-09-13,-0.023845431156868973,-0.03553970977302178,-0.04219414214624155,-0.027690676223728526,-0.049313510106323864,-0.05927660992954007
2021-09-14,0.047173046597374216,0.044360311577683144,0.03737833702866787,-0.0648807020129992,0.029623567633495818,0.020151815437307912
2021-09-15,0.021209635319469546,0.05085716590548916,0.04021355457044122,-0.0005666257588566007,0.022012616377487935,0.028678737269862534
2021-09-16,-0.00800323656818104,-0.012691059324419891,-0.016363151445518268,-0.0417959766744064,-0.027592324427801754,-0.023703602629748778
2021-09-17,-0.009214083189828333,-0.048280061613189144,-0.042610851014032884,-0.03141619623337881,-0.0223540356737511,-0.007055434953484661
2021-09-18,0.02077136613693967,0.010483677933386986,0.01003311976826648,0.1368292418661342,0.008406550534752843,0.00498546940377846
2021-09-19,-0.0220032032815168,-0.031645421956531194,-0.005126338578991145,-0.10233158113903942,-0.025243876032655314,-0.0345734265892745
2021-09-20,-0.09371472997414354,-0.1115476716565549,-0.11530812720213396,-0.1402497544495047,-0.12881379351690023,-0.11104900347503933
2021-09-21,-0.054490852225822076,-0.07364405272892738,-0.055624782627812126,-0.06600076315039059,-0.052687723754781486,-0.03761127074578346
2021-09-22,0.06669051131367976,0.10656301735282846,0.09573243252885077,0.17472985501190028,0.13762627974472183,0.11106843536142033
2021-09-23,0.029900811262542855,0.02426669220503795,0.011803415724884421,0.012687714254902808,-0.0016958455857330693,0.0004453351220338586
2021-09-24,-0.04687874118217047,-0.07369519820941212,-0.07722183133189509,-0.07462636617043789,-0.05922783420033348,-0.07150843586975487
2021-09-25,-0.00327393879868255,-0.002324684052454036,-0.015328145694035336,-0.022312782936870636,-0.004246290881451097,-0.0038332581676615435
2021-09-26,0.011423896898211428,0.04603310581959574,-0.016147986407982103,-0.0030916476594769608,0.0038224722694705335,-0.015969369128518207
2021-09-27,-0.023763181042317418,-0.0447128426697441,-0.025019700961661912,0.005220792034159713,-0.02337406724711214,-0.02619373871663867
2021-09-28,-0.026952637413386934,-0.042124716846513546,-0.007479466431292624,-0.030909181874011708,-0.03196568865936134,-0.01615380911245346
2021-09-29,0.012059142038448096,0.01610542365492962,0.09912489832678247,0.022808990309004996,0.03737520093117458,0.011133718248455228
2021-09-30,0.053905577976211407,0.05133872477868343,0.05244846048617542,0.04425564915235023,0.028191856941311374,0.027303756172794107
2021-10-01,0.09396298154418624,0.09810539735495885,0.08410392864850838,0.13349602381627096,0.08915949297558182,0.08627653311087936
2021-10-02,-0.01058119005719298,0.023247937341022602,0.01319840040551071,0.04490377402948647,-0.006063249411057856,-0.018590424305799547
2021-10-03,0.01179354266560912,0.008807651981751716,0.00792914602036459,0.023395616153667042,0.018459708339048423,0.014990060380621837
2021-10-04,0.02104117710619458,-0.00923575503416948,-0.009804000096620856,-0.03440402817753199,-0.012108647730148312,0.08467923374716442
2021-10-05,0.04463737058465869,0.03737550299278515,0.036392777061032895,-0.015132165156335795,0.038943973148747854,0.04138521616285428
2021-10-06,0.07200634327060802,0.016818070473447688,-0.01641998122860492,-0.06753169747521112,-0.006850610017286578,0.00988736549983299
2021-10-07,-0.02804541125150523,0.003512812239617455,0.008243692208645067,0.002531400436566223,-0.00811458073833181,-0.045489831140775275
2021-10-08,0.00308548914159256,-0.006807846616126461,-0.04501167880540539,0.029383820699133003,-0.00394107669722109,0.005339918213571263
2021-10-09,0.018334387918285084,0.0032754531627249253,0.006420186123460568,-0.01279713378085513,0.08710539287838416,0.010595046136396648
2021-10-10,-0.005304699876692706,-0.04596576239303148,-0.04310594704586484,-0.06105907603518237,-0.021955926401416193,-0.07532476402966819
2021-10-11,0.05017267734198954,0.03677635511606598,0.02202732231829091,-0.019020825222996206,0.00105652413420009,0.010434877292579494
2021-10-12,-0.02598969495671528,-0.014405431106841837,0.07258521705760816,0.05083729487710279,-0.030920164941416837,-0.022305757514298162
2021-10-13,0.024172357303921338,0.03267284855359334,0.05815846392579458,-0.028501063525099967,0.02305758633821725,0.028342860800639903
2021-10-14,-0.00033230196825961595,0.04958951913336564,0.004027562413069003,0.013286111023535241,0.005395616999637232,-0.00043001505715304484
2021-10-15,0.07269990621610015,0.020411136536652923,0.0038006802507919023,0.08408526745916389,0.006769554183083621,0.006430890330290331
2021-10-16,-0.013004884546981205,-0.010139131794052639,-0.01850526059974191,-0.03517449172547598,-0.006152242994557332,0.013582551765868912
2021-10-17,0.010665774343540647,0.004400272314298231,0.010889399799268097,0.016244139849194754,-0.03580945269671089,0.0025263171331111355
2021-10-18,0.007795362977312687,-0.026843695583821218,0.029296926861797728,-0.018913689518217053,-0.010748346551433523,0.03957647570170603
2021-10-19,0.035964637291379095,0.03465846059629758,0.006577618781795369,-0.008565089114353264,0.007728440344200378,-0.008116927681576467
2021-10-20,0.0264183860137485,0.0707220817771679,0.026684421376355984,0.12612180362005926,0.04865486123249709,0.03758939142119723
2021-10-21,-0.05943124037142096,-0.026336598042769006,-0.06255896701994888,0.07508563545489386,-0.050948755893450486,-0.049889669502848996
2021-10-22,-0.024495255024330125,-0.020134782952406817,0.01768094891607672,0.0299409629830014,-9.186532549747862e-05,0.009034969057912675
2021-10-23,0.009814059457965237,0.04790505233930084,0.012852581565793999,0.007410449098006195,0.004491505786296633,0.026227042910467215
2021-10-24,-0.007115367573461971,-0.020557245877644018,-0.020181689862522254,0.02195691999875321,-0.010388509883295816,0.09309927297596433
2021-10-25,0.03593611946449075,0.03325489808536082,0.019357457382313547,0.03671741126135776,0.011942085704110445,-0.03884342584452369
2021-10-26,-0.044574653976376374,-0.021277423925354973,-0.014535139619113199,-0.048110852750541694,0.011259539637577125,-0.03532037012923663
2021-10-27,-0.03226376706842764,-0.052043650230062355,-0.06346540265012009,-0.07997182368765848,-0.10711776476069786,-0.07293632585683123
2021-10-28,0.03635095878154798,0.0887568356219197,0.09192093081935654,0.05755582704652305,0.061298352834136156,0.23093155701370552
2021-10-29,0.027321172837900806,0.03052996993308751,0.07516744034179022,0.025214179649139943,0.02298736988391593,-0.039127290757195836
2021-10-30,-0.006357458874696461,-0.02201295305292249,-0.0037785799728142166,-0.023782393763306445,0.0019380745303153154,-0.06894330396358257
2021-10-31,-0.009084092793678443,-0.008239408555731414,-0.007028236737496669,0.03410762820914745,0.0256681062022728,0.040078223567410524
2021-11-01,-0.006360992003154558,0.007487277385632659,0.0496430581628645,0.006939174969231418,-0.019326464619234623,-0.030459207484708574
2021-11-02,0.03720496031871912,0.06073260953753246,0.005607322280055546,0.07971821243058132,0.03899164431709487,0.008432680584491384
2021-11-03,-0.005130348313391929,0.00292824066767199,0.024938948347252146,0.09723502904300908,0.06415845949691354,-0.018423512994213537
2021-11-04,-0.024161638804099172,-0.0155503496356356,-0.017212739757842335,0.01508877823326989,-0.008048166237794856,-0.022185531097054307
2021-11-05,-0.007486048650989339,-0.012897444774280788,0.08341024643842634,-0.04558568728634691,-0.03587410337588003,-0.008016840035081726
2021-11-06,0.008716661568431403,0.009732913144382904,0.04884505041769643,0.09057754868904175,-0.006149601468449268,0.003443661333116573
2021-11-07,0.02890884809094554,0.020720103325595696,0.018488835526242295,-0.034483460727440726,0.058055781140473384,0.017418085190434772
2021-11-08,0.06504216884637133,0.04148751611907041,0.005985744216808349,-0.005703513874722304,0.04934435594177002,0.05655345945383256
2021-11-09,-0.008599071276880508,-0.015859355851561986,-0.028717534171584944,-0.03784568214334925,-0.019223785883340377,-0.029885212371671424
2021-11-10,-0.03133425720348249,-0.02212434718279934,-0.03346721755733807,-0.025206256865874157,-0.05468612071003383,-0.06922786150095715
2021-11-11,-0.0016685606442103456,0.01930357828813424,0.023019125046112563,0.0012005318082142491,0.019964063485582075,0.020163536945983412
2021-11-12,-0.010117196545531833,-0.01141047666102849,-0.002389868101543306,-0.02117649773557294,-0.02156170940035309,-0.004617168648803059
2021-11-13,0.004011920193832118,-0.004550081214127238,0.03541579783073153,0.055793395324343624,0.0007570978279620176,0.007683479981948059
2021-11-14,0.01753867731607232,-0.003835712162146753,0.0019995392342285136,-0.012285934269070197,-0.0010937698284487513,0.005724114083888643
2021-11-15,-0.029622263612827583,-0.013649415199348564,-0.026468928088062327,-0.001845483285293318,-0.013475351158535997,-0.023874834428919363
2021-11-16,-0.057394191714532264,-0.08074558856416793,-0.0738167312226046,-0.08385629538106094,-0.07464631603715334,-0.08157024424954841
2021-11-17,0.004750691928607092,0.018368141946262656,-0.018342847361838256,-0.00045664186372749527,0.006962923229896239,0.003798274243580003
2021-11-18,-0.058927885424531284,-0.07025472023755505,-0.08330638986345816,-0.1157468803762619,-0.051230828473497664,-0.07248916777262744
2021-11-19,0.020195240460608506,0.07187661429380714,0.0884832780429919,0.09874930400769084,0.04564601194340138,0.05335186248735506
2021-11-20,0.028114513307780045,0.026970956981331097,0.039320006515601504,0.010996229818135504,0.006679807058338399,0.0004292766754053381
2021-11-21,-0.018347414213866074,-0.0354942639726857,-0.03416978053928571,0.05749787231761041,-0.0367831938426413,-0.03271829462296751
2021-11-22,-0.0413544874234942,-0.04131321373002092,-0.04321498100068481,-0.06691578967367047,-0.020552269547500487,-0.026967926427507
2021-11-23,0.022746522987712518,0.060186153304300265,0.05529920600278164,0.02817216541977319,0.02921930448862843,0.03183411607867993
2021-11-24,-0.007027959623695437,-0.016281374425884006,-0.0013543255836802584,-0.07513182453077741,-0.03192723651088078,-0.04328899505344633
2021-11-25,0.0313908838384089,0.05812049432818608,0.07943005440959254,0.020545866710646475,0.010788006763764221,0.01781275688561196
2021-11-26,-0.09295843321180253,-0.1130427498597328,-0.08452517412776235,-0.08728418043643953,-0.10538180561641813,-0.09142457422885802
2021-11-27,0.0183411757514558,0.013295855296929508,0.021227212130573596,0.0016616474900229378,0.006155171719858136,0.016236519047640573
2021-11-28,0.04561403694585218,0.04756279890436802,0.018824862375632207,0.04041929852745026,0.024558421119586477,0.011644964196879834
2021-11-29,0.008715658399547181,0.03427379481970036,0.01960053029855705,0.01679964407448739,0.021547936085446515,0.03647100868592878
2021-11-30,-0.014394268550105557,0.04093889543660272,-0.0014447389943739687,0.021521842755425024,0.008550929824593864,-0.001396323242927416
2021-12-01,0.004091840063051094,-0.010270126445922146,0.00800004266707637,0.0971699647883104,-0.008449904416617818,-0.025473075432781246
2021-12-02,-0.012382750098007033,-0.015777485369650516,-0.012185496298065299,0.016357370385257298,-0.018659730797744273,0.0009551099102383413
2021-12-03,-0.05232395555977342,-0.06774264277089759,-0.04099676916224394,-0.09867628398713929,-0.053375589133827554,-0.046906497855838086
2021-12-04,-0.08664155778315352,-0.023637302670389607,-0.04538420632873028,-0.05327219916850644,-0.08635033083539084,-0.11547205121073832
2021-12-05,0.004949030282182365,0.01905108203737565,-0.019176724023510925,-0.02135563405224131,-0.048997310726361244,-0.03951272658797431
2021-12-06,0.020946445463868552,0.035385121775086834,0.0518757708249256,-0.014718591821067113,0.02576829692774483,0.03670136685042796
2021-12-07,0.0029105975984963822,-0.009519380320032963,-0.015092037438520832,-0.017563969431548178,-0.012310472975029645,-0.007914117055990643
2021-12-08,-0.002330494560926045,0.02985589995078007,0.04807401750162701,0.022973983399504135,0.05580847192788107,0.01576609233867581
2021-12-09,-0.05971363822672122,-0.07759655003333575,-0.06287104960284857,-0.07189297441662922,-0.004533573588859977,-0.05689554993622029
2021-12-10,-0.008555687528783013,-0.05191342972413053,-0.03171475494343465,-0.078778162361916,-0.07134246138983047,-0.030014257808489403
2021-12-11,0.0466144194002914,0.047942715502466884,0.021667962054579635,0.028039770670004287,0.04883782974774364,0.028830825717709084
2021-12-12,0.013352652721007085,0.00988648301255014,0.01022215457277628,0.0037686665854225784,0.00011915400669449742,0.004725348426426295
2021-12-13,-0.06929737535263912,-0.08804294563350627,-0.09041249640912621,-0.10735581770686202,-0.07096925772992738,-0.07587736217594848
2021-12-14,0.034524176232671906,0.020171029867780976,0.01353561795952069,0.03823893059378272,0.03580559610782505,0.19359492066746967
2021-12-15,0.010733758816394861,0.04064752951085382,0.024318444935802094,0.10168267050419326,0.019432325495984587,-0.05435828277362582
2021-12-16,-0.025548202428183887,-0.015286382109833728,-0.02792273604249713,-0.009342180613480092,-0.025870381656729093,-0.042944451829741354
2021-12-17,-0.03202327139996514,-0.021112594579608644,-0.0013311782891865993,-0.007662437807990435,-0.010613822558391264,-0.02751124633591823
2021-12-18,0.015130173120065147,0.021572304313848916,0.015858365189134742,0.04058722250445681,0.03648420421512036,0.022301393741467588
2021-12-19,-0.0032775271061218484,-0.009079129396085642,-0.007708978668171298,-0.015715357479628163,0.010594849888191168,-0.016974361315929987
2021-12-20,0.00497739217481098,0.005233291944611535,-0.011007892516927065,-0.03408746500419002,0.05226288406376394,-0.013670346616605928
2021-12-21,0.041250873237454126,0.017445107992705444,0.008172619849227802,0.032418758420506955,0.07328764422022607,0.021315194199046934
2021-12-22,-0.0061905422711137255,-0.008666922744595622,0.009982190431144006,-0.006870959634835216,0.0073669034500211525,0.013383964697384032
2021-12-23,0.04528015945422746,0.032607339228882204,0.028451946908116525,0.06315373428735732,0.04148864863323276,0.06706423058054584
2021-12-24,-0.0003700613889668522,-0.01594832381346089,-0.012647955243238123,0.0017350618196435399,-0.08674621109938178,0.006465539764641811
2021-12-25,-0.008305548869195585,0.011907490847253626,0.009729310340286124,0.014291173181558956,0.014918336238566346,0.024404394171219323
2021-12-26,0.007429328815574095,-0.007665765703513949,-0.0018284883499983778,0.024098784593515884,-0.005636260314198102,-0.005254872838358697
2021-12-27,-0.0014594452777345129,-0.0065006234506166825,0.031170886830949207,-0.010877407237977223,0.007472014838700836,-0.010060979756407736
2021-12-28,-0.06430418312979821,-0.06246746360159126,-0.0537518944116688,-0.09847355691315453,-0.08484618477904396,-0.07742948505918232
2021-12-29,-0.02295810578396181,-0.043806361141283154,-0.03757474540175632,-0.038458540337679224,-0.041238013712081203,-0.03451644195697833
2021-12-30,0.01402397902343454,0.021550103255039157,0.007744472395477762,0.01101570224046885,0.02597234834600046,0.018284201494888803
2021-12-31,-0.019369821492674983,-0.008947321214971451,-0.013787964812495813,-0.014773559988964026,-0.010669645066422723,-0.004686593229505139
2022-01-01,0.03205994678177879,0.02400350671726048,0.0306175836793378,0.05198133341533155,0.024995350311598986,0.016885408459692122
2022-01-02,-0.009188052743592882,0.016521726756629256,0.006992374705514876,-0.015250288523948935,0.009243615808621685,0.00747774551414705
2022-01-03,-0.01792557472959721,-0.016428782919867397,-0.036632727778401354,-0.035790255735146194,-0.030990061270980866,-0.024363153973839164
2022-01-04,-0.013309745191831738,0.005090727455432364,-0.009815547985233925,-0.01438447864435282,-0.011599936740677292,-0.011219485860416297
2022-01-05,-0.0533458970167032,-0.06677027114101414,-0.06689547557023087,-0.08197238450448127,-0.0629517075466212,-0.057437899587994785
2022-01-06,-0.00852438625717462,-0.03852830782695031,-0.003168905155265239,-0.027956410857066114,0.008377957104631538,0.00564441761967691
2022-01-07,-0.03581839879060997,-0.06286308798825013,-0.05323294296071009,-0.09640887978666712,-0.020357267025683107,-0.031123502920661825
2022-01-08,0.0027210861918856148,-0.03767529061248328,-0.04146379828986157,0.04085424024440156,-0.024129501583695995,-0.02680775114544333
2022-01-09,0.00442591939892638,0.02278966319823475,0.020263184669932564,-0.009330008307761924,0.010412589072460232,-0.0026542815848728286
2022-01-10,-0.0010068457032168852,-0.02222830567176738,-0.03243277085294279,-0.035857535327831105,-0.01755018586838833,-0.050419397626525086
2022-01-11,0.02145040043967803,0.049687557804675944,0.08763907414637134,0.031445030837333694,0.040265007427414866,0.07210937050913832
2022-01-12,0.027090276943410884,0.03979965540945987,0.05088337431622317,0.07758165477125442,0.03620535656442304,0.056869396496896325
2022-01-13,-0.03105748088409937,-0.03952497803790752,-0.026169717733384834,-0.03608656300867235,-0.039195672775671056,0.05322631433498979
2022-01-14,0.011676133382902501,0.02040684557339173,0.03066962305623712,0.00020526153812966524,0.006748014186503724,0.06482968433660016
2022-01-15,0.0005648665034966843,0.005613977894932952,0.00914175995809451,0.010006550260596473,0.007601660002636547,0.007071011240552042
2022-01-16,-0.0002931892710942959,0.006246161427139561,0.008257020026690712,0.0023002513356070436,-0.0008988764650171609,-0.043762175310722226
2022-01-17,-0.020406631301085873,-0.04186044046482609,-0.04806840304102245,-0.05686429969769481,-0.021687753493052776,-0.03339400681539018
2022-01-18,0.0035598699462948903,-0.015643570001207946,-0.008028777546404438,0.010106128288490895,-0.014280290272904237,-0.03394193042838726
2022-01-19,-0.016476803005825883,-0.02429061735337126,-0.02035857306547108,-0.04319404036160986,-0.017193170329831572,-0.022046208263371028
2022-01-20,-0.023782735226194826,-0.027128440411799574,-0.04811924834419834,-0.058694876839465344,-0.02496700330074942,-0.03914641250806987
2022-01-21,-0.109946159879111,-0.15591970501576202,-0.13684706708560937,-0.12752335641643756,-0.12265667894508388,-0.09023614598864435
2022-01-22,-0.038426226985850784,-0.06265489239063485,-0.06901147769584376,-0.17188365910559766,-0.0652087624495251,-0.06327082605970813
2022-01-23,0.032902471390134344,0.05124333832710833,0.06901147769584373,0.05394473706780099,0.05177088732825319,0.0625658559917383
2022-01-24,0.011406764386201865,-0.040067227918663954,-0.033371740823717536,-0.08194034455722803,-0.02661232769209823,-0.03224930132410182
2022-01-25,0.008095001638556682,0.007978613695370262,0.03649267963782888,0.02936974226513644,0.01008302574088761,0.038576211708865354
2022-01-26,-0.004039173875103207,0.0016904319908573088,-0.02631038373302161,-0.027305085188315377,0.002101350486324418,0.0027991620796145524
2022-01-27,0.009483987687842301,-0.01585386083831807,0.0386976389007099,-0.02874172406963683,-0.01710000139653903,-0.011950933099932903
2022-01-28,0.014863650295472364,0.04860452251916326,-0.010312027444978562,0.020238456874005228,0.00377080535339359,0.0
2022-01-29,0.011867820497437117,0.02193457311118982,0.008771986072837041,0.051112634320871805,0.010256500167189061,0.011251876797434847
2022-01-30,-0.007497346048860223,9.609637320470698e-05,-0.03157470385710763,-0.02998852110485504,-0.026423134022535884,-0.02765153133051001
2022-01-31,0.015328401493649993,0.03224560944220077,-0.007717935848919129,0.06434421562839865,0.02642313402253602,0.017106618153895057
2022-02-01,0.005901665736712944,0.036645271460084596,0.026105635424072994,0.10060503084604372,0.017659794313407178,0.0056377880125144985
2022-02-02,-0.04758689578779582,-0.038981507830389076,-0.04607391897321989,-0.07686651733605575,-0.04524775083223611,-0.03795657926768178
2022-02-03,0.01119163707773322,0.005502112974112725,0.014610649517434854,-0.0010802849074160444,0.01585761673333927,0.006547858971131017
2022-02-04,0.108176446956934,0.10537201641158946,0.07051378432765813,0.10130395462263225,0.07161153092118529,0.06933122371484522
2022-02-05,-0.004620724246786973,0.005879197444611901,0.03492730826103643,0.00998373800458736,0.015290586303244409,-0.006107925334269631
2022-02-06,0.02383682019847353,0.013956229187492217,0.01487551422278165,0.013360893860206866,0.02507363755211596,0.04655095766500188
2022-02-07,0.033849333356895696,0.02737322953394406,0.031875208530449034,0.019499823294811883,0.19734849975942226,0.07145896398214485
2022-02-08,0.004619787837026135,-0.007378007594245728,-0.06111493808024168,-0.035501563760227756,0.0525974712432679,-0.04453426061155228
2022-02-09,0.007458663819307352,0.0400170991623015,0.03635888633808793,0.004222013484173771,-0.007560173466085359,0.0081890221406884
2022-02-10,-0.019968761180241705,-0.05430033262362314,-0.01958037722610723,-0.07054264168454268,-0.05240136799708098,-0.0514914253527661
2022-02-11,-0.02612751026362113,-0.04832582784232587,-0.03609082014435364,-0.095187742164958,-0.08361343557591602,-0.04595403127868411
2022-02-12,-0.0036850036261710803,-0.002962498874057581,0.008959741371472022,-0.005922402889029968,0.07997177095412741,-0.0013840832659384526
2022-02-13,-0.003897169253580327,-0.016494300553863334,-0.014223571046571097,-0.032946150172779076,-0.020393827193699563,0.024625047305389194
2022-02-14,0.011402943760908854,0.0202114146526657,0.013727908087228473,0.03720966206448138,-0.005600860991486972,-0.015662560562955924
2022-02-15,0.046147405647282806,0.08307040769222607,0.06942246024494181,0.09070555854586312,0.060888896311079826,0.040355173153327546
2022-02-16,-0.015184910543850608,-0.019417593123566165,-0.011864743115073904,-0.035301186952600615,-0.017653441094644978,-0.019974032888377163
2022-02-17,-0.07962230741964704,-0.07666655802966413,-0.060039723864449876,-0.08542400429264557,-0.08425508950245401,-0.07250561479539686
2022-02-18,-0.013449303448535153,-0.0396394918488373,-0.007984074348220531,-0.03992241352179908,0.019318050844763877,0.002166848085090293
2022-02-19,0.0026164981129269994,-0.005718826867157603,0.0015018776289907531,0.015569242886771936,0.046722917126914926,0.016458332148831578
2022-02-20,-0.04314075292804988,-0.05261146152787277,-0.04921546720425049,-0.00604430654934401,-0.055820295520947597,-0.030993471767944862
2022-02-21,-0.03657756618202442,-0.020798397492321857,-0.06513424943300913,-0.08941927605817014,-0.10166317880726043,-0.06346540265011996
2022-02-22,0.032490750766217165,0.02623745180416111,0.048442909481343256,0.04039760361128312,0.026851968261418245,0.023893236822180745
2022-02-23,-0.025976966353583753,-0.021695636248493144,-0.02351777533038834,-0.020940111216631776,-0.03414552937445969,-0.03093827574538966
2022-02-24,0.028507874523143458,0.006371847961708061,-0.012108018037164629,0.05485709844502208,-0.0005743000875721343,-0.02545881335279924
2022-02-25,0.02300557006710982,0.06425320773330942,0.03749420442758043,0.0368031868579458,0.10048003433550291,0.027812678700127873
2022-02-26,-0.0026156608014754846,0.00395821683492336,-0.0034726894789726664,-0.02711437561248156,-0.025121331571650102,0.0
2022-02-27,-0.03691457135600522,-0.0603118862715815,-0.03707156583660855,-0.0523262769683087,-0.03980692649842822,-0.03752935433870037
2022-02-28,0.1352787146752529,0.10996053006015137,0.09402182909372753,0.15192936600104248,0.07911472245470393,0.0827304612683151
2022-03-01,0.028802692569624658,0.018782092086540015,0.03257779082167448,-0.010285459233550955,0.003834360526047177,0.003738322110607158
2022-03-02,-0.01196243454904842,-0.009801500906561036,0.0014669929281256688,0.02026757446152298,-0.0195806848395902,-0.007490671729157626
2022-03-03,-0.033333261588257904,-0.03920388433278596,-0.01650487029266616,-0.051565167069157786,-0.02262956716205729,-0.025125036899355548
2022-03-04,-0.0810549423019875,-0.07771008924118722,-0.07315309936570197,-0.07941542066917226,-0.05301063468520406,-0.05629706782028721
2022-03-05,0.006347843793420254,0.016284817772527285,0.027673395918260263,0.014723502840485186,0.0563317935001311,0.019386713800190084
2022-03-06,-0.025114798426121913,-0.043661227604156416,-0.02553778378783859,-0.05811049157513952,-0.03908279163040911,-0.03500560919881529
2022-03-07,-0.011328919506856962,-0.023866705063867934,0.01482292889163843,-0.035015307902701145,-0.0074751178637883975,-0.03370158881097555
2022-03-08,0.019360439473765596,0.03349375366749058,0.0020997383042694736,0.008049805634364372,0.001388503416636676,0.0025673955052459545
2022-03-09,0.07965003732031377,0.05696860755825763,0.03046969510669291,0.06740430880181372,0.0606980771127989,0.0377403279828469
2022-03-10,-0.06195676107004793,-0.0451097162386842,-0.05542453399986495,-0.06074528546665663,-0.03955505997853392,-0.038595394302580306
2022-03-11,-0.017720645144228633,-0.0193051103831143,-0.00026885334212228514,-0.02690635591206812,0.08686419412597812,-0.01204833851617448
2022-03-12,0.002006528401358036,0.0046589206451485956,0.0013435444718876187,0.008762783624660847,-0.02165513300886239,-0.006950505826523302
2022-03-13,-0.026900467390317852,-0.020907644329557794,-0.029983167244783848,-0.033105265377167965,-0.03299348362662749,-0.02919269664214139
2022-03-14,0.04892031687140569,0.028898831069852558,0.03266485294949417,0.03113724506177593,0.019023374977692534,0.02219354295995273
2022-03-15,-0.009905884169983963,0.010877479473803332,-0.004563153804415777,0.019749514269231834,-0.011814483413763009,-0.011479154747546409
2022-03-16,0.045624811430510115,0.05791429638892648,0.03619467867705951,0.05780872007664278,0.03364467309728914,0.039186554898081524
2022-03-17,-0.004781075985047464,0.013645697645398072,0.01646974953017446,0.00034174403704472194,0.0020184187500969035,-0.006855211079052857
2022-03-18,0.02031169524144141,0.044174642881809834,0.013688426660577107,0.022523474667082922,0.0037735893836394877,0.02379041683663574
2022-03-19,0.010567682574771557,0.004047708658660071,0.006774583681755121,0.027567502693906353,0.028345235762667606,0.03708706866233605
2022-03-20,-0.022502352481311442,-0.030785849641907954,-0.023018595684144896,-0.04079491223071665,-0.01686090032962049,-0.03708706866233596
2022-03-21,-0.006317702205992036,0.009962856753148086,0.013218291085852797,-0.00033858134740245285,0.03847096442723605,0.0008392782699949171
2022-03-22,0.03267507037255884,0.027173850653313385,0.020742965392244746,0.020557086328447827,-0.0008363702022881856,0.026491615446976285
2022-03-23,0.012167866742905374,0.022100126186770305,0.010089909643785323,0.04814225523327835,0.0011946005482289614,0.05870043419176392
2022-03-24,0.02552564380828476,0.02432620979389752,0.014101862670973337,0.0753868312849201,0.0061890223737068204,0.05252520091846062
2022-03-25,0.007286174227543661,-0.0027748734185679743,-0.00946034951334337,-0.03703389566199753,-0.022680518608489637,-0.04485056616535179
2022-03-26,0.004460717136023095,0.013721694243691004,0.013315775975772156,0.03125098319706729,0.010624269920229424,0.03898544671295381
2022-03-27,0.05073377393082759,0.046789526935948046,0.03474294844387284,0.05088035157426138,0.029930666246188706,0.06269859421556398
2022-03-28,0.006268250306015814,0.01124537954894856,-0.0006971070341558323,-0.01212477845353099,0.0070844033593913955,-0.016011480242910915
2022-03-29,0.006611696768465159,0.02007662373594018,0.009255040610561744,0.05402242743390026,-0.0074341148509776975,0.013245226750020723
2022-03-30,-0.007762984396878372,-0.00433815866831539,0.018030843388006163,0.07920158935030763,0.004188487798751994,-0.008344971932180647
2022-03-31,-0.03365359925692603,-0.031283579391062265,-0.03031230930936285,0.016010851482153348,-0.05550019144247716,-0.03626419411129879
2022-04-01,0.01684575714059203,0.051579554534772795,0.042899573724085066,0.09140020067932032,0.015708085538699283,0.02290722927523545
2022-04-02,-0.010261073071446306,-0.003316435323907816,-0.02373260894453632,-0.015205715992037105,-0.0044802399818784575,-0.018571962369695997
2022-04-03,0.012933614904539842,0.02243665456009444,0.029745320523097172,0.03274356141437129,0.02303364787762613,0.055394462131765264
2022-04-04,0.0037243614415168034,-0.0006845220187730097,-0.006236100387710334,-0.03538876569266367,-0.020609404266119805,0.012877168790202988
2022-04-05,-0.023523734948063195,-0.032489730525075915,-0.006500078921119427,-0.04069902644923265,-0.011690342585288279,0.15097102690987863
2022-04-06,-0.052501781655002897,-0.07256775769697918,-0.05690711934131436,-0.11621769723849468,-0.07224410889986226,-0.18661565031850663
2022-04-07,0.006320429156202368,0.01835034370763697,0.037149465173697854,0.047798927045531,0.03569498311257694,0.017981120694613686
2022-04-08,-0.027825199218427053,-0.010841936976364482,-0.03382246590712416,-0.07499134148550414,-0.04177001500282533,-0.02428145655086454
2022-04-09,0.011810129932037259,0.020518596261411837,0.012027028595340206,0.027280945270892618,0.009623698294180543,0.012561225872973258
2022-04-10,-0.014017429746878484,-0.01718808999540962,-0.020126167674730893,-0.01687314056590325,-0.010418821580174674,0.0273614880111378
2022-04-11,-0.06437336581826365,-0.0722643104524599,-0.057848044774004376,-0.10829590419966376,-0.08216613249263537,-0.09997692257435374
2022-04-12,0.013679940298762482,0.015953995545066883,0.047026729605704344,0.034997903741216224,0.028938189492354546,0.028667894869572063
2022-04-13,0.02641901842530263,0.029491523824412797,0.023418035506545355,0.01652612553798464,0.011123585218662302,0.013674196514230685
2022-04-14,-0.029732304130666604,-0.03136932206332718,-0.020761991448429128,-0.040548065966254605,0.004139649902268725,0.029579621334040948
2022-04-15,0.015144719601020222,0.006129463284808756,0.006250020345171326,0.005344430773274974,0.07887684814412411,0.011728316569081338
2022-04-16,-0.004279969331170057,0.006144422645443129,0.0,0.007375752570239297,-0.006383272025476693,-0.015900784374882147
2022-04-17,-0.017502763604226226,-0.023561784234964658,-0.025975486403260677,-0.0188918135239981,-0.03771569871490154,-0.03042328729935657
2022-04-18,0.027909874843025737,0.02233853449045376,0.024776589244910774,0.021533822986836693,0.02365729990002257,0.007158226700170449
2022-04-19,0.01681929927737526,0.015010034412271363,0.013109471500740788,0.05863944953345225,0.006473352485900578,0.016272025108215443
2022-04-20,-0.0032586092287824916,-0.008329860832956325,-0.009278049189184834,-0.027278664813693294,-0.030396680586481328,-0.012712035588361861
2022-04-21,-0.02146219513885801,-0.030519133695049935,-0.03279778971259775,-0.03675004865773639,-0.02546449482350274,-0.03250557040493141
2022-04-22,-0.019225876795201283,-0.007127546794771479,0.0041897781561308816,-0.012158504942025618,-0.02054252977748321,0.0007339449870750548
2022-04-23,-0.006761298356655494,-0.0099603565921431,-0.01361912841823909,0.0007953077265808725,-0.017140065575652765,-0.017765086005360236
2022-04-24,0.0002162457340772487,-0.0041099949724494895,-0.005750734688323929,-0.014010036019091605,-0.010827859030428686,-0.016566643947891275
2022-04-25,0.02443777865032932,0.02889050081606422,0.013697138559042013,0.01758111411231541,-0.007188070052416791,0.18270113546619082
2022-04-26,-0.05892887322404605,-0.06774948549478285,-0.04657890810315223,-0.05380320357955685,-0.07658598523397794,-0.13887681871618301
2022-04-27,0.02904130834995406,0.027829537040039223,0.013896260672793816,0.027415918889083284,0.015762959665257554,0.017291497110061043
2022-04-28,0.012822767969639432,0.01646824232146928,0.03958432629256641,-0.0012207529491595568,-0.01451762949186114,-0.018018505502678365
2022-04-29,-0.02925883015250115,-0.041646181874155655,-0.035249243639671995,-0.04454430460812025,-0.04975515980845028,-0.01909015389291598
2022-04-30,-0.025328630177714796,-0.032641219258456255,-0.04129920760494975,-0.10458034610869746,-0.045321693142784204,-0.05720202007564708
2022-05-01,0.02201296126766681,0.035363688743625235,0.03337989172424011,0.057958965081889954,0.03777201014737504,0.04075919820009874
2022-05-02,0.0014757090645608362,0.01116999653563879,-0.001026430677748632,-0.02460898540033575,0.011954617110383458,-0.014421502315063632
2022-05-03,-0.02088383006942929,-0.026548850637668365,-0.014481763304050974,-0.018920730567154233,-0.015750940890714462,-0.009988557883505807
2022-05-04,0.05067156251954114,0.05556499313764938,0.0475614111989392,0.07740524886876546,0.06591222575925992,0.04823844001750541
2022-05-05,-0.08233682535055205,-0.06776478746508298,-0.06199167602796797,-0.09313511891732425,-0.07688672898791582,-0.05832777667052828
2022-05-06,-0.014861076122788424,-0.0202623449546493,0.0018481853445660472,-0.034179018891445694,0.0068316519971221385,-0.0031250025431352776
2022-05-07,-0.015146717920837932,-0.021587906387850193,-0.03653374333245607,-0.0351350454069291,-0.03618315253704709,-0.0023501773449535156
2022-05-08,-0.04126534832558704,-0.044868390391330004,-0.026616486673686317,-0.04513214061049174,-0.02545909083278701,-0.02702867238791926
2022-05-09,-0.12375148039084222,-0.12279266576677982,-0.18395255740860125,-0.19283028177959732,-0.1500674228283388,-0.1970957519818823
2022-05-10,0.03080084662153245,0.049675464452423136,0.07480729817665226,0.07348726107479088,0.05139589532130906,0.0581392868955405
2022-05-11,-0.0636651051045502,-0.1162625551455644,-0.16154239391020783,-0.27333604357770586,-0.20671012204415215,-0.2359567726265862
2022-05-12,-0.00255239398280821,-0.06170734723479563,-0.009250759772150998,-0.13123260548342153,-0.07876516039022687,-0.032164773970700944
2022-05-13,0.008824272580558484,0.0249237694793723,0.07723637153434341,0.0915559927459161,0.09209869125969211,0.06446285241520136
2022-05-14,0.02693910433173367,0.023015302058914555,0.0214476306335315,0.06929263576546986,0.008009465668434189,0.01464814923733455
2022-05-15,0.040456131904645545,0.042278957997049504,0.050889036195816806,0.1151729822919231,0.05010770212758062,0.04162703951207723
2022-05-16,-0.04755180340819563,-0.058366988252162674,-0.049879105121926774,-0.08956435259121344,-0.05740786406607558,-0.05741090721333916
2022-05-17,0.018930606202495235,0.03260075113412737,0.029833170379979287,0.05831450719937489,0.034610352650424496,0.02580064594473347
2022-05-18,-0.05848869957421896,-0.08773344202251154,-0.0623202126660811,-0.132780058972008,-0.07685145809947264,-0.08068891125014276
2022-05-19,0.05435138641776955,0.05309965208226872,0.0652551568892746,0.0444604703760752,0.036077027136029276,0.038851266395592485
2022-05-20,-0.03757886695618367,-0.03039973902804933,-0.016084377608137652,-0.054524967569725136,-0.025043447014989135,-0.030483016725075765
2022-05-21,0.008322856374715153,0.008128865472563522,0.03319536812689158,0.017646337184359404,0.010671942177336033,0.0059347355198145265
2022-05-22,0.028421538420796314,0.03390847123771363,0.022159817815381268,0.04222828013260626,0.017458293469324537,0.016432294627081432
2022-05-23,-0.039895134769211214,-0.034794908552463054,-0.006911746020219111,-0.06514846321198552,-0.040150495670145864,-0.030735279817412784
2022-05-24,0.018564024573910418,0.0030814170554417973,0.034395334746854106,0.010117447695411024,0.008355910008993486,0.004790428322632518
2022-05-25,-0.003798525195082192,-0.018756095416388646,-0.007951112225359236,-0.03461687170771067,-0.006383522781789017,-0.008398369698831606
2022-05-26,-0.011603116040031471,-0.08058207055617697,-0.07224390677281863,-0.09940358178586849,-0.03509131981127017,-0.06341465491989547
2022-05-27,-0.0197668076759755,-0.03691852711164214,-0.004631169375568102,-0.053670839843866586,-0.026103045558992014,0.04640330909335882
2022-05-28,0.013927458255286653,0.03691294745507008,0.01937345111277156,0.07214553567212512,0.011455475440764881,0.0024479816386400372
2022-05-29,0.014932730664861931,0.011880800673498414,-0.005543793751610602,0.01636257507723099,0.007222110318272425,0.010942358420944227
2022-05-30,0.07408727158891816,0.09720111888622697,0.05099894106332089,0.048599585126197296,0.0733182930345897,0.062117212448560805
2022-05-31,0.002103399738536469,-0.028870119196813194,-0.0028006864424716996,-0.031188676991816076,0.007139487727416636,-0.024036577828241267
2022-06-01,-0.06479498169315473,-0.06595738261063266,-0.06601462822583151,-0.13200317488358934,-0.057842155468076466,-0.05823398846828003
2022-06-02,0.021468021186670065,0.008833500757757908,0.02595841500212504,0.018281141524050342,0.018668868271030013,0.02099942871561933
2022-06-03,-0.025017916656657774,-0.03267496710853838,-0.03196844978701459,-0.06497925472125843,-0.03794901901653019,-0.03042059670071174
2022-06-04,0.005500964525962497,0.01645985145239517,0.009001561031165553,0.018634079544892792,0.005364682683525608,0.019487543191764177
2022-06-05,0.001845667997686214,0.0009139224245239042,-0.007328480500353211,-0.012384059199721555,0.007108433080176658,-0.009819644388740991
2022-06-06,0.047450088834951915,0.029248662366728604,-0.013463683687008586,0.09573489843462094,0.018298542903051447,0.01748531434101955
2022-06-07,-0.007928880711022794,-0.02532552855691377,-0.01639941091830956,-0.07543354593077677,0.012342788142878732,-0.02590850300076585
2022-06-08,-0.030022098209930834,-0.011899585937941203,-0.006219785082429999,-0.012285795690193115,-0.01732287811685183,-0.014030043490805045
2022-06-09,-0.00314484124646771,-0.0017147537219068558,0.004840949979455474,0.02868581003677694,-0.0009990010820849066,0.0012607162537197289
2022-06-10,-0.0343959202434377,-0.07298151461854453,-0.012146600841119288,-0.07237696947119195,-0.04785357142512127,-0.05144582287917361
2022-06-11,-0.023200611947273582,-0.08141423709847077,-0.059337915062531534,-0.09120240551302201,-0.05828463563952667,-0.07517989850783495
2022-06-12,-0.06730524721449922,-0.0661014978485426,-0.057572596325950604,-0.10297282583881767,-0.0472215146213386,-0.09598250643733361
2022-06-13,-0.16699764123151092,-0.17058175652519614,-0.1333071522378895,-0.06792003513151418,-0.09624274383997014,-0.15883132683284146
2022-06-14,-0.01573183286725236,-0.0007607329863464822,0.0,0.034029748586311255,0.03032449667973612,0.024602607640038635
2022-06-15,0.020005528538409763,0.023398521720463156,0.046438479493953196,0.161030833985073,0.06679173680668807,0.12346741895061751
2022-06-16,-0.10163017824163617,-0.14685358116920716,-0.10555079251122129,-0.14327789746549835,-0.09263622599345235,-0.12924465112316022
2022-06-17,0.0033031496542327322,0.01711061304646468,0.02629259438118371,0.019398931521038155,0.024599159013367816,0.02961329484945996
2022-06-18,-0.0760018363469714,-0.08824830591513726,-0.0911483240860459,0.04177237311583761,-0.04296603588344337,-0.07271623989830235
2022-06-19,0.08112771492687064,0.1257977979747236,0.08789930753569583,0.06557249608264121,0.05964853584337944,0.1337440354208679
2022-06-20,-5.346568195921985e-06,-0.0002570044812685736,0.006487511168860225,0.030248597416768937,-0.011400524032035932,-0.007469534272900554
2022-06-21,0.007246490991842595,-0.00212059047831573,0.016491441089871432,0.03293627323148307,0.020549718685623976,0.09209396245580664
2022-06-22,-0.03613769395083157,-0.06956720574305485,-0.026238559335768966,-0.06523435167598364,-0.021790028922147896,-0.06448787155668552
2022-06-23,0.05462142687846785,0.0861889654358654,0.06544179776187407,0.11164203510698778,0.04103295582204826,0.03628660361002983
2022-06-24,0.0060244133369918825,0.06779710477768376,0.04818668268736209,0.0939987042065141,0.08939091410289507,0.04522616126180873
2022-06-25,0.011865650317023644,0.01405562618985872,-0.0020837682055445464,0.0073695804831943644,0.001088731735196434,0.02332897767273856
2022-06-26,-0.02130943009010775,-0.03653460440968186,-0.024494467850205287,-0.06938206543735995,-0.02311605405348736,0.0627856723101568
2022-06-27,-0.014146025460121855,-0.004417862684769171,-0.0004276245521652586,-0.02233439005288962,-0.015430240216609666,-0.01102547001170771
2022-06-28,-0.022488841996465433,-0.041485731193213714,-0.029956657252171965,-0.08587919458734312,-0.04688358589885038,-0.0877171288967275
2022-06-29,-0.007834849739538354,-0.039073527621807665,-0.032246412395231634,-0.03746835974706055,-0.023685712277267904,0.051020942628441535
2022-06-30,-0.009025345538186133,-0.02689894218423035,-0.0004552697551889003,-0.008553362867765008,0.007556330347384234,-0.04589040474098809
2022-07-01,-0.03378067520510561,-0.010587969793218431,-0.012371291802546829,-0.0276293851435287,-0.05636166453479304,0.0
2022-07-02,-0.001400891578015631,0.006846185649962798,0.006433845723069494,0.015710292906318486,0.0054011251238112274,0.0034557918848743692
2022-07-03,0.003267942871976135,0.006771708102821149,0.004114291517962104,0.0008988764650172506,0.018521954705955048,0.00806696935190601
2022-07-04,0.04657331482099153,0.06899907728999789,0.054595318452428446,0.09479274355317974,0.022147936992499697,0.03177659555972896
2022-07-05,-0.0030129284649952903,-0.01620355136469359,-0.003028338892344175,-0.03633737736901421,-0.010705102996518213,-0.032520809332263624
2022-07-06,0.019081421173606727,0.046639213828519155,0.033236975029871184,0.04528658963824995,0.021898685307637524,0.018879616814652667
2022-07-07,0.05028235345384914,0.04201834241640652,0.01166679899961538,0.03762033038265512,0.029056298476800097,0.030364229274830297
2022-07-08,-0.0013988983702488548,-0.019131493596315344,-0.002903963874404889,-0.008879661374632447,-0.005861681496331754,-0.021345986336976798
2022-07-09,-0.00013522719346830976,0.0024516067004322632,0.010743905000450802,-0.0015752169179978437,0.013430858827776662,0.005919312742943468
2022-07-10,-0.03436315139820555,-0.04080419162975006,-0.035987146932499166,-0.03611466435926051,-0.05760207714091406,-0.032031989040096936
2022-07-11,-0.04404073474684607,-0.06356897064785066,-0.039544583233074,-0.09389467434149527,-0.032155103664899945,-0.08576904015660614
2022-07-12,-0.032317491445751946,-0.05417768989552516,-0.022412412804501753,-0.022391253175445627,-0.011487043987130812,-0.03175392230628463
2022-07-13,0.045813728987704215,0.0710000093611134,0.04389975561730119,0.06686903471410835,0.03809684693560539,0.03482612134325489
2022-07-14,0.017341827629275455,0.06796872989362288,0.034118447891692744,0.06133146645785769,0.030724850295536045,0.008360177309875767
2022-07-15,0.011646994153803221,0.03120677869845652,0.0,0.005636842196873773,0.001197604933558589,0.007655539781328278
2022-07-16,0.01739743738897494,0.09639865042623087,0.046291287363081524,0.057723326813777696,0.04762109031335129,0.02277644991383153
2022-07-17,-0.018929091711402925,-0.012766920485781647,-0.008038628496435173,-0.024553663174051325,-0.020756006010998355,-0.02087168743317735
2022-07-18,0.07564984518217717,0.16642121490543102,0.06370585010804458,0.11945032554731891,0.06211423333759048,0.06892943782268435
2022-07-19,0.04207720104807247,-0.024795082040965585,0.01689546478605069,0.030548817440204563,0.02059135338353827,0.021235329692911333
2022-07-20,-0.007435482451242203,-0.013538507645356856,-0.039488805676595184,-0.06514787397914153,-0.025530990211201067,0.01624182307952138
2022-07-21,-0.003066708544995841,0.03479167709103766,0.02825693918973684,0.025133442750292806,0.009310034387662343,-0.0022837577724900103
2022-07-22,-0.02039295734074819,-0.025834684417970613,-0.012121360532344963,-0.061465847735189254,-0.025115160286617606,-0.037119464193051344
2022-07-23,-0.010358144626696868,0.008690236730156871,-0.01227009259181436,-0.014159968300621831,0.003905165353425681,0.009005744781170501
2022-07-24,0.005712112265188854,0.031168596984445608,0.008451836712001816,0.023734117781079544,-0.0016717752570121155,-0.007227703121453256
2022-07-25,-0.05783170787580325,-0.10337352078442748,-0.06642757793704947,-0.11044986217165113,-0.06450134019651724,-0.08686334945623835
2022-07-26,-0.002642042980227913,0.005764901377539924,0.01943380999286417,-0.010974047031976675,0.0029700051531851663,0.009481790603306473
2022-07-27,0.07684804868982513,0.12113882570088544,0.085272362438605,0.10417360466101297,0.06375974822175834,0.07233554042859856
2022-07-28,0.03806305270838894,0.05285344954663206,0.020408871631207033,0.06449191304173642,0.03955240763360936,0.027587956518828963
2022-07-29,-0.0029057065160629104,-0.001648192584826196,0.05747902942461238,-0.023580437066453155,-0.0161772198723394,-0.004642399168958814
2022-07-30,-0.0054933721401181045,-0.014438572055103257,-0.019952502287093058,0.045022180702780114,0.052936412335192785,0.012715096894070044
2022-07-31,-0.014922034485878831,-0.011187867057264347,-0.01540646719668753,-0.03457822154169671,-0.022683804065054828,-0.02294611276595467
2022-08-01,-0.001087168364516185,-0.028922339987396926,-0.0007059654370153107,-0.01666705248521176,-0.0002637478585775117,0.00556696427459762
2022-08-02,-0.012116250420426194,0.000386362038297038,0.0021164029063776937,-0.04568574417401443,-0.020520373603683643,-0.02860089740973096
2022-08-03,-0.007397292091435454,-0.00784843998302193,0.04714446025974223,-0.03191896145261695,-0.005128908530348971,-0.004671145387972024
2022-08-04,-0.008599709479179367,-0.006323406437222392,0.04694773163799166,0.007496480757355581,0.004051322219178724,0.01558550954519369
2022-08-05,0.030020061930577643,0.07708380245522739,0.013063751184363176,0.04334263681784596,0.014450345103789395,0.03736024750036145
2022-08-06,-0.01548490381388308,-0.0269666017680178,-0.0022183498243153873,-0.011907855913368676,-0.013103543553410715,-0.01704750906176682
2022-08-07,0.009546427689530375,0.005656514010153265,0.023825578412069823,0.013140141959633905,0.0018824800503364036,0.004941870522656578
2022-08-08,0.02705787086036656,0.04421467656389727,0.0064845062792607145,0.03817810844294161,0.017312990699598824,0.016393809775676352
2022-08-09,-0.028113039796074532,-0.04270422211195693,-0.0015401204337967482,-0.04485056616535179,-0.03083767616141365,-0.015379390443703839
2022-08-10,0.03414479115449657,0.08486304530864872,0.01347234094076712,0.05170233543990312,0.037942034419983235,0.0316491134025174
2022-08-11,-0.0008210750278983731,0.014259326281607759,-0.01594147799768815,0.00703897791363755,-0.003151263111989962,-0.005911347263057237
2022-08-12,0.01941760376984897,0.04069370138366628,0.013200498666265742,0.06143574664351787,-0.001579363318556011,0.020400316250086346
2022-08-13,0.0015436569219570487,0.012821631671543106,-0.011039670537330216,0.024327872249265022,-0.0042238711161850595,0.008675947831422651
2022-08-14,-0.005585632561017508,-0.024620648251884012,-0.02087628394029157,-0.03783112114370833,-0.006103243039664529,0.11330909686026848
2022-08-15,-0.008695085325241067,-0.018908493460727118,0.00596454444460872,-0.02596375667955415,-0.00159829549208157,-0.06395103458390726
2022-08-16,-0.01001393990872997,-0.011860097226792179,-0.010698654596017336,-0.014746811020150019,0.005052530360169189,0.12440280053289543
2022-08-17,-0.021700351923622782,-0.022863251068879646,-0.029536657595881678,-0.060769711264333795,0.006609409387673807,-0.07861274442656514
2022-08-18,-0.0065096914314182845,0.006596702760469762,-0.02909296094166455,-0.025482268144186786,-0.02427109406366031,-0.07063277132149541
2022-08-19,-0.10716790958304105,-0.13761329834110575,-0.06585886014174927,-0.09857968886932579,-0.1022456215614779,-0.0980433737135389
2022-08-20,0.014565304906857087,-0.020703711207068178,0.016347201272529158,-0.014910952871750854,0.0071514011576250865,0.02290566261060022
2022-08-21,0.017608426506096567,0.026355789690766056,0.062178494897987456,0.033173773681998184,0.02376523757462356,-0.00014424810699369071
2022-08-22,-0.005395740129964921,0.004027401605630431,-0.006313362056592033,-0.029495738696776585,-0.0026128625693969338,-0.013360640218900635
2022-08-23,0.00602345926973469,0.024772776244363897,-0.0023360597975477754,0.0075960415879964376,0.009259325412796945,0.006412146714833765
2022-08-24,-0.007508217623966096,-0.00532817631539061,-0.009736521436721551,-0.022390052513125876,-0.0046189458562945285,-0.013601672217638592
2022-08-25,0.008896998430986994,0.02300447243224016,0.016064602503806622,0.010832489049277952,0.010076377181089858,0.015633308382994836
2022-08-26,-0.06308249760374372,-0.11684400962412589,-0.07441448556608325,-0.10608534748131353,-0.028473742320805972,-0.08261923369381147
2022-08-27,-0.010102211978267828,-0.011416349436118464,-0.006098673611197299,-0.006007923209677677,-0.013948883237460819,0.0
2022-08-28,-0.024348306776797283,-0.044081137075116225,-0.00505051578606848,-0.03518194056348434,-0.03714277792025028,-0.0276176863244478
2022-08-29,0.03665548140456874,0.08400940813119989,0.03343127836587665,0.06301798331404507,0.03444937512485511,0.032800265651117474
2022-08-30,-0.023647029931174457,-0.017690026024654703,-0.015154475044378642,-0.029740805231214636,-0.02120006715030387,-0.036692583247657534
2022-08-31,0.011959497995954903,0.019171078486372013,-0.00855925339567006,0.0009528347552718458,0.0030562370977444396,-0.0030921987369752152
2022-09-01,0.004053614327647557,0.020419400908740976,-0.0032287023563722225,0.0034859803959389245,0.01634418949486503,0.016809834965774574
2022-09-02,-0.008961393513317224,-0.0068385310360521735,-0.0028787353453559278,-0.012094354932539122,-0.00511664020717157,-0.011931776512341652
2022-09-03,-0.006030619708257377,-0.011421180645425143,0.0010804971337541789,-0.0035284719847963665,-0.005142954914777129,0.017047694944576162
2022-09-04,0.008455521077103931,0.013912757808582676,0.004668710222033215,0.03287274500057455,0.006047795875321269,0.00825794751559224
2022-09-05,-0.010224944437388826,0.02409815462643991,-0.007913710365360526,0.0006216972534715411,0.0036111986279725597,-0.007620294058628486
2022-09-06,-0.052165052029039496,-0.03701619717846296,-0.05340534814523762,-0.04123641640766172,-0.035778162508372666,-0.06348728105541394
2022-09-07,0.02637676564806005,0.044529010395418796,0.06060221260176472,0.056960495579543816,0.04772216833990066,0.03471064296324552
2022-09-08,0.0013948813284810479,0.0032890636228218167,0.005720430329307797,0.02775442100089516,0.007982304024685095,-0.00016402854133391138
2022-09-09,0.10039623993986292,0.04942561276059681,0.04496314074613026,0.03105111795991791,0.04940694626866198,0.04631867110015756
2022-09-10,0.013403613252505489,0.03200983414051685,0.011184661587894789,0.010330077512463318,0.0014003643235098175,0.01260618981873853
2022-09-11,0.008213002469083833,-0.004525137444914798,-0.004729738546899039,-0.0011425308297988183,-0.005894753911349112,-0.015115207914012552
2022-09-12,0.02572898259027063,-0.028567792358462483,-0.004071943189927587,0.06767734522979442,0.012867310398417792,0.0037611703953610363
2022-09-13,-0.10449743036114226,-0.0863373482233775,-0.058459337679218286,-0.12623209014291095,-0.07860775475760538,-0.06946224488209779
2022-09-14,0.002630676354029713,0.039839805012948044,0.006825965070399891,0.03337616115699813,0.02640711225201761,0.025003372236643808
2022-09-15,-0.026289945533484776,-0.1065826509091404,-0.029798716446511185,-0.031257195629776836,-0.04614359621557141,-0.0425951655502145
2022-09-16,0.00513452781707948,-0.02673339668080316,0.013919638666580043,-0.025108483751919878,0.08547692832274166,0.031247292768345026
2022-09-17,0.0155486070502051,0.024068160773249497,0.015162745371076711,0.04338614613234441,0.05743990574891489,0.028373010393821715
2022-09-18,-0.03529045844411419,-0.09590198223450286,-0.047322234581265304,-0.07969637018893751,-0.0507058735675709,-0.07978818486892854
2022-09-19,0.006204388221696427,0.030602021244195365,0.021186445677413752,0.047717778007679276,0.07330867549219239,0.01897262842692424
2022-09-20,-0.03447283217250921,-0.039317230841676196,-0.02081085881853835,-0.037799283642312574,0.07314225503376294,-0.0023948010076833247
2022-09-21,-0.022158395968022992,-0.060087133912322815,-0.008674389673570473,-0.024493651168334848,-0.050530808647216,-0.02146525205462659
2022-09-22,0.049677183991239306,0.06275189983117246,0.04191230900224561,0.05645125793700631,0.2112848967039247,0.04164055704431657
2022-09-23,-0.005774921881411174,0.000595392882671749,0.00507247464431843,0.0372262684434332,0.041693683596280735,0.061670616050289194
2022-09-24,-0.019336170941039267,-0.007654005404383535,-0.008346990941150143,-0.008353270528970728,-0.038408259696483794,-0.0042697937882580335
2022-09-25,-0.0059966443373075,-0.01723018703557612,-0.000364497908172513,-0.031652064084728204,0.007963288636073786,-0.031063896292694015
2022-09-26,0.02210884264131569,0.031582372486728946,0.0065407209925513,0.04652001563489291,-0.04875965822839765,-0.0006541292138395798
2022-09-27,-0.00776312114359553,-0.006118201346611302,-0.01385871925639482,-0.03575564904773456,-0.04946303623698591,-0.010690012169356462
2022-09-28,0.01733860506675769,0.006888764382004825,0.03358322460417352,0.01608288344902953,0.0071540658353763595,0.0004959087629526466
2022-09-29,0.009162636565833372,-0.0011223765628838153,0.008838664576254835,0.02114747461099008,0.08290031692812058,0.005767503834594936
2022-09-30,-0.008658457767896248,-0.005239426192316352,0.0024608906776783803,-0.020244811694275586,-0.016122713851807184,0.013221444534576583
2022-10-01,-0.00576555882359139,-0.012823456073443866,-0.006693701230299265,-0.024662537854651015,-0.009421193938106325,-0.017667726046503858
2022-10-02,-0.013248299277497894,-0.027098327626368574,0.006342515976470501,-0.011783082065805183,-0.05824787342724274,-0.02202658715715079
2022-10-03,0.029588146889959064,0.03567562092116324,0.007697728703327139,0.02555951301955859,0.02987263637736984,0.017891957931168052
2022-10-04,0.0354700667521785,0.028609778234496886,0.03190117884637926,0.03583542594884622,0.036962576447272244,0.08723232263789929
2022-10-05,-0.008868076947532767,-0.0068467925900135215,-0.006775093666361247,-0.0014677824446384827,0.019004909952616247,-0.016230642625631037
2022-10-06,-0.009850292500254246,-0.0001035403401485927,-0.024777592407716053,-0.020178726214627376,0.009571399819147126,-0.02074471958278649
2022-10-07,-0.02180748428132239,-0.01562368726345552,-0.016511880500177465,-0.011456260359093206,0.048075719812599435,-0.017488522034351237
2022-10-08,-0.005757942171450429,-0.011804050032933833,-0.02112124336592893,-0.01220271395755373,-0.0013530493994265598,-0.011290442515692181
2022-10-09,0.001083975237505919,0.005798523794401447,0.006491187595827681,0.010381772634970076,0.029540023075150888,0.007594768670132955
2022-10-10,-0.015926855342589977,-0.02533466791518214,-0.02437814011535237,-0.029595254910795166,-0.0752498300370009,-0.04511052894487256
2022-10-11,-0.003763632670309744,-0.007719462178011686,-0.00036839197322140546,-0.03697043091854518,-0.01591870349516941,0.014545103035150615
2022-10-12,0.00499954855969873,0.011132157454090616,-0.0018439983097193683,0.01162053102301879,0.004105938841692,-0.007329701314298633
2022-10-13,0.011398838108565434,-0.0057020824489079506,0.002580646593491713,-0.021736460002384144,-0.01861095900402526,-0.002678722512540518
2022-10-14,-0.010282290815579725,0.0071148228207480535,-0.008133131708277647,-0.016201379338007943,0.019020627178538016,-0.016736084994620263
2022-10-15,-0.0056235623928088925,-0.016607478021246645,-0.004464293128685381,-0.013760915250037142,-0.013400880886843596,-0.0015354434476140771
2022-10-16,0.010100687533673864,0.024047313738358313,0.015905643255720563,0.019411586758851525,-0.010851525516129211,0.005788235431905146
2022-10-17,0.014783006060808625,0.01930027490231382,0.011311925036204927,0.03389050311171826,0.007941525541186625,0.018000317787267038
2022-10-18,-0.011442277457683746,-0.0156620450592596,-0.009112510659844131,-0.03455363310949371,-0.030862732755587874,-0.0036746324963011553
2022-10-19,-0.010583325769578811,-0.019740220320127733,-0.004035962183662117,-0.043728369827469596,-0.03362028062475994,-0.0182375875497809
2022-10-20,-0.004299657437842867,-0.0019628773350881907,-0.011090686694158173,-0.029894964073707612,-0.008696676508926882,0.012531916759680666
2022-10-21,0.006409961253210738,0.013306060811697405,0.004080881196730808,0.0032079870676830083,0.03282594542309938,-0.0015157897639096662
2022-10-22,0.0020839900038091583,0.010607134072841059,0.001110083370238961,-0.003207987067682948,0.00841701311094967,0.005881875624953563
2022-10-23,0.018881404774908718,0.03778910388395278,0.02049852154834097,0.0443430998210937,0.007493879412200111,0.011660968383187422
2022-10-24,-0.012374412787988572,-0.015208154818900862,-0.006907862408409835,-0.03404288444391894,-0.034504887700634604,-0.015522301141901909
2022-10-25,0.03808397301398036,0.08289831625036694,0.03618521235425999,0.0865990422858227,0.016641505133193374,0.058792439274137576
2022-10-26,0.033858406805051616,0.07033011482030309,0.02089212478708728,0.013837710745776085,0.018076670400179,0.14172532760536347
2022-10-27,-0.023206217347907374,-0.03380027292123538,-0.012133967560763266,-0.022952357179874535,-0.015907472152633724,0.05672243902779739
2022-10-28,0.014514910485440964,0.026307872841872658,0.03832148682991233,0.047574813204147304,0.027568793740608746,0.08689215195223063
2022-10-29,0.01052290170330112,0.04105228046823375,0.021584766268294128,0.024639373971064363,-0.00910540965343084,0.37278391311705555
2022-10-30,-0.008793615102669194,-0.01813762536979552,0.029456734085444653,0.00212733707336614,-0.02563966801068974,-0.033658027023270184
2022-10-31,-0.006651090639639452,-0.011223178506764802,0.03817735220921246,-0.011603183615154554,0.012794276227735126,0.07469024911564566
2022-11-01,-0.00034753441282134187,0.003674829676506621,-0.005541886104904235,-0.011118088583976936,-0.0010779347815334814,0.11351728939801896
2022-11-02,-0.016329943003790245,-0.03884472586553249,-0.011489025614669293,-0.04445176257083392,-0.030441417688935036,-0.10730926191627703
2022-11-03,0.002774058844848819,0.008310015519320951,0.028630553379947684,0.001622060371868051,0.011277068099719349,-0.04020200135295103
2022-11-04,0.04550026847944526,0.07167898833885042,0.07341403969754556,0.08954732676642542,0.1074691089535854,0.028222978764559807
2022-11-05,0.007107568128679593,-0.010881101073359998,-0.015345569674660421,0.08952747392865916,-0.026817696787276215,-0.013409092285500735
2022-11-06,-0.018661385830795497,-0.036739681791493305,-0.03289483024520287,-0.12328595385361375,-0.04586341679318119,-0.08097390312102411
2022-11-07,-0.015155708438383623,-0.0001211584020051137,-0.0026670633678824896,-0.09647578835321495,-0.013038551711807405,-0.03132999608863907
2022-11-08,-0.10453994878635704,-0.16110570303953478,-0.02890026541532725,-0.19468668478652734,-0.1355003816928494,-0.23119983057179633
2022-11-09,-0.15256777937932994,-0.19097006900385916,-0.20281104179216114,-0.549007773323229,-0.19766407864521796,-0.16960117364662766
2022-11-10,0.10021156844027021,0.16402134152275558,0.1286560782613483,0.22654684444591752,0.1684156495189859,0.1865631079682722
2022-11-11,-0.030623543661599414,-0.007726341863364996,-0.0457684184555807,-0.07097671796443313,-0.025434897147821604,-0.05365271349232014
2022-11-12,-0.015243021519595541,-0.02515712695090829,-0.026519348928223205,-0.1206747506308687,-0.05536913526747443,0.03533038898241327
2022-11-13,-0.02910295424526251,-0.028855371043540967,-0.022890842128902977,-0.10095019750615089,-0.06475856734816308,-0.03697706072593824
2022-11-14,0.017579576532614275,0.017681623598823245,0.009362689927850863,0.06035680054089739,0.10253963931618496,0.011702883710917293
2022-11-15,0.01677305124617919,0.007971169901038475,-0.007194275634027085,0.022599831917240992,0.02922963831493831,0.012831804295293226
2022-11-16,-0.014171059886846265,-0.030017642122180853,-0.018951004470295095,-0.0034977300437545387,-0.03560585545421441,-0.018315105673204605
2022-11-17,0.0017868218880000477,-0.013026750462845106,-0.014452725166480357,-0.04441990985777625,0.017699577099401075,-0.009521082796761064
2022-11-18,0.00047255399539148176,0.01007049509316885,0.022879226758177235,-0.028233673286852612,0.002615064251778311,0.0008263975442272764
2022-11-19,1.377198915139681e-05,0.004188875582935169,-0.0054874840463078845,-0.032940550082301054,0.0031290768686102377,-0.0022446698538237503
2022-11-20,-0.025497948917879515,-0.06397421437289094,-0.031299127174207464,-0.04540803953899502,-0.06257914716339054,-0.09314811897971488
2022-11-21,-0.031126427112839597,-0.031004239269978077,-0.03976590337759208,-0.0365185807325246,0.010202763260244246,-0.03125048287843664
2022-11-22,0.02784776288354211,0.02871658066714913,0.0491839424773357,0.050278409320737835,0.030264401131210424,0.05346078028448701
2022-11-23,0.02291720320295262,0.038660305594043654,0.1136500220706938,0.14352947630904475,0.01531989814458848,0.03994807289401462
2022-11-24,-0.00025058686248794284,0.016087440010925196,0.004674465940699176,0.015889798914616133,0.05184360165632229,-0.006241224444672671
2022-11-25,-0.004638140695062483,-0.0036870159910469204,0.0019966728763232953,-0.03913846842032473,0.014822405759520704,0.0941265230605431
2022-11-26,-0.003854985458206651,0.005239315074610342,0.03463266732421314,0.009929159588219641,-0.02936264688587415,-0.0063890818692609935
2022-11-27,-0.0018116393171025897,-0.009768860923016917,-0.012278021768408896,-0.003534821637493106,0.0005049230099698462,0.10403274824960736
2022-11-28,-0.013226836427965193,-0.02211256020017287,-0.0469225983633378,-0.05832556695285283,-0.01885406167816655,-0.036637914442790284
2022-11-29,0.014063432280211978,0.04087371569654329,0.006452730829128226,0.001500375375234492,0.023638157419987663,0.06442025492017825
2022-11-30,0.042921922045645745,0.06212395686716445,0.017450107221594836,0.05965404777809604,0.02407362813408333,0.05101235605166717
2022-12-01,-0.010911911994265286,-0.014042169844776358,-0.027999805201673927,-0.046990936293466276,-0.0270924983513352,-0.048158163867506695
2022-12-02,0.006772531170246441,0.014914739927744848,0.003756193591681072,0.014695341602115617,-0.0020176551611486666,0.0034339008479156077
2022-12-03,-0.012216313353321956,-0.0434436044707897,-0.010277582758240296,-0.031113620849069157,-0.0224671181071645,-0.02378704820282726
2022-12-04,0.012974242698661298,0.030876448784335594,0.004809353138044324,0.03111362084906925,0.005664278790096573,0.042801978894364864
2022-12-05,-0.008179770631694087,-0.015755676837173074,-0.011720230677891397,0.007991324765300843,-0.0005136106943929629,-0.025007384401430733
2022-12-06,0.007200670308000258,0.009412373448134082,0.006221935039293459,0.03414271892633771,0.005379800345566038,-0.012891888189555145
2022-12-07,-0.014875177009226765,-0.032082671682039744,-0.020892124787087164,-0.05831086704619706,-0.020390434154665005,-0.045327755210416196
2022-12-08,0.022752101931693153,0.03902763394865509,0.021581067287640657,0.014716969080692942,0.027265063393647218,0.028011305198955436
2022-12-09,-0.005562320142259912,-0.01343167624696493,-0.015267472130788308,-0.007331411137305144,-0.013282443039256374,-0.01813853080046219
2022-12-10,-6.247071687181942e-05,0.0025697300112286145,0.007662872745569097,-0.0007361060325022046,-0.0061903731342249895,-0.0039374208987376725
2022-12-11,-0.0024809629316508166,-0.002640985815637715,-0.013272985636335893,-0.011851990587014293,-0.014594994542918287,-0.0387391015720085
2022-12-12,0.007276920090016073,0.009762093905650984,-0.02961857899297691,-0.00823049913651548,0.016920877488337177,-0.025910167669114616
2022-12-13,0.032295365713004065,0.03489447239766374,-0.014226028718743148,0.04265352435923203,0.01993421490081711,0.00838209385422925
2022-12-14,0.0015993100237424041,-0.010083300494032527,-0.016670139691058825,0.016423075298843536,-0.02536971424160091,-0.031348431228369965
2022-12-15,-0.025417550422032496,-0.03178225373876851,-0.033811387899561236,-0.005681833467430946,-0.01912805601252418,-0.03917538326501179
2022-12-16,-0.042622091974556034,-0.08199810303572418,-0.11277242582852318,-0.13638446160692896,-0.07382311244520105,-0.11423894035915927
2022-12-17,0.008644524244231441,0.017273230112821638,0.046067727145790424,0.021002387488083814,0.00963726279779543,0.04520397690124512
2022-12-18,-0.0022861599473239873,-0.0034595979186281527,0.036102075187771115,-0.010446057222369626,-0.013060946598539782,-0.009133642082939219
2022-12-19,-0.018044869047170384,-0.01296553928147506,-0.043148736470731405,-0.03618815929199409,-0.031942320760636675,-0.09539938984943502
2022-12-20,0.027401604731458414,0.041200748287920794,0.044741093495094496,0.026447822543609355,0.027071948721083094,0.04790187780232034
2022-12-21,-0.004204603849787203,-0.002600054124051634,-0.02090108240579401,-0.009836144876713018,-0.00952250739129357,-0.014673481286268617
2022-12-22,-0.00019259290140687945,0.0032325885956782634,-0.0016260166184185602,-0.02671277365340006,0.012390304022651932,0.04131007717860633
2022-12-23,-0.002555363857047274,0.0018706162898215746,0.0016260166184185348,-0.0033898337545115397,0.014499187905979122,0.004673512336119561
2022-12-24,0.003428273556819251,0.000344205871288915,-0.0069289048354263996,-0.02841344822319198,-0.007365472391489467,0.00400698526178644
2022-12-25,-0.00023820676162420736,-0.0015580670004475847,-0.0053311588229147805,-0.0061323013020637175,-0.01720719255235796,-0.02006581982303125
2022-12-26,0.005171929813683699,0.007847601399340806,0.004512828171682971,-0.00528635592314806,0.056515389029186486,-0.0039562230158568055
2022-12-27,-0.01267081627317635,-0.013575870686164657,0.009776045271616211,-0.02052727141276124,0.004636582696126018,-0.02623979194200032
2022-12-28,-0.00956593439752758,-0.017821181974358467,-0.008957714620384303,-0.12775140093727458,-0.03235454342115653,-0.04608086963762566
2022-12-29,0.005193379640446887,0.008650457182000732,0.007334996211565471,-0.012371291802546829,-0.03926568324817577,0.007641186181478963
2022-12-30,-0.0015637342071172207,-0.00041658335602117456,-0.002032107994557796,0.026613648518089904,0.008731138120398708,-0.03646162471697101
2022-12-31,-0.003926414431065476,-0.003221878152229308,0.002032107994557811,0.007045826833202654,-0.018129151490952233,0.026687483585350467
2023-01-01,0.004484440922006132,0.0035135047223095435,-0.007744077829051978,0.0020040086867150406,-0.00059031878927959,-0.00014235888699404612
2023-01-02,0.00337162473850112,0.011315842641327302,0.003267976764616013,0.12144665340945057,0.027662267510362746,0.01637992001867755
2023-01-03,0.00013853883532594145,0.00045294518078942554,0.0036637533349538013,0.169982145043939,-0.013298837223988365,-0.012827013559754538
2023-01-04,0.010450635209181243,0.03427473413055879,0.05070392936048166,0.00447761942129448,0.010422792676094833,0.03649430051944033
2023-01-05,-0.0010990966366733739,-0.004513312341289764,-0.008533798880397162,0.0,-0.026855087303176234,-0.021988025439965787
2023-01-06,0.007033256255153627,0.01420444612878775,0.012388853770349848,0.005198674909237677,0.018467474861459245,0.012367280535470709
2023-01-07,-0.0004177703515806188,-0.004002831798053262,0.005372230879122466,-0.03007745523727795,-0.0002904865670390063,-0.003042879249659726
2023-01-08,0.010816215147354305,0.020429567752023686,0.05073822264463318,0.09808218435133531,0.002901075431833863,0.01975101922955581
2023-01-09,0.0029400048985379155,0.02316090581551178,-0.0084018759087676,0.11739849421730544,0.01094796299315412,0.027197067824257744
2023-01-10,0.015159630933365425,0.011468456012886432,0.016372932606500457,-0.003081666537408112,0.004859234943705446,0.028148848351524224
2023-01-11,0.02841029515457346,0.039469198380846296,0.02740872766888793,0.009828088936262693,0.061110925665303746,0.004103622070517039
2023-01-12,0.04911903051513352,0.018914694600993435,0.010131091019681394,0.01396077302775223,0.005350467552830946,0.02664467238320066
2023-01-13,0.055893048509553726,0.02461130387837389,0.020640567647072137,0.09755435820042126,0.028926550107361483,0.05160477235300303
2023-01-14,0.050146827684418194,0.06579961234213291,0.0380807535180497,0.2816496987983393,0.02432586983101119,0.032484374384130266
2023-01-15,-0.003988871656173911,0.0016890044693156662,-0.009550541883984912,-0.05730402723663831,-0.02770118135694108,-0.013958812333784133
2023-01-16,0.014939473685250641,0.015606843142374753,-0.010645476447952783,0.029698761144749425,0.002597404057685471,-0.02827709609686155
2023-01-17,-0.0024026215431750143,-0.007236285399048734,0.0013368985948413769,-0.031010236742560208,0.0033665705757550683,-0.009968256444040988
2023-01-18,-0.021876742420547574,-0.0351937523795323,-0.04334409909620378,-0.0949165564967431,-0.02248460735478217,-0.03500510919869024
2023-01-19,0.018880985981668756,0.025901687036221963,0.027182131139205944,0.02891882015788413,0.03787742025595379,0.019925168807269838
2023-01-20,0.0729936990967774,0.06696772883159907,0.03502108769409402,0.1756796101259144,0.049904856411733804,0.054370285770523906
2023-01-21,0.0051193975233281225,-0.019396805593906385,-0.02019601833193758,-0.0375443456206323,-0.023276807371933134,-0.01756074159748967
2023-01-22,-0.0033267835189935463,0.0004793952336671706,0.013289232118682706,-0.014760415583120573,-0.0074645780790458804,0.04129902729106114
2023-01-23,0.009142992475145141,-0.0007068810552112466,0.0069067862132548225,0.004944385845464066,0.05585331125969926,0.003055165035538593
2023-01-24,-0.012450835212587299,-0.04420220164166934,-0.015857616733339443,-0.065827198776395,-0.037540500560410035,-0.05325157589274402
2023-01-25,0.018736119160646474,0.035339277183372556,0.02173998663640582,0.07360615304897444,0.022309363658446588,0.03074277070869709
2023-01-26,-0.0022265840828143047,-0.006753775247761214,-0.007194275634027085,-0.00777895427257946,-0.01888218772132998,-0.002429572549307451
2023-01-27,0.0027996835390564157,-0.0021696254810138083,0.01077209698191104,0.004101728474217874,0.008759180089881554,0.010371146197695759
2023-01-28,-0.002237034511835935,-0.01610271660394524,-0.006187937022207522,-0.017758054921703445,-0.012186356026998198,0.005715607695165402
2023-01-29,0.03078192520585222,0.04515785174820973,0.035620643809325954,0.08273139759746469,0.013638789107313117,0.026545254523056172
2023-01-30,-0.0393514588233174,-0.0489178536288406,-0.03203348848717582,-0.08439945469816179,-0.04958874129270907,-0.019276625133435525
2023-01-31,0.013013096440887308,0.012140284216281837,0.015504186535965254,-0.0016708441648176058,0.03078706425744272,0.08406486533835511
2023-02-01,0.025932253556535844,0.03492752019938955,0.015898586067798204,0.04416089578576963,0.018075724190317402,-0.02198353057928259
2023-02-02,-0.010322486493569127,0.0008767657648843299,0.020297340063674733,-0.027576767770234493,-0.008020458597919581,-0.032864269920386144
2023-02-03,-0.002431330219096245,0.012338965732266772,0.026538083238239314,0.015099246259121867,0.0046256929710595815,0.021096911200648407
2023-02-04,-0.004493712909870792,0.0017177697247712745,-0.005433155532371495,-0.014277215797707037,-0.0026754241910258107,0.029058248120828103
2023-02-05,-0.017031632139821246,-0.02267500195691283,-0.007900375337093604,-0.036398077696449004,-0.030162978874390137,-0.03879015883931052
2023-02-06,-0.007457673107036351,-0.009083375488667503,-0.010734652996457057,-0.0351217542630718,-0.016194685919980495,-0.02731748234404473
2023-02-07,0.020779401555923737,0.03454497124674816,0.026473476667171585,0.049924308327293845,0.029162448688991375,0.032735787754218086
2023-02-08,-0.01201050031064175,-0.012404342752227635,-0.01451931132445338,-0.02551158765740862,-0.015229354385067256,-0.025725243268000866
2023-02-09,-0.052141700352517424,-0.0657854381103781,-0.06938469543240713,-0.12556517609843829,-0.040036139862916126,-0.10194112019072547
2023-02-10,-0.007883685677702989,-0.021116331578965423,-0.0013071897286213775,-0.018231596386746356,-0.0005238344802865658,-0.006776345772351356
2023-02-11,0.010916288456747329,0.01668032526444855,0.014930494814101547,0.03421643662098236,0.004183012635325325,0.016673182615620032
2023-02-12,-0.0036204886304742638,-0.015511194152279386,0.007062629678312745,0.03215407024887602,-0.02269226658686772,-0.00121654516220422
2023-02-13,-0.00043941906477148134,-0.006350867518422775,-0.06032476274794922,-0.034078072766398085,-0.011812217880074622,-0.0007306381231023181
2023-02-14,0.01936986197704005,0.032979679139187305,0.006435246594271295,0.050233512988683296,0.030845306311903506,0.018227313730481073
2023-02-15,0.09138049119365944,0.07383336987757323,0.06912790625861016,0.08846026579306566,0.04905197854453674,0.06573397854234497
2023-02-16,-0.033711393282664585,-0.02238710238021172,-0.04182018210477791,-0.07031094728738843,-0.043307837424148066,-0.05042119788312444
2023-02-17,0.043770785975072134,0.03363755128252365,0.027860564552622483,0.03967025238314897,0.027982829549262903,0.032679617213413885
2023-02-18,0.002519415209186526,-0.0013292021723714732,0.01112005104407764,0.013307773126757745,-0.0017737240175404513,0.012575931900665959
2023-02-19,-0.014730846119734737,-0.007041676854215978,-0.015923903356723022,0.057584762172989606,-0.02049777121134584,-0.021048618262282257
2023-02-20,0.023230285350592204,0.013904960042027494,0.012442336301430193,0.055591611809372145,0.030842256038207456,0.015063619311817088
2023-02-21,-0.015825264394064464,-0.02587691925740261,-0.01244233630143007,-0.04997136417721859,-0.01644982050485726,-0.03257842069761225
2023-02-22,-0.011101316717520895,-0.010063968196039556,0.002885079738022934,-0.03337713163081741,0.008638265097053956,0.00046794572683584655
2023-02-23,-0.01005818454576867,0.004487403049425096,-0.013211083073426158,-0.010401591596380875,-0.018124299567729967,-0.014727806710243398
2023-02-24,-0.032041028461487375,-0.026229663544409202,-0.019653433106692316,-0.03576370928457101,-0.025833139095926275,-0.04032755693292642
2023-02-25,-0.0012178923770018468,-0.008256406234486072,0.00033074251996535986,-0.03081229668362402,-0.0013225765715743833,-0.0021030501967787877
2023-02-26,0.01703161058168721,0.02891478779857588,0.020619287202735825,0.038584356531327066,0.00026465528803398515,0.01731060351753671
2023-02-27,-0.0026679753126395687,-0.004830824006812237,-0.013370491047052107,-0.024821653173814014,0.0015864625220600888,-0.00978481387999827
2023-02-28,-0.015033201397948169,-0.01742729397311297,-0.010561154268666455,-0.035453567324779764,-0.00609515601057349,-0.006288165717188566
2023-03-01,0.020842934243896633,0.036690198339970156,0.004303929835277869,0.027929743383869325,0.01921870394038097,0.013269638130607359
2023-03-02,-0.006949915104728103,-0.010479770413468176,-0.009626630359175575,-0.022917201560325083,-0.01656407004800855,-0.016862975743416473
2023-03-03,-0.048503100831987105,-0.04875223690936088,-0.03185630271785639,-0.026717388338713035,0.0005300821751474413,-0.047276910509950934
2023-03-04,-0.00034764393289772876,-0.0017345947503006707,-0.0027586224390795284,-0.020755462051451633,-0.010387628361577923,-0.029316770107344105
2023-03-05,0.003737206709584325,-0.0013732273954761825,-0.0031125738426720146,-0.00047675805432263036,-0.018101264190562124,0.001606856264325969
2023-03-06,-0.000902760617454153,0.0008050038448790274,-0.003122292215621835,-0.01634651783066817,0.0073340000059466965,0.000668762146238334
2023-03-07,-0.009506895048812334,-0.002480978317154744,0.0051984175288220785,-0.01859153353061224,0.02828363560694665,-0.00967359417837833
2023-03-08,-0.022437472391169118,-0.019119360558395224,-0.007633624855071095,-0.09526079830756162,0.022887865166498673,-0.04064200081954866
2023-03-09,-0.06388169730657518,-0.06404181387886924,-0.03545213525808556,-0.0604548915174719,-0.04819892731044227,-0.07547171204232567
2023-03-10,-0.010442692083692516,-0.007598438659315794,0.0010820560117982953,0.047332778680565325,-0.0016203082129892024,-0.0034935859942561666
2023-03-11,0.015024507857790617,0.03141980986582175,-0.005059642163581158,-0.005518777803942794,-0.01689873955424819,0.00485732588286002
2023-03-12,0.07264804225261712,0.07103204632577907,0.04290677637333296,0.11142949980302186,0.020675382834583506,0.06549392467902204
2023-03-13,0.0918599391330703,0.05725367773066491,0.06646741283997182,0.00985229644301164,0.0026888964843066183,0.03182403939921712
2023-03-14,0.022833529552860565,0.015387883866641848,0.001622586758719844,0.02229854872245582,0.0,0.024025587247169387
2023-03-15,-0.015718497080592527,-0.029524202392909437,-0.006832627850444725,-0.08084200433506603,-0.036924747249350444,-0.06840866142288045
2023-03-16,0.028940970979109415,0.014303623541625463,0.07270780390481033,0.02210318716340734,0.01603129966107295,0.04121829685242577
2023-03-17,0.0915382366931726,0.06675304670589965,0.028432260869465747,0.09359868228915166,0.04056970056355103,0.05183063621187278
2023-03-18,-0.017960573857961144,-0.017153214596847183,-0.02358670323594265,-0.018692133012152633,-0.015656416395117514,-0.04647016704995927
2023-03-19,0.03883042537639571,0.012340812978825897,0.01707395078996577,0.03065730107042578,0.031071483231113924,0.021024850416719126
2023-03-20,-0.009188807742989342,-0.027268258638845883,-0.012552466071119973,0.012275671314565825,-0.03240963410655976,-0.04292151240253771
2023-03-21,0.013917915171174959,0.03874270968448265,0.005698021114637575,0.017913600381194876,0.2292310374062645,0.0707194637635695
2023-03-22,-0.030875102511240874,-0.03784859319942085,-0.04058528011507821,-0.05052268942455033,-0.10853609952891582,-0.03656106776915685
2023-03-23,0.037610483876124916,0.0447974070589959,0.025520216648071647,0.033963796859480234,0.05202884151352269,0.04643384216765017
2023-03-24,-0.030170604453767236,-0.03604853527210302,-0.02241076140638663,-0.07008939818759054,-0.04116943356932565,-0.03726812225143642
2023-03-25,0.00030882732901125104,-0.004405053737011967,0.000930954295320007,-0.012174486869739091,0.03913943399998477,-0.006866401935592462
2023-03-26,0.01822496367160109,0.01820424813649747,0.01904819497069463,0.02563622862063733,0.011225982284101847,0.004582835895233199
2023-03-27,-0.030610293346195108,-0.033627885582368316,-0.05633529488858099,-0.05043908736628597,0.06713060419766076,-0.02024113117105237
2023-03-28,0.005007183266062188,0.0331260346441161,0.008336053402061266,0.02676076441270584,0.07130057551249447,0.012817192099770048
2023-03-29,0.039117969089514086,0.011261847656573554,0.0015951510799844051,0.031290157993210256,0.053186912491205086,0.023565155250667533
2023-03-30,-0.011354726247076305,0.000301114124527503,0.008570120696866215,-0.02641209953977719,-0.019732583666342614,-0.018025723400177007
2023-03-31,0.01546498944228887,0.015440968668430453,0.001579030803376232,0.029251666047854962,0.010287194433118785,0.03612220465243684
2023-04-01,-0.00044379564413691034,-0.0004008445243675286,-0.006331138589896148,-0.0037878833169370917,-0.053312843518611444,0.061243625240718386
2023-04-02,-0.009920151427765776,-0.01453846867051438,-0.003818012910346423,-0.02692470337059272,0.016545389596703656,-0.034571958308722776
2023-04-03,-0.01328794166506373,0.008876569371509933,-0.0157432970460113,-0.0034171378137580186,-0.04360094876439487,0.19452066425095224
2023-04-04,0.01306073888880465,0.03252769871276309,0.006455800342871293,0.022722756707911494,0.013420331614403626,-0.00920893908530995
2023-04-05,0.00016117729039769833,0.020280870614801574,0.009924845354415344,0.002387205717106186,0.005753413351034185,-0.026094456783926304
2023-04-06,-0.0048462984303144436,-0.019190771703289936,-0.005110199558874822,-0.01683136632501463,-0.005355561744433577,-0.08158160564054422
2023-04-07,-0.004558093631494347,-0.0046518807808922,-0.006424692834698326,-0.00876771325331015,0.019303337213878176,-0.03806460848832348
2023-04-08,0.0011478259451552448,-0.008026892640481205,0.0006443299191988014,-0.01976348911883975,-0.015333502702967215,-0.010760680990653894
2023-04-09,0.013699657615021985,0.00544807617683312,0.00738010729762268,0.011904902506318458,0.0011878837270904153,0.022369033835687235
2023-04-10,0.04533402443678367,0.027212274694365286,0.018058466341062042,0.029635396845491883,0.023852548232596856,0.018462795895607075
2023-04-11,0.018820778757940998,-0.010705196364642943,0.01186031380917412,0.09535369685213513,-0.0017403078935516367,-0.007701003641677032
2023-04-12,-0.010396427448109471,0.01446213399745325,-0.007474341865919896,0.035061308256819385,-0.023102045428268932,-0.007401251405289104
2023-04-13,0.01612230751029388,0.048169336152757536,0.014893232153328008,0.026126304592219998,0.01494032114769311,0.04486843358385192
2023-04-14,0.003060121449609667,0.04279836040920956,0.012852074086210934,0.011396134730869582,0.01970697470631315,0.015572920569649124
2023-04-15,-0.005656179900882534,-0.004481476696807716,0.012388736785432671,-0.027073023448748512,-0.006718520328996034,0.0024783160144670005
2023-04-16,0.00031551290745832457,0.013337427205203917,0.04319754903337188,0.05224917834122276,0.0032689193612656384,0.017288925421014224
2023-04-17,-0.029277429572032238,-0.021309423514337927,-0.02239442140360862,-0.03045107075510425,-0.019384208414393585,0.010341126258140472
2023-04-18,0.031761089816271876,0.014123514241102865,0.009076332254197102,0.009716675638572569,0.0412212101842043,0.029547113860167125
2023-04-19,-0.053510138704066394,-0.0841518437953626,-0.06222893923193091,-0.0910485241766009,-0.0807473134757577,-0.06849206335428702
2023-04-20,-0.01940603406257386,0.004772096728467839,-0.013427211877374633,-0.02050896672162659,-0.03291200499676369,-0.04646583065820613
2023-04-21,-0.03534405077145466,-0.049696914889803157,0.009698183317508139,-0.04373539350780793,-0.05649018795474282,-0.0674274199940177
2023-04-22,0.02011734939753183,0.013634596948651654,0.03367321510658781,0.025094253586102566,0.049521518638649446,0.023441527063951844
2023-04-23,-0.008166817188415205,-0.006509380185517005,-0.004525577191447453,-0.014794537065838822,-0.01537506264140915,-0.018861366385377554
2023-04-24,-0.002891754748673293,-0.010886106900897575,0.0015108025233574302,-0.004200706293790542,-0.007777096878272744,-0.0006348803463841462
2023-04-25,0.028306339200071688,0.01308561960331121,0.021506205220963463,0.02539965683289762,0.01805335943565774,0.012997848457207003
2023-04-26,0.004037661120266265,-4.823008969043831e-05,-0.0233194423451443,-0.030087897956353093,-0.0165364017279226,-0.01477766077549936
2023-04-27,0.0365394056503652,0.02260944219517275,0.0009070295406426232,0.04816340137862273,0.010554756035374905,0.019530640329914983
2023-04-28,-0.005480032501360423,-0.009337843733620253,-0.020764104780064626,0.044237561006343566,0.02726577019758928,0.0023680449777226426
2023-04-29,-0.0027757795765594477,0.00887668579981968,-0.006811171842739353,-0.006447475590969537,-0.0033416906619033247,0.015318397126767996
2023-04-30,9.441762633578723e-05,-0.019964187678360883,0.04732457200782216,-0.019595662945050454,-0.015814773466021708,-0.025578747399096966
2023-05-01,-0.040665991207925405,-0.02127176363574112,-0.02702867238791926,-0.03490287168106002,-0.011973630328895285,-0.008716028146534388
2023-05-02,0.021206996165195773,0.02126641628521955,-0.021539294246991122,0.01311939197091937,-0.0008607704426457742,-0.0007615179959329492
2023-05-03,0.012351095602062214,0.01856378802063968,0.013593042165841802,-0.0004495392298677004,-0.0028026319951077582,0.010860063801246447
2023-05-04,-0.006497982228264741,-0.014832948258200517,-0.006464544599981035,-0.02273858768931821,-0.005194816877104023,-0.01569652480068568
2023-05-05,0.02288090465334252,0.06007950628405556,0.008303907472950955,0.0484834627408663,0.013579258126380854,0.022580587283374788
2023-05-06,-0.02253281543081646,-0.04987111742589557,-0.014189010411723367,-0.04069419082655442,-0.01923759748866723,-0.04398694947967757
2023-05-07,-0.01459915625864984,-0.013768127585020303,-0.0027998151747464935,-0.01147591203453059,-0.020282882277140788,-0.0026102860031305955
2023-05-08,-0.027143379896367045,-0.012286462103440952,-0.02268528283108358,-0.04920576298403067,-0.047199003120929,-0.055483976267002126
2023-05-09,-0.0014655392981985705,-0.0005630630779391869,-0.005432191022198423,0.0014538408182278534,0.0013999069015093886,0.00976019845068272
2023-05-10,-0.0010690420309266652,-0.0030807973686073453,0.00702429452678819,0.012512194033500531,0.0032588483217191205,0.00027356039016184625
2023-05-11,-0.0230965139643067,-0.02560701544919554,-0.02187285655694935,-0.036031161474421695,-0.02256264924807878,-0.016408503266629865
2023-05-12,-0.00645829172740886,0.007302038414395143,0.003246756098869873,0.03555280700464476,0.02302733327131027,0.005822029198228047
2023-05-13,-0.0007366023552270455,-0.00685071075121409,0.007105973053559206,-0.0028749420855990995,-0.015213868635827715,-0.009443203071665037
2023-05-14,0.005302016968638717,0.0022813782736472547,0.004495832877732132,0.004309319572742259,0.0030613470276301576,0.004038159076504462
2023-05-15,0.0090430011641092,0.009398726600278533,0.00415668064518656,0.0028625973746331593,0.004691540390391398,-0.0006950719679295589
2023-05-16,-0.004734677357132959,0.0044006103303645,-0.006402070522022523,-0.015362760138864626,0.03495412179800495,0.011613568937199139
2023-05-17,0.013658322391184448,-0.0011463582445248271,0.009269684403624006,0.018692133012152327,0.013245226750020723,0.028189968040665255
2023-05-18,-0.021552134669642054,-0.011902930731227146,-0.016036264112497953,-0.03478611608541554,0.02467085477659574,-0.018750127780031947
2023-05-19,0.002196585934586688,0.0065100648420629,-0.001294079766488046,0.0009828010619080778,0.01704280275414104,0.0008166599065557433
2023-05-20,0.008231203535191795,0.0039099765100741425,0.005488310790050793,-0.003937012959339532,0.002136752949735242,0.0014954798518235107
2023-05-21,-0.013171912518513606,-0.008007039934466744,-0.013614472848150585,-0.03359553851472762,-0.02375921696290088,-0.02044948773549794
2023-05-22,0.0037871532594394926,0.006868667024691615,0.008449839031309298,-0.004087895319667208,0.009355012204819022,0.010894405483222406
2023-05-23,0.01369903691712277,0.019993039425737928,0.014458083175229917,0.024780028998486865,0.0071205393096564935,-0.0002743484242174777
2023-05-24,-0.03326629631528951,-0.02964688357265533,-0.024214258120594627,-0.040780370344928187,-0.02636031074701729,-0.03135489909841698
2023-05-25,0.005483813844004058,0.0031673945975410098,-0.00491401480242904,0.00155965719164681,0.001764446862707253,0.003391750001120884
2023-05-26,0.008730076726596555,0.012214640261706482,0.007524982343149464,0.0051813587419975845,0.03166605937782092,0.001268946240066035
2023-05-27,0.005539576292267746,0.001148268974181205,0.0019537616113941554,0.054311989353739716,0.006384358778468572,0.02201872679330532
2023-05-28,0.04409840842612671,0.0421350907944223,0.02156157544010563,0.018429231576012364,0.02223712354856952,0.013281498717234809
2023-05-29,-0.011777618425209708,-0.008439401459503443,-0.007991092548007696,-0.01159993674067718,0.025805241036715436,-0.005318798764571774
2023-05-30,-0.0015154032789555,0.00421281919287129,-0.0003209757690854117,0.03252319170555993,0.05104053296770778,-0.01127624709599936
2023-05-31,-0.017632811059524262,-0.014286638596147112,-0.015203268734406711,-0.020923254964882846,-0.0075210073932834775,-0.009169277912679496
2023-06-01,-0.014526721963616974,-0.006344706338571053,-0.006212215498892137,-0.015496678154734716,-0.019744556973002033,-0.0032152121078786056
2023-06-02,0.015710863858149307,0.023830490355990427,0.0075151472793079715,0.03689041066299356,0.03473042820080676,0.015835863640578787
2023-06-03,-0.0063842684993772065,-0.0076973271057092845,-0.001955034835803239,-0.0032980006335941265,-0.010736299447255813,0.001927578732592429
2023-06-04,0.0016975360281114345,-0.0010840625375848512,-0.005232189830302239,0.02929760812471709,0.03242912405851574,-0.0028927632266872684
2023-06-05,-0.05250715845555731,-0.042979069839285816,-0.09665534643049559,-0.08709470685093382,-0.05149955995028193,-0.08775156483039816
2023-06-06,0.05673457801927024,0.04013377100477853,0.01540972975959381,0.018821754240587667,0.04042898999564472,0.05636325173146713
2023-06-07,-0.03325860556385626,-0.028257596795300086,-0.08108046739189102,-0.08924421853713357,-0.02232278135050675,-0.04319729254916248
2023-06-08,0.00602863973269374,0.007346876378127145,0.010358811216478107,0.013322872255973025,0.010173808840084047,0.010056281139038562
2023-06-09,-0.0007852550651334101,-0.0028594624490205275,-0.005741642567675283,-0.082162475292935,0.02713052612603975,0.02197570790105828
2023-06-10,-0.024336519277700846,-0.049476946677575705,-0.08739532784863728,-0.10855847169314264,-0.059939447679920314,-0.117801029196703
2023-06-11,0.003258464490493794,0.0007019967243075934,-0.013921338518608007,-0.003851095902097423,0.02744697841249544,-0.0038942122878096704
2023-06-12,-0.0007856342026842933,-0.005830653396786247,-0.0175706255887828,-0.023423322017561712,0.008222629749454032,-0.0013014480444409455
2023-06-13,0.0011211542039807445,-0.00140695864642246,0.05427199243921062,-0.009923998085987791,-0.011299555253933394,0.0051956603322504446
2023-06-14,-0.03155784923802867,-0.05260319656222012,-0.026137144367692218,-0.03794493156412337,-0.07829474985298551,-0.022436051229393742
2023-06-15,0.018526725673652867,0.009650728476360676,-0.006325131776968814,0.019829709585718062,0.0,0.018866936473706054
2023-06-16,0.028745138290379006,0.03011264842388073,0.012192709382384441,0.03590811312630407,-0.008786667409829942,0.010669354363398885
2023-06-17,0.006507155969033793,0.0057115151433317,0.021497314000598948,0.021325525447572723,0.007327573873219276,0.0001607846293357545
2023-06-18,-0.006698102267960423,-0.00394930791589547,-0.0016373315160123586,-0.01222273177341068,0.01531803911308819,-0.0012870014646473376
2023-06-19,0.0189678131440085,0.0093463488990178,-0.004105096076836691,0.0412102686466629,0.013872111477805824,0.005298238291100343
2023-06-20,0.05308872645011515,0.031103921349883094,0.01874545517323617,0.03299016340264522,-0.0014191588798459591,0.010829855807947746
2023-06-21,0.057849597296170514,0.052779084512651064,0.00443102436971052,0.034842615146775786,0.014101764708192544,0.03853203097725177
2023-06-22,-0.0036396889082070654,-0.00909309877120227,-0.03268264743035842,-0.036045261112536045,-0.012277501508445527,-0.0009149131470773596
2023-06-23,0.026533986237444202,0.01095467625486762,0.014430264829028837,0.030224522908726185,0.004646942395924067,0.04007114061762341
2023-06-24,-0.005262367873937984,-0.009380070314859884,-0.0328716927317517,-0.029021876942965884,-0.019540617680943447,-0.0228293341831174
2023-06-25,-0.002123952410926466,0.012634781833543817,0.01010109598650392,0.01904819497069441,0.00778054703112776,0.0004497414062765312
2023-06-26,-0.00641095284669021,-0.021199536794378554,-0.011370937426979809,-0.041534709132810696,-0.023316851246272415,-0.03012550955239295
2023-06-27,0.013925651745678577,0.01633201125366475,0.005912179383228624,0.021885371973889758,0.009971000765011786,0.012586505377530461
2023-06-28,-0.020241978544881276,-0.033121168263168056,-0.029483015639737323,-0.040496330977915114,-0.0402795620849942,-0.04667982386535671
2023-06-29,0.012223257058951633,0.01302732275023142,0.010782938206752813,0.11910408573552049,0.021290989466339838,0.013493339099929233
2023-06-30,0.0008105804662547625,0.04322107124698339,0.030420596700711934,0.04722722924286975,-0.0037990759074423394,0.04682099381624707
2023-07-01,0.0037308892745919983,-0.00481561414669504,0.031137296298721594,-0.008519753344770523,0.0006341824544015696,0.030379457088359454
2023-07-02,0.001017271646457164,0.006721965869777927,-0.005663445558400081,0.0393235462039143,0.023599299226589245,-0.007324966827260426
2023-07-03,0.01745687224902878,0.00927821051935302,0.0,-0.009816663694475652,0.009245058144051209,0.00644879854691056
2023-07-04,-0.012586501609656327,-0.009939080826960508,-0.01636028310520691,-0.006772622917818084,-0.003687773079184736,0.006552626285154984
2023-07-05,-0.008542384639438915,-0.013435583330342312,-0.014956656045773961,-0.006818804285721035,-0.019691795999771153,-0.027814316034533573
2023-07-06,-0.02017875019166179,-0.03417848312536383,-0.028445985067972787,0.03160066104181435,-0.03298522255563585,-0.032764951222626355
2023-07-07,0.014916247025860701,0.013311720667936329,0.014536382513640592,0.09201329492536217,0.01396520708838007,0.008445347700700143
2023-07-08,-0.0019815498424806542,-0.0030352123725826893,0.002966732415430568,0.014315645079920522,0.0036204916557566053,0.005033183812331676
2023-07-09,-0.004100239112277894,-0.0013089990173964256,-0.009353809695997166,-0.02272298091589383,-0.005115100666770377,-0.005644991723737337
2023-07-10,0.008283044133908972,0.009403788041753397,0.05039583925348806,-0.0009385265822643885,0.021142436573809164,-0.001990964743742942
2023-07-11,0.006898842392956891,-0.0011174077306010499,0.009700965326257716,0.03551214755326548,-0.005664548871492234,0.0007662248478471292
2023-07-12,-0.007937473335964864,-0.0034558928510683502,-0.019086873854736057,-0.00590776542156076,-0.009088089603546096,-0.0038370087747910736
2023-07-13,0.034748976139702924,0.06847844472655594,0.04880968798360495,0.17016962461347596,0.5486980496524475,0.07962861184584581
2023-07-14,-0.03698946968873567,-0.03382087398995878,-0.031736102507724386,0.02505825873336282,-0.12722586008642783,-0.027789564517092677
2023-07-15,-0.0007422255191403193,-0.0033184841941049197,0.01201937546578394,0.029191062145902016,-0.004747286212515219,0.049561616309899234
2023-07-16,-0.0019011428276580337,-0.004826765168303919,-0.03567463834105925,-0.0014577262056566255,0.04421441429764551,-0.03463488456257639
2023-07-17,-0.0031138012758330853,-0.005692223930894661,0.007401349576434206,-0.022870786617357405,-0.012666925867523363,0.004306020719753339
2023-07-18,-0.00929617827722886,-0.007346931096489898,-0.016106067753031247,-0.04815603691241778,0.05346749541268415,-0.016753713647343946
2023-07-19,0.0016758040032582482,-0.004532687429924358,0.0024948037887828718,0.02970324444780808,0.052584400389403554,0.01975693363788029
2023-07-20,-0.00365806621063334,0.0015660467406395737,0.008271345750677334,-0.03598763276595981,-0.03184706290498087,0.008389668832814069
2023-07-21,0.0034076103143899864,7.400907143141417e-05,0.0036999014458172254,0.004716989878138867,-0.02925791575719761,0.03615521719184978
2023-07-22,-0.0036089728683473903,-0.013416019757593498,-0.0107261754440352,-0.03918934109636983,-0.0507952847104126,-0.03828152035315886
2023-07-23,0.009678127907075769,0.011828910977324096,0.00578992519041253,0.009740336748384804,0.007203564959101384,0.018697388715247263
2023-07-24,-0.030621568131757492,-0.020719006444616717,-0.014956656045773961,-0.057776299265628765,-0.050409839165439195,0.03287967411915621
2023-07-25,0.0017946972401168204,0.0041319920912332355,-0.005035679965615674,-0.004288171236566258,0.009638628837768793,0.09812415364380919
2023-07-26,0.004201036310069169,0.007689746873933568,0.005454177565362562,0.07848783183302423,0.010105349151922337,-0.04907731596167446
2023-07-27,-0.004410782171051959,-0.005742954969081114,0.0066722516090677204,-0.0027849630094863333,-0.0030769255044791975,-0.004114702989422089
2023-07-28,0.0031214513568593983,0.006912142997172488,0.005388614075403046,-0.011218066361277132,-0.002664985096439151,-0.005685504396535686
2023-07-29,0.0013213554199944793,0.003339861679952561,0.0020648365791778593,0.014003029370763406,0.00014043957610330025,0.03888672929605286
2023-07-30,-0.002449433712539638,-0.009978037223819103,0.0004124561823784642,-0.03723619176373234,-0.010588085080941723,-0.02793230568705405
2023-07-31,-0.0016693633056041337,-0.0030393279859110174,-0.00620477688688287,-0.021676546935819996,-0.009984393312367348,-0.002052861896200866
2023-08-01,0.016076157104390566,0.009293263759436142,0.02742140300465878,0.013394926104097928,0.01324334058213856,0.0037177146851758345
2023-08-02,-0.017659224099430867,-0.018081103995239624,-0.028666991706287615,-0.038140216019527225,-0.031470374914683005,-0.0515964012350341
2023-08-03,0.0002613924558795061,-0.0022254213134208136,0.0016604403980990355,-0.02183492860320007,-0.032643848076362836,-0.0086604059558231
2023-08-04,-0.002732062666357572,-0.003044158988505136,0.002485502522312029,0.006600684031352093,-0.042205555523301554,-0.0014960900444424203
2023-08-05,-0.0014388313646510047,0.0034090539218758144,0.006186862382574544,-0.006600684031352136,-0.010756193547564146,0.030033092483029315
2023-08-06,0.0005601735343276643,-0.003381735324192536,0.0,0.023992426743221367,-0.007662872745569137,-0.019203150434010142
2023-08-07,0.004207247848642796,-0.0006449180139251584,-0.004533286147999155,-0.003454234868087446,-0.0006412311858060975,-0.009877625808079285
2023-08-08,0.01896787840738051,0.01476121663329752,0.012723340118043582,0.04648069432076937,0.028767591492135113,0.01912516205704088
2023-08-09,-0.006349552885029144,-0.0005119017260491729,-0.005725987014885077,0.006584385928179238,0.002334449741198143,0.005985254284389039
2023-08-10,-0.004276592986209428,-0.0015534737819997478,-0.00947874395454377,0.009795996703182108,-0.015982790866873826,0.006213252852257808
2023-08-11,-0.0010094804377126705,-0.0019614683254447346,-0.00748133165228874,0.0,-0.002055499182095999,-0.0018467225931646629
2023-08-12,0.0001406818655240356,0.0005893851369798252,0.002500001302084649,0.011710208517781527,-0.006669867509107218,0.01259528589956183
2023-08-13,-0.004301773191170979,-0.0049855684653567585,-0.0004162330965402112,-0.02767779444565464,-0.003191831627776174,-0.025217522169634375
2023-08-14,0.0043275966976988696,0.0025880114167464037,0.0008322930151693695,0.03845849378776662,0.01381083940875007,-0.0013379718346007694
2023-08-15,-0.0078774528796102,-0.008991809076098535,-0.015510686141114362,-0.05217156967873616,-0.03840754866960406,-0.051652739154979914
2023-08-16,-0.016209084961303622,-0.011642266459590973,-0.02005614485362823,-0.04624111450353534,-0.03585809001972232,-0.054466755935222474
2023-08-17,-0.07616872037641167,-0.07243586284279085,-0.061783698458726666,-0.05217010286108505,-0.1509295191205587,-0.09602503999024953
2023-08-18,-0.021619596661148415,-0.011905329843399048,-0.00921240969474311,-0.014883995699237216,-0.00039502271894265516,0.036051538588979075
2023-08-19,0.0017643901949644589,0.004851026845808832,0.0032340060526510317,0.02590339094884768,0.026704637278646585,0.008343220376361139
2023-08-20,0.003441579224086804,0.009281984784250725,-0.0013847221229466161,-0.005953761575999059,0.03496529294084781,0.0007835148876892458
2023-08-21,-0.0024110762869472635,-0.010552503530499763,-0.028580066578989677,-0.02653169356848931,-0.026156350494166203,-0.020893447588277225
2023-08-22,-0.0027181324335439115,-0.01971879524303507,0.0023736066211740396,-0.02919566063826871,-0.006695386082984818,0.0011190153833342124
2023-08-23,0.01435456870308414,0.026924935486139112,0.026668247082161273,0.054348360653365305,0.017315626240393504,0.018990917317253785
2023-08-24,-0.009604966342235453,-0.011045470103193834,0.011019395249610698,-0.031778374987233945,-0.021739986636405875,-0.011192676159026345
2023-08-25,-0.004595714908301547,-0.0044404831995776915,-0.0027434859457508326,-0.030860693969309846,0.013595230938426314,0.0006339144427811062
2023-08-26,-0.0016375635459644805,-0.004095932823676615,-0.008737696428205521,-0.006386658898796192,-0.005148261919215507,-0.0036505079822066696
2023-08-27,0.00323873624067934,0.0068313344079224,0.008737696428205427,0.024343948032198078,0.0009553836591794028,0.004600626818527051
2023-08-28,0.000698176287035663,-0.0031708573681733664,0.0018298266770761572,-0.011124661282957242,-0.0007642338927557949,0.004264398786457739
2023-08-29,0.059320826564098275,0.04514587765984236,0.03635132123796978,0.05810370836956416,0.031234900440915266,0.04544486232199146
2023-08-30,-0.0151357950818478,-0.014086093183490871,-0.013756595907971104,-0.04553708576970567,-0.02134512793573396,-0.00786215117294867
2023-08-31,-0.05107008806335594,-0.035497715393938846,-0.03223888733551155,-0.053267029181487444,-0.03348398244446576,-0.03270887082747996
2023-09-01,-0.005246038619321044,-0.010162291872580201,-0.013940746217211412,-0.02098874078509605,-0.025769513179051566,0.001880288864852128
2023-09-02,0.0024948459526167835,0.004843632695716121,0.0032702668715450414,0.008756172349461763,0.0016051367812284368,-0.006281427688603588
2023-09-03,0.003923561650647033,-0.0007271905406814061,0.0,0.0035833158382837763,0.011758979540335439,-0.004895390747599144
2023-09-04,-0.005606105973525642,-0.0032635845704295906,0.0037243990909822727,-0.00255820042303844,0.007894258482502666,0.0014237129668936937
2023-09-05,-0.0013142673496244822,0.0024135070031771496,-0.002791998091031179,0.03720891783559097,-0.0061126089960716595,0.011942316664214182
2023-09-06,-0.0012472832474370724,-0.0007956910690343726,0.0027919980910311335,-0.031080195894217597,-0.004559429050333521,-0.005796209538301371
2023-09-07,0.019035486849342184,0.009118511581993099,0.008790248596616796,0.01415594923013246,0.0033720154930456524,0.0
2023-09-08,-0.01320815513349337,-0.007106026156969444,-0.011116371999510799,-0.015684611948197348,0.0,0.0009422111249812828
2023-09-09,-0.0003431630206622342,-0.0005501256258888519,-0.0027985092890981896,-0.00870684117596184,-0.0023790653568500097,-0.005035415832321823
2023-09-10,-0.0023191454606873935,-0.011140737921668128,-0.007971906227853294,-0.06371581438610786,-0.013790565310234983,-0.03352627735390932
2023-09-11,-0.02663039767580389,-0.04138451952242031,-0.030109801471370455,-0.028923039469250476,-0.04633795092475928,-0.01330178082334277
2023-09-12,0.02657196307677719,0.026152430753237553,0.02207383291373003,0.011223462369849576,0.01256824252231289,0.0067551125970285565
2023-09-13,0.014671204201257093,0.009154626062353411,0.008506667554328226,0.02643325706815543,0.005811556414776868,0.005893926688777798
2023-09-14,0.011403348118842957,0.011657197827190198,-0.0014127621845888524,0.024162249279079995,0.012340757192412188,0.013296774470334193
2023-09-15,0.0029091145916004006,0.009070495757411094,0.00891396941575445,0.01526747213078838,0.022836194942257738,0.00674268086739237
2023-09-16,-0.0015173159554027868,-0.004206753484545366,0.003729608052827626,-0.0010454784015529453,-0.0013995803544231322,-0.005776652777454457
2023-09-17,-0.0012115920994153866,-0.007319921657535613,0.007417743794079798,-0.016346264310316373,-0.014713557788708512,-0.010840653045983306
2023-09-18,0.008819719840065637,0.008701736946528362,-0.0023121397583795024,0.043179659613380945,0.021095709487595544,0.008262501440684075
2023-09-19,0.01659208048714994,0.0039392937049882275,0.005540180375615351,0.019662846751407066,0.02163309535542585,0.011230665128217883
2023-09-20,-0.003138296199427117,-0.012776634737105578,-0.012975158863133418,0.012897004159996416,0.013910579795524895,-0.0009577015895604776
2023-09-21,-0.020745316649489014,-0.02390482489121464,-0.016933612529439625,-0.04176707707986425,-0.027425622449716698,-0.021141754123662954
2023-09-22,0.0004538251782273123,0.005753835491244665,0.001422138187067481,-0.0015428133685103705,0.010006950964451453,0.003419363422791947
2023-09-23,-0.0001572726369548166,0.0004894977725181305,-0.002846301731838806,0.003083250130120565,-0.00902143792519211,0.0
2023-09-24,-0.01240277490489352,-0.00828463395836899,-0.010506304855509744,-0.006692431671038407,-0.010894432799572938,-0.013583385349624668
2023-09-25,0.002147539347757194,0.004809036607637084,0.007651878559661009,0.0015483874061295432,0.006946539791987942,0.0041108337097990905
2023-09-26,-0.0031656440496646743,0.003569704074099457,0.012781239081260177,-0.018740787946502274,-0.00734494617175981,-0.005264901927905866
2023-09-27,0.005754212215801185,0.002900413916830404,-0.0028261912358350815,0.005763704716750134,-0.0051937791543243145,-0.001485761726061196
2023-09-28,0.024288394222757907,0.03343250142291594,0.014051753455650287,0.04194988485850975,0.020811374435451464,0.015898064908876283
2023-09-29,-0.0042437853832940535,0.008709744136773601,0.0009298001599665274,0.015904907839664514,0.022690782498811988,0.010191789263130307
2023-09-30,0.002064247824862265,0.0020609052508540116,-0.002791998091031179,0.052352890608073833,-0.012736567388731294,-0.0009661836500410655
2023-10-01,0.03748988079317705,0.036953345156396686,0.01663624320237229,0.11063437101968246,0.017709798756024797,0.017883280359802557
2023-10-02,-0.017952769440012815,-0.042047422395011,-0.016636243202372347,-0.02116929179997209,-0.022772114862964057,-0.019011675740272276
2023-10-03,-0.0024781075361443865,-0.0033260255770674258,-0.005138997527918854,0.009793563480797834,0.05080517996384063,-0.010213268644085897
2023-10-04,0.012756619276586195,-0.006235906218074599,-0.0004684938010262312,-0.020116235788216676,-0.011944897529165463,0.001628134517912313
2023-10-05,-0.013342721522066095,-0.021355046922359133,-0.013207739167777899,-0.018765551755990754,-0.01876298766095557,-0.009973106450093014
2023-10-06,0.018818266735082634,0.020413258487783748,0.01320773916777794,0.030798357015462362,0.005342504598129573,0.008344971932180688
2023-10-07,0.0009154062279922295,-0.00699081722214893,-0.005167970158442561,-0.004709920931164497,-0.0074491797045626515,0.0009771987748303742
2023-10-08,-0.0014181982742726472,-0.000446973902329224,-0.004248295273073228,-0.0034393843019094672,-0.008084740860514365,-0.007680403797445184
2023-10-09,-0.011779875664382407,-0.03281370787343065,-0.026847250036188052,-0.04943636774603818,-0.028822699053399126,-0.03726724184396273
2023-10-10,-0.007275373195296091,-0.007942197439895009,0.013513719166722855,0.0004523863456477932,-0.012410087213302303,0.006787740298310502
2023-10-11,-0.01896652932854734,-0.0004849258349932817,-0.009633985881133934,-0.0045330993309844955,-0.015630075627841668,-0.010540730032593792
2023-10-12,-0.004321426540286491,-0.01755086126039427,-0.007286891607203218,-0.03372923106492673,-0.0119367542048129,-0.010825778036861642
2023-10-13,0.0038182399293200187,0.008118371630919484,0.004863822818078398,0.02597548640326052,0.004338401598598141,0.00877274053216298
2023-10-14,-0.0003544668067039467,0.0017894504469295222,0.0019389245046742267,0.007299302481611535,0.00288184637488895,0.024529691370775625
2023-10-15,0.011171707530674917,0.0018183517126618392,0.015377525506786671,-0.003186890928519019,0.001848239565046067,-0.008896407815586507
2023-10-16,0.04840156611029453,0.026385752136300226,0.023097892288723765,0.08811276142712733,0.021113248742385828,0.011566636371465292
2023-10-17,-0.0036863346095197267,-0.02174884977866825,-0.01502375676046075,-0.0008354219366422798,-0.013347013100558856,-0.01612938192988353
2023-10-18,-0.0026768518861103275,-0.0010036920083754475,-0.00569261499328657,-0.021542543750710547,-0.006945891051112858,-0.007821838892629693
2023-10-19,0.01380644022600064,0.0019999942769046096,0.004746093389255759,0.06248153936589507,0.06334623623257638,0.004938281640582577
2023-10-20,0.03272936881268124,0.023543412522501424,0.004252309738530476,0.08087546275288987,-0.00927901496230059,0.01734488208123373
2023-10-21,0.008082108028452294,0.015497567989964853,0.00985229644301164,0.08132251673009445,0.011393383842263785,0.02130727235304545
2023-10-22,0.002759830846653565,0.021114541154504913,0.016667052485211862,-0.009251393720530477,0.0034502621921525278,0.008300153436892966
2023-10-23,0.09768020786547688,0.059367241974827685,0.04795899983539922,0.09296037062409401,0.0465461086041439,0.08865777889457244
2023-10-24,0.02545906657086265,0.010995931028651353,-0.0145473140687241,-0.05513080075104445,0.020429165692150777,-0.012237132259570977
2023-10-25,0.016759533553249224,0.0012149615310383514,-0.013861165365153505,0.07254417607624238,-0.006463218190211893,0.025497971933970857
2023-10-26,-0.01003363081588025,0.009040509641070294,0.004940499606774121,0.01012123346351115,-0.0034280592885307538,0.05037806304471937
2023-10-27,-0.00763160546721126,-0.013386453030617656,0.004024150299725548,-0.03225085711561914,-0.018791029970128634,-0.05860856218123489
2023-10-28,0.005560455807826632,-0.001799977986263272,0.007114303016608637,-0.003156568277546769,0.002942260305723689,0.01813445425346051
2023-10-29,0.012969433130901344,0.010606762485537609,0.00618376528802277,0.03723669419594381,0.020896553953859132,0.005059642163581147
2023-10-30,-0.0014828854979810758,0.007713304504797227,0.003955179842928014,0.062289573192409284,0.038625734478859086,0.0034547320959181327
2023-10-31,0.004775852062776867,0.0031073151714650442,-0.007926065272420716,0.09442515488777076,0.036688897556065296,-0.019150447426569784
2023-11-01,0.022314560261213128,0.017653654013214524,0.007487372569618574,0.06916646752939758,0.014734146199139266,0.009766129658530444
2023-11-02,-0.013639193957310053,-0.02532627640689565,0.017399308009847354,-0.022610941161382,-0.0051075158399635275,-0.01520052652406886
2023-11-03,-0.0064546666973641625,0.017564735146825508,-0.007357747973703723,-0.019578938669813483,0.011006271269405692,0.002500552895209599
2023-11-04,0.00989677583723088,0.012380013060606685,0.029533496783577532,0.07235013619461587,0.004563985102399956,0.01472866581861767
2023-11-05,-0.0014324869251003767,0.019305423108153284,0.028686232221842016,-0.03016025636342049,0.07184022607641602,0.028540750007972824
2023-11-06,0.0009766198683485855,0.004872579288074975,0.04448739985456373,0.024247977110028,0.07870290424943306,0.0717839456138421
2023-11-07,0.010022908737337355,-0.00828271449710818,-0.03551141139741255,0.01809897800336239,-0.04258394502304755,-0.039938529973156715
2023-11-08,0.0063528178351219345,0.0015105783085971145,0.002028809784957912,0.004647928423282493,0.002769882957610527,0.0263597833367591
2023-11-09,0.029766675983155067,0.11645691140702073,0.019667501290974363,0.048867446908370624,-0.030148581601072522,-0.023773868319722054
2023-11-10,0.01623057053490802,-0.02076739778150022,-0.0023875856945015225,0.2241587126134054,-0.0105581674613941,0.0244373062794374
2023-11-11,-0.004611757237879132,-0.011886198392189226,0.001990050408010009,-0.005840207733301346,0.004689517708426179,0.04029658791511183
2023-11-12,-0.0017756126342137468,-0.004143642225854702,-0.01643652958140638,-0.0010655302020382848,-0.0019638951851787337,-0.006903632634936826
2023-11-13,-0.016353527492521336,0.004377399732726625,-0.025794674771262207,-0.08681755975867124,0.013368580622593385,-0.04446342512644985
2023-11-14,-0.0253224983929354,-0.03682998133401603,0.004964842635354815,0.09619069408151855,-0.062491478200016465,-0.028845537362123044
2023-11-15,0.06287397140001015,0.03917912993641699,0.04597583878275612,0.14126850231261195,0.02896030833047676,0.050996452984969846
2023-11-16,-0.04579700167213188,-0.04812071941568879,-0.04432635387268054,-0.12399209320331572,-0.05747613496517549,0.041624505951905574
2023-11-17,0.012377896572665345,-0.0004843738543024243,0.009023851225566416,0.01220890412181297,0.002285342163443198,0.08372381790121985
2023-11-18,-0.001252220312786142,0.0009073716921085151,-0.0004084133199510559,0.0008541898529113509,-0.00441213233116049,-0.0735828859251705
2023-11-19,0.021420590373204398,0.024595673263129086,0.006514681021193672,0.04245999652449361,0.024588750934004235,0.00223964259350466
2023-11-20,0.0023772666332884944,0.004924542605039942,0.026828435891713513,-0.0770330568224853,-0.02197180472346974,-0.03516234253857271
2023-11-21,-0.046657457238005864,-0.04471196713987043,-0.11546450860834528,-0.09098861378941683,-0.056102031753983254,-0.07927060623252877
2023-11-22,0.045576998787717926,0.06518464889455769,0.04593528514873408,0.10833768645351965,0.053976284898392464,0.054111226638937734
2023-11-23,-0.003053710529443689,-0.0004896483114064268,-0.00978939505349916,-0.018410268377415166,0.016236758715125893,0.005923018303122071
2023-11-24,0.011180012954367782,0.008998284241456845,-0.004715978729722131,0.006174492581101822,0.00048305290368483777,0.02565239767220807
2023-11-25,0.0017776195288349984,0.0010807099153864956,0.007278987394611584,0.03388982690299525,0.0025723486853113046,0.009674209869892189
2023-11-26,-0.008859513391713852,-0.010015956671339116,-0.011585626264527062,-0.021480334438130737,-0.011465608042678791,-0.0032990767138426683
2023-11-27,-0.005482130309367848,-0.017032904579779306,-0.019612744591334268,-0.04457809897325696,-0.019351210603308956,0.0020314887636611583
2023-11-28,0.01535223194675372,0.010128557208434865,0.010507977598415165,0.05511815335259422,0.011197218915233656,0.024927701461233718
2023-11-29,0.0009453771250752638,-0.009482649945161606,-0.010067933586913777,0.019236272783579665,-0.0026233823866502384,-0.004463739587711511
2023-11-30,-0.0034581251896556686,0.011346019670436606,0.0013189713936782835,-0.0001686198469555516,-0.0046075447647539345,0.036123512755941785
2023-12-01,0.025092382063089787,0.017047185146421714,0.003946508082083533,0.0075598848079402575,0.010174029341197252,0.0050215313552345806
2023-12-02,0.019655100831166433,0.03645764277647056,0.0021857932199802256,0.06338723104232659,0.01346002645012693,0.027292600982457563
2023-12-03,0.013142794289187723,0.012947407494196705,-0.003937874263897277,-0.010739206181068186,0.00337702339109089,-0.005352584340884072
2023-12-04,0.049271977534901416,0.022731530221834852,0.02339794781860966,-0.021506205220963505,0.002565337305532699,0.06951387291010613
2023-12-05,0.04839691964470645,0.022025710207649485,-0.009898940310729673,-0.009945463895511457,-0.005620247632153708,0.02652789399366177
2023-12-06,-0.007072982823143485,-0.02679329436545996,-0.007815932102952042,0.01334655228209343,0.030137094420238906,0.006128506079147823
2023-12-07,-0.011249508685349425,0.05363904278121185,0.013853035389293729,0.09096474855112859,0.004987541511038968,0.01047898093614909
2023-12-08,0.020536119557329653,0.0012684408153208265,0.02672481424719984,0.10101094597591577,0.04395142111116359,0.057818399622106983
2023-12-09,-0.010408972260493799,-0.0077587898612528645,-0.005035679965615674,-0.035863664200822355,-0.020594489613060155,-0.03178678412190866
2023-12-10,0.0017350244818206502,0.00507152345936957,0.008795868227265642,0.034929147077874936,0.004999631655153735,0.03394894712640405
2023-12-11,-0.059660757354924286,-0.05562098586873983,0.027150989065950898,-0.0636929680287388,-0.06719177848107055,-0.07892251589732965
2023-12-12,0.005776503301278852,-0.009781994551532417,0.0327374544639414,-0.023767773482015666,0.0008078197385741482,-0.0034053454212692345
2023-12-13,0.032639616880829996,0.02540675504178913,-0.01026459861188284,0.029020855768400997,0.013315348730421651,0.02744218883961665
2023-12-14,0.0035680023564587876,0.024112299688721868,0.005145469496206212,0.0692005342433826,0.006512611375548315,0.019310378175644613
2023-12-15,-0.025470477640977214,-0.04181551117712235,-0.033724593049507486,-0.04278944136012155,-0.025658880416762866,-0.05510200537265362
2023-12-16,0.008020387258140575,0.003802713225757799,-0.0020437366606817697,0.016549649418121138,0.0076058300143475345,0.0431282656337719
2023-12-17,-0.021599191335207872,-0.01466081918858795,-0.023179845778993236,-0.039426919979457874,-0.016252592428622595,-0.04398857324678604
2023-12-18,0.030541766708551847,0.01037611637258206,0.012070906190990239,0.04887751009631167,0.0035983028684328697,-0.008861091046612318
2023-12-19,-0.008990828549252048,-0.018884704816843227,0.045296865966482296,-0.019265281770085383,-0.012816475139714924,-0.020838657114431374
2023-12-20,0.03241755264462973,0.011077536520739216,0.02884065832460021,0.11881750801565082,0.02029861804785399,0.01397700627506626
2023-12-21,0.004406916568444891,0.016858505702015424,0.04433483378868098,0.132314255181178,0.011279526612976086,0.037432650620615474
2023-12-22,0.0024419680670525194,0.03722042643648378,-0.0036818892845808036,0.04235534519124476,0.00048057670127963216,0.0
2023-12-23,-0.006088221088727501,-0.0070541699979998745,-0.0003689356249190079,0.09707294873506445,-0.007878487572079715,-0.01623808562981105
2023-12-24,-0.016395107062850675,-0.019312755101442716,-0.024277569581346838,0.041489180133795614,-0.012017033212173085,-0.018902112701427325
2023-12-25,0.013507101635684676,0.0032191234748903032,0.009032805112124292,0.07253778878083063,0.0542133855333737,0.02837984724370636
2023-12-26,-0.02479535186467053,-0.01797824191304084,0.10921221161125223,-0.07218213838142092,-0.03832974528055427,-0.03231298899054357
2023-12-27,0.02140979529821103,0.06401084348004162,0.08496584212577103,-0.050876969779326035,0.019269646327382307,0.024866146066081698
2023-12-28,-0.02012077980823538,-0.014484107103263628,-0.00463894445639322,-0.048977254908986086,0.0009459247118694407,-0.020605939721071526
2023-12-29,-0.011740790238734814,-0.019361626498728475,-0.02797605049447613,0.04203147890905933,-0.01844836036164212,-0.008428707335055503
2023-12-30,0.0017416561151908701,-0.0032760632932055125,0.010780066347669275,-0.04104964279680258,-0.0036986453678460223,-0.010720111503705438
2023-12-31,0.0033947781497301243,-0.00428989080455275,-0.0168552249206255,-0.0017679996747602916,-0.008250471454882882,-0.005012541823544175
2024-01-01,0.04386318131378095,0.030287754449622444,0.005437403449299313,0.07743790852689017,0.022169582665582305,0.02688274698234516
2024-01-02,0.01722000317113513,0.0014020540260539925,-0.00415535199164377,-0.02935956815493531,-0.007655539781328127,-0.009722071223153314
2024-01-03,-0.04788769521256018,-0.06381928005018102,0.011465093740210186,-0.0800427076735365,-0.0701256660059039,-0.10511661321759277
2024-01-04,0.03002352150755492,0.025640081953999767,0.02470805911065698,0.06284326649105705,0.007698267425752336,0.024094648328435938
2024-01-05,-0.0001356796630157846,0.0007363494597344715,-0.019339342599452303,-0.04853283382733521,-0.019097354587062697,-0.016079060112171643
2024-01-06,-0.004012787545087865,-0.012418222543956053,-0.03200273108617383,-0.06372503048452523,-0.013641344798377062,-0.02560629950138299
2024-01-07,-0.000894225072540774,-0.00867738849855344,-0.016724442941194757,-0.04727696602474476,-0.029303508189829623,-0.029469454036639194
2024-01-08,0.06653020711240704,0.04791045990948524,0.004289727746325209,0.09017422916768186,0.0462397488850593,0.03836499082720285
2024-01-09,-0.018075510415030107,0.0059254932475093485,-0.00859793656401484,0.015007379610697655,-0.01869866624835852,-0.025791001576614354
2024-01-10,0.01172860796383382,0.09750304973321598,0.015488858007273659,0.026223195099102346,0.058079179119667125,0.0473286108738298
2024-01-11,-0.006771062230729273,0.012928853258319134,0.007817629391053281,-0.020803127629763173,0.0018292181038000426,0.017777715711001906
2024-01-12,-0.0798528754667809,-0.03714815678577363,-0.03836449318218358,-0.08107761070202343,-0.05463041171277128,-0.05456008947743966
2024-01-13,0.0015242196406752171,0.02182127193995902,0.01870462013480735,0.03969239453916903,0.008387258672741989,0.010559760215002253
2024-01-14,-0.02638212870563945,-0.04170818291825345,-0.008974632283135109,-0.021513009353793775,0.0027801929289248194,-0.011059447920589988
2024-01-15,0.01848861088034885,0.015612245726752063,0.05836340077724228,0.005845794401614637,-0.0010416667608567657,0.013034757204844327
2024-01-16,0.014637901828299413,0.02966184534886525,-0.00727046034902227,0.03386269264739939,0.0,0.0032015788952792154
2024-01-17,-0.008423584725432613,-0.02235911176778112,-0.01857241984475833,0.04497277798374611,-0.01258537849117311,-0.009263328142658551
2024-01-18,-0.03445139745815894,-0.023748366630328005,0.011568252401187648,-0.0784116520191648,-0.029453266913495382,-0.03164063023158293
2024-01-19,0.007990013891329613,0.008539568821651248,0.005416613530208025,-0.008297037279530455,-0.014047480836941064,0.006256005082893137
2024-01-20,0.0008880084302503328,-0.008054016030501146,0.007912685690331748,-0.007935698482288568,0.016580501912671165,0.11072980941629595
2024-01-21,-0.002778941360300473,-0.006070141542372212,0.004403907715255244,-0.019460308632917454,-0.01272975909624519,-0.02667132638814743
2024-01-22,-0.049606002668420156,-0.059897387892233325,-0.04067814631909058,-0.08293780818398647,-0.03520244290635878,-0.05892205842677418
2024-01-23,0.008294955472882228,-0.031428148415456714,-0.02348379789819544,0.006064588419245066,-0.017594640154560675,-0.029728855175584542
2024-01-24,0.004683034141144241,-0.0033857304732878464,-0.01926060554181551,0.0510739460882507,-0.000385951374918184,0.010556536826092387
2024-01-25,-0.003092975166303934,-0.007355781023558437,-0.0034176383231514776,-0.021175654630859218,-0.008334189144959375,-0.013886457935826787
2024-01-26,0.04555239092628425,0.02186288688866119,0.033992840444943835,0.05995433285618432,0.0353731555029285,0.024082279157235823
2024-01-27,0.00707902280697713,0.00011464805265211808,0.011188007453726338,0.021441644762377376,-0.0037643560356273526,0.0036252305469770215
2024-01-28,-0.002128775638974226,-0.004879740236961713,-0.0009821575515333535,0.01787075836216913,-0.011760378334963741,-0.016608333441140904
2024-01-29,0.029806119942710457,0.026539977220855035,0.017532916658169456,0.057690790451099073,0.020958003005898174,0.03159406189818929
2024-01-30,-0.008385579459892248,0.010904260075984275,-0.010027578767512693,-0.0027575357241158703,-0.04685817516042042,-0.02024033832045288
2024-01-31,-0.008444749797383772,-0.025884739060646825,-0.023352483656226664,-0.04477456883607861,-0.014595919871284089,-0.012242217638851513
2024-02-01,0.011742435619609937,0.009216574739179674,-0.000998834775900756,0.00872829898139722,0.004954920453550495,0.007842185397041672
2024-02-02,0.0027134001651212595,0.0020722520822371486,0.003989366993033515,0.027926609441417068,0.009249303368855315,-0.0011345730810515282
2024-02-03,-0.004382505832045197,-0.005458644987954984,-0.005656311869777537,-0.02639419865985171,0.015742235499843715,-0.006834604506141117
2024-02-04,-0.010005694851545816,-0.0029217600174053704,0.0165457116690459,-0.02553770212185586,-0.0301451677183332,-0.0054759767527452
2024-02-05,0.002950351987088814,0.005244348441227879,-0.011553190065924859,0.0017787082900397946,0.007326040092072881,0.0005106600391835751
2024-02-06,0.009095988310426472,0.030298800498996734,0.004967720101934447,0.012672860992685917,-0.0037553162029438517,0.0017852593366925603
2024-02-07,0.028605054685199374,0.021869501408000494,0.01508225310876603,0.04303259640700026,0.017275655400423393,0.020679087651256967
2024-02-08,0.02095275967005496,-0.0022911881881718175,0.03799339643921459,0.015890476589846006,0.0017501219829257361,-0.0032500028606817512
2024-02-09,0.039912063594217916,0.027318656720714377,0.014925650216675792,0.0398717572789025,0.022097161947483353,0.020816016137725213
2024-02-10,0.013033381077871586,0.005486498081285188,-0.003091192569672858,0.019171691619681634,-0.004380542192018261,-0.0015953859921899634
2024-02-11,0.01142945972783506,0.0027838538582977777,-0.007146216523547323,-0.01432093583959186,0.00419048232258748,-0.002336306011970429
2024-02-12,0.03293568144658824,0.05915178226329729,0.021897559610620124,0.038160723367446074,0.010211889045241071,0.012235561919941709
2024-02-13,-0.004370351494182536,-0.00754723411578204,-0.009501987200929094,0.0074960193942334346,-0.01287652708933637,-0.014453950801119001
2024-02-14,0.041300218103198914,0.04980714711359402,0.027939867840808635,0.03914206360026086,0.024660073142098102,0.05345012776102946
2024-02-15,0.0016364577734705157,0.017072626772787942,0.059020178399124386,-0.03011465474115827,0.04437091463766731,-0.002576415525180228
2024-02-16,0.004694246184426713,-0.00739283537876803,0.017352800385449646,-0.02832696214924265,0.0037283665026628604,0.007360276232430759
2024-02-17,-0.009279917800631372,-0.005680318366057286,-0.021029795052958485,-0.012862206966655871,-0.026395284066954888,-0.027735299961600193
2024-02-18,0.009540032294676114,0.0336251246192515,-0.008823168096722612,0.03002576798864668,0.013554016118630344,0.019084322464624413
2024-02-19,-0.00698552773070659,0.021834029049603604,0.005132603226520216,-0.006345822787759885,0.009824139028986571,0.04869511165284505
2024-02-20,0.009306488030900633,0.02349590686861879,0.008496227829085599,-0.029296127158799805,-0.0007112375833248948,-0.03725440783189594
2024-02-21,-0.007865510526459354,-0.01568217793614364,0.06707337674075904,-0.030751462212961798,-0.023577084187604583,-0.018510369179807765
2024-02-22,-0.01087817419895304,0.0011785902059659025,0.008926286625285955,-0.03162892404287193,-0.014861295438345449,-0.0055730268152286485
2024-02-23,-0.010668655359765033,-0.01668277674193129,-0.018731585801963085,-0.018447413937304195,-0.012648978170621099,0.0048633035774887185
2024-02-24,0.016109250933854777,0.02379881241743993,0.016376488546994607,0.04031736271053387,0.0200154939873837,0.019220092417547793
2024-02-25,0.0031100616788884284,0.039305919138802874,0.017658210056518128,-0.005205332748182605,-0.0045977092486295425,-0.00034829047777634986
2024-02-26,0.051753212367562834,0.020148474483354707,0.03316339856981734,0.06028914579271653,0.014820507293892352,0.03547563341589783
2024-02-27,0.045937275755513214,0.020697808196250323,-0.017583974789004454,-0.014111844192681426,0.06248183077387652,0.08945524847563104
2024-02-28,0.09037342510456357,0.04249098920918258,0.04944160641316417,0.09391654496289407,-0.019120382685033098,0.1716236964906941
2024-02-29,-0.021060790861507746,-0.012794696190860875,-0.03735077901996454,0.05436343176757736,0.020143575134463753,0.012608993230865036
2024-03-01,0.02035257099534111,0.027562008777578344,0.019832082810990623,0.029401200506981078,0.02458036211370879,0.17201174549272255
2024-03-02,-0.006442143609634661,-0.0035099374748775738,0.008554372096658595,0.00454809032197586,0.06891525885157557,0.018628338176322964
2024-03-03,0.018012936948412033,0.019224208049935323,0.008723098685985666,0.0010761781344596146,-0.02690321934812332,0.07795978040870771
2024-03-04,0.07817243529189463,0.0393413458288056,0.009364938175363388,0.02361268268085325,0.032321608639896374,0.17028177451479992
2024-03-05,-0.06855316030923639,-0.020640133617123094,-0.05983322854975506,-0.061586478414442,-0.09127325655487947,-0.17308755756980584
2024-03-06,0.03621451680304252,0.0719060002353233,0.08578420124372255,0.042802316323867336,0.03474129822303223,0.03088253658236255
2024-03-07,0.011273945248864211,0.013052797728649309,0.10008345855698263,0.09496953417328696,0.024050872775896636,-0.001267909387556961
2024-03-08,0.019282486315176334,0.003766716011167122,0.023324672566408824,0.00672189911898227,-0.01122706259378344,0.04302205928048841
2024-03-09,0.0027716745979517753,0.005610800781601544,0.005132954499542368,-0.003459253484165936,-0.00048398807107533266,0.0826521699668256
2024-03-10,0.009362842188647231,-0.006870813084617783,0.07986940700431962,0.000692808673963239,-0.019060608001894908,-0.05036623068485689
2024-03-11,0.044283373561153284,0.04692379532758898,-0.011217914007011288,0.030286742997939774,0.17323434019259773,0.06838473618753521
2024-03-12,-0.008724217811494954,-0.021092772302799184,0.027347295936894937,0.014806192851613695,-0.04962038422542108,-0.07909077994815428
2024-03-13,0.022424831790492365,0.0062193756940735045,0.1595843954031564,0.08164557791710296,0.0015975604298188106,0.004805277243917467
2024-03-14,-0.02330791194500903,-0.031217942680779823,-0.04426433871122789,0.07491388805537026,-0.029602338234933842,0.047501418797419453
2024-03-15,-0.02681836109117046,-0.03660220045834964,0.0477475594590923,0.04049360774562904,-0.05341969802398159,-0.0799815698995437
2024-03-16,-0.062322910279710986,-0.06033255610742313,-0.09319451202747167,-0.010382606929340826,-0.05028134164730587,-0.1376885294034946
2024-03-17,0.046275814432356635,0.033938355810842834,-0.008187485855441275,0.10329301318927102,0.026183790068245328,0.07921662947308737
2024-03-18,-0.01152174525222046,-0.03468513836288729,-0.028925803397226526,-0.02986797516680125,0.041448514416607574,-0.07222506075673811
2024-03-19,-0.08763155563733493,-0.10845010767802181,-0.08979785291935057,-0.14296736007269487,-0.09895854402967087,-0.10820562217529227
2024-03-20,0.09103531158594273,0.10733315272751459,0.09231538706686127,0.12155768471420704,0.04384905931696594,0.1661340004762808
2024-03-21,-0.03508997737785613,-0.00675668606585365,-0.005402498283348421,-0.06634439541551264,0.04748714089347043,0.021336918219632503
2024-03-22,-0.026369007379098856,-0.0458406268133607,0.0,-0.023967087370915522,-0.046178025995332495,-0.01589446027569782
2024-03-23,0.003026453038660462,-0.0020462421704777038,-0.0034367402914058055,-0.014718830662994795,0.008467726870220049,0.05706395185537735
2024-03-24,0.04909491976870599,0.036985515601003736,0.028226239731225015,0.06301694710202592,0.02529753860422813,0.08639867130859825
2024-03-25,0.038957731173826136,0.038452518809786,0.03343170965141577,0.02741073266891904,0.012725016573382484,-0.007106946364482981
2024-03-26,0.0015441704140665396,-0.0008609940972833262,-0.011307298818063654,0.007748095158953927,-0.013990639270402864,0.03938309605691269
2024-03-27,-0.007428938024621631,-0.024305282494903636,-0.010565613139782038,-0.02192290352657861,-0.0320091661878517,0.04384102016585093
2024-03-28,0.01869009109453202,0.016795265133333685,0.01572114956337021,0.01755550991299571,0.020385756924473742,0.14417829801432125
2024-03-29,-0.01322713532737063,-0.014356215181719081,0.04867588498526112,0.012472648852508154,0.009087348306732844,-0.032380834155364496
2024-03-30,-0.0038493164497219014,-0.0011688605511880762,-0.019453300562766247,0.01134110185239936,-0.014225445673477872,-0.06738450765008852
2024-03-31,0.024107423379159526,0.039062823229440984,0.009938793092136397,0.04160438662094563,0.012796079909590755,0.09971988829302506
2024-04-01,-0.02313609473301786,-0.039587829518748986,-0.05227405677017686,-0.05174835104995661,-0.02935221201252745,-0.07047123645740622
2024-04-02,-0.06197960825197718,-0.06632179487259003,-0.043299879588379116,-0.05732366212587374,-0.04280158491380979,-0.1165157319188227
2024-04-03,0.007598003093028574,0.009672614295133657,0.0181512755888016,0.019205129529825175,-0.019317606570821825,-0.04059825073791495
2024-04-04,0.03755725764251874,0.004992305001377068,0.04185440885927426,-0.005690301223179418,0.03305944636275917,0.026803406367584704
2024-04-05,-0.009789202703133824,-0.002874235453763564,-0.013238395005637246,-0.053756279279583215,-0.010842050979582605,-0.015566695434821937
2024-04-06,0.015731842680183246,0.010117877313201287,0.013067586225650725,0.02441701815451563,0.009999235927585299,0.0472303112323322
2024-04-07,0.006717834111896003,0.030156021824738675,-0.002565638968293556,0.004690125850413624,0.002358094405824004,0.06814199551809715
2024-04-08,0.03205840927643814,0.06728411886400808,0.004272415282949922,0.0064408884520718145,0.03358185050941433,0.018582246893173147
2024-04-09,-0.03515415339654028,-0.05228798260119764,-0.010112349434495512,-0.04679415000462452,-0.0009765625776102813,-0.06885185759684957
2024-04-10,0.02125006308303191,0.01113166146509165,0.04907723177582424,0.005148537679505055,0.005035339153652173,0.05448458006298851
2024-04-11,-0.00888603616768445,-0.012235970235867036,-0.00839995056841283,-0.005438569294983824,-0.014031883026134947,-0.030039614824056066
2024-04-12,-0.04215402471169341,-0.07870290424943296,-0.014997781535503758,-0.11816020255720636,-0.1070781326130764,-0.10759900131058324
2024-04-13,-0.04872735746222276,-0.07383357559576002,-0.07403048380922155,-0.10082943094247125,-0.13280013116597625,-0.13180084140999002
2024-04-14,0.026815078915186055,0.0480771311040579,0.02376172537887762,0.08828040124432822,0.049903440098496135,0.060909945024015186
2024-04-15,-0.03473882339914055,-0.016979519656058945,-0.024485183540292603,-0.08799157172394369,-0.011188927917805852,-0.0055048847844591875
2024-04-16,0.005870468536476564,-0.00574505193835904,-0.027700569630277574,-0.016671299373834925,-0.0024140023792811223,-0.032975909726111405
2024-04-17,-0.040238973210926274,-0.032561698237881825,-0.006531701863215124,-0.032682159652010746,-0.002823721117849905,-0.05562113452106215
2024-04-18,0.035158006998813135,0.02611470081424689,0.03314610194427431,0.07473082772282405,0.014835877565853325,0.03102627356310068
2024-04-19,0.005466825160537417,-0.0025944081235797613,0.0034354974572847704,0.0030221058247194843,0.0009945301665085853,0.026708011297657368
2024-04-20,0.01743741302682119,0.03198147730884544,0.030049376222929677,0.059393730421418614,0.0500201184377375,0.03932403952447735
2024-04-21,8.623229100669178e-06,-0.0025763642480408425,0.015124147476313852,-0.01613260773113224,-0.007974221104703423,-0.02711713608942456
2024-04-22,0.028510785110948657,0.016550811254883464,0.04206345960831996,0.053324160888970996,0.05813222681780923,0.018469769048242355
2024-04-23,-0.006084382651452649,0.006000335776795954,0.0028082945688554174,-0.014116371723256981,-0.02090035187756731,-0.008785376921230912
2024-04-24,-0.03251015685090299,-0.024736099089373503,0.0042798419237731955,-0.046086230204203944,-0.03171907702279362,-0.054001164527509665
2024-04-25,0.0032417662557915235,0.004764485079372048,0.007201340450183067,-0.02009499646306108,-0.0039889880987820665,-0.0007929690496795188
2024-04-26,-0.011356469895713836,-0.007793775832009595,-0.025100393047027436,-0.03950244297624637,0.0013314314853221816,-0.021854045809992822
2024-04-27,-0.004842030716018614,0.03891605008616172,-0.0030145727066605977,0.01482881667346084,-0.015709135306915683,-0.001622937873130525
2024-04-28,-0.005425173243951366,0.0024206141277699957,0.0066867517622956,-0.023774839831191746,-0.014783385359920099,-0.007199650742048535
2024-04-29,0.01177132522006203,-0.014419602393225955,-0.012405859024389718,-0.0015955907069554328,0.009362268501613915,-0.022612296694507303
2024-04-30,-0.051304831768252054,-0.06508062629125812,-0.024591403137322207,-0.08321120710587246,-0.02855367757386558,-0.07250022030147596
2024-05-01,-0.03876642553474422,-0.013894796510902776,-0.02911975617441165,0.06023012893191515,0.0332021461418501,-0.024128636412315864
2024-05-02,0.011848323644138173,0.0046084345613266195,-0.0023166721579285995,0.02160101621531763,0.0009657171199590132,0.012819710097156642
2024-05-03,0.06269590851696512,0.038245365378809904,0.04619557731588178,0.04345263514324716,0.026104178250809677,0.10191231494964258
2024-05-04,0.01593467072506892,0.004701094216412664,-0.0022171067323597353,0.01629082759263478,-0.0028251266553675474,0.09204297733693678
2024-05-05,0.0018757817997593531,0.006134046775861456,0.010698921788269006,-0.0021934342881448177,-0.001132289232126757,0.0053565995412149115
2024-05-06,-0.013317207511333138,-0.023814605339407262,-0.006439608764110992,0.04750516367381544,0.019817436735716867,-0.028351927379080637
2024-05-07,-0.013598050793730939,-0.018757069465325283,-0.020091686410781035,-0.03184580229401987,-0.029494013522163402,-0.04235958107923909
2024-05-08,-0.018122013335120257,-0.010528701418179225,0.020771496090258766,-0.04032109542406368,-0.014209148434176052,-0.04604708007703616
2024-05-09,0.030275504659909153,0.0206381567242151,0.013835213090178475,0.07052964662377363,0.0073218053489700835,0.060673900297353575
2024-05-10,-0.03671917430504504,-0.0424669694883011,-0.018945086242449193,-0.0439483946116381,-0.0365596380276613,-0.056146326652259375
2024-05-11,0.0004275402409262431,0.0008450066111037531,0.011207453020389068,-0.004049005291561865,0.007340574574405847,-0.005784996095088411
2024-05-12,0.01075965097938284,0.0057654214829464265,0.004380798918508909,-0.013778995915788949,-0.013131903791326855,-0.01287435559926534
2024-05-13,0.023406346968515828,0.007380634427828049,-0.005225464903351488,0.028252214150034496,0.011945194791299199,0.051137507984555845
2024-05-14,-0.021886781008613777,-0.023680498679313364,-0.0424640946626661,-0.038061022563119516,-0.01014429385434422,-0.021213740855661467
2024-05-15,0.07248226375544757,0.05094364115236379,0.02421510183192892,0.10984246542919768,0.03651043399877029,0.06530272878163436
2024-05-16,-0.014779291590717515,-0.029396905403768096,-0.020518890636213837,0.005347774549307929,-0.005993251385375513,-0.03684937995527313
2024-05-17,0.027051410361314365,0.048814420530057585,0.020346758782789316,0.061270338981553915,0.014820789039132152,0.03820034030741791
2024-05-18,-0.0016246180943355483,0.009953500947915903,-0.001033413801924264,0.01731847637649635,-0.004020298321985256,-0.016398591539940256
2024-05-19,-0.00962833180615985,-0.016709757177628334,-0.010045113907752184,-0.01443077068357859,-0.022699587516106467,-0.026085557192648115
2024-05-20,0.07515278314448008,0.1758842593438205,0.04276266893963227,0.09411646300166264,0.05367467955767853,0.10587688352439491
2024-05-21,-0.018338454758227797,0.034311104640699,0.03103442560409999,-0.0468771584958318,-0.0013026893067675702,0.026849248017827086
2024-05-22,-0.014093766386815483,-0.013781997342475151,-0.006000180168101873,-0.006758685260372728,-0.019177124639738634,-0.02353609176884277
2024-05-23,-0.017457094288918538,0.012200105053972433,-0.02553470420030124,-0.004474533817102543,0.0039784082028082824,-0.04018822458257148
2024-05-24,0.008501978114690344,-0.014731579039831756,0.0016672227936579361,-0.04921600414520672,0.013334782998867669,0.025527514911803408
2024-05-25,0.01074556177134258,0.0056114858771316835,0.003492146227886367,0.003868476777920332,0.010393560527263082,0.060157830424209705
2024-05-26,-0.011363112097898122,0.02038421999818265,-0.003658743479416967,-0.029782765543390686,-0.02486341742779506,-0.04591818605485965
2024-05-27,0.013465947937329524,0.017550695354859168,0.006145688307588639,0.04041802088322203,0.01073153478992481,0.0171199266155705
2024-05-28,-0.0150623714003808,-0.012800427009197146,-0.0036496390875492813,-0.0086769720685556,-0.009974675718790411,-0.02460833651075615
2024-05-29,-0.010966160005080427,-0.020299904134328608,-0.010021797591664282,-0.002136499329014181,-0.00931123116779283,-0.0067512344741643806
2024-05-30,0.010290184685345129,-0.005194720104684686,-0.0010077259838354306,-0.008591938296882713,-0.009977058969047737,-0.02721929763931936
2024-05-31,-0.011953148002230988,0.0038294632828156368,-0.002355317374176606,-0.007397862506557391,-0.0019301299178732464,-0.0030146989293826855
2024-06-01,0.003352974306247208,0.014127768098339709,0.013717177277095212,0.0029536776650205335,0.002122938170663918,0.008331032556615704
2024-06-02,-1.800306465331948e-05,-0.00919086126335398,0.001660026941634663,-0.018160783371595778,-0.010075651988741812,-0.020226895440006828
2024-06-03,0.015292495676779325,-0.003669865021776319,0.03823779918123353,0.010608561873547147,0.012386456021057366,0.007925227723073275
2024-06-04,0.02480167347858517,0.011394698393577755,0.09045106961372541,0.04093600342520185,0.01109422243573205,0.018830120661307678
2024-06-05,0.008050544645661345,0.014528239359286061,0.018924363969582636,0.010193532027265013,0.0001902044703786111,0.011706128377253553
2024-06-06,-0.004354124285061161,-0.013680880614828677,0.017589105939793407,-0.019727719418428883,-0.008211637854953836,-0.019170706456299372
2024-06-07,-0.020598830454873523,-0.03608078731115959,-0.03899576657714444,-0.04600239917712255,-0.043902797965263585,-0.07761060270492394
2024-06-08,-0.00065106056369522,0.000883165430799822,-0.0019023931983158287,-0.029159497358966575,-0.013108990789126055,-0.015778346921506942
2024-06-09,0.004860162159083764,0.0067217634855674885,-0.01431019477950688,0.026818297349282202,0.01210668540302005,0.006218628028662307
2024-06-10,-0.0015538683361776106,-0.010455395782558196,-0.07383369270696111,-0.019118183564954584,-0.003415372481182614,-0.013787645104146644
2024-06-11,-0.032530322415029955,-0.0476058391088094,-0.036823971572956665,-0.06319393665658064,-0.034186114821121986,-0.0475269755896659
2024-06-12,0.014010590579490376,0.017794431932076193,0.027663602174292305,0.03881878388742018,0.023462693904726824,0.057355571154017175
2024-06-13,-0.02208343776467173,-0.02581258381583872,-0.0321550012241938,-0.0524400329245411,-0.030358552387701025,-0.03557508557057826
2024-06-14,-0.010977921824138023,0.003567733097309177,0.005818319131807248,-0.029209213005332302,-0.004834481302515456,-0.04426815723803273
2024-06-15,0.0027860739213107213,0.024663190874200495,0.008089189796548338,0.017119314713747606,0.03356436883509308,0.013099981272724178
2024-06-16,0.006751007092293841,0.015478924122645602,0.004265798101212945,0.038951086584443344,-0.0034697452914449808,0.0026286981183029296
2024-06-17,-0.002591057844952401,-0.031659611030654206,-0.010698809976964568,-0.054533658889029286,0.03139722580090533,-0.06274621010718386
2024-06-18,-0.020186188658431685,-0.008017335592698611,-0.026323927568140372,-0.041761804561598004,-0.027520065551696154,-0.0521150425495975
2024-06-19,-0.0030879852219766885,0.02188922321442301,0.01801547166476709,-0.013112300087986912,0.004673380445172117,0.0017979736782145453
2024-06-20,-0.001607771373120505,-0.013410647446931425,-0.019545693845534652,-0.015380917699726122,-0.009164100382307002,0.016841139674993507
2024-06-21,-0.011261416759841722,0.0015416168410010394,-0.0027261901362212546,0.007831477654657346,0.0002045617272143694,-0.002975115771442678
2024-06-22,0.001844936066219504,-0.006486817485643583,0.008494784347940224,-0.006783730215596228,-0.004715539235177657,-0.003468724487947104
2024-06-23,-0.016505957689856198,-0.021641347386467055,-0.02327676543437528,-0.03811727548945773,-0.014281521841403938,-0.012440701982030221
2024-06-24,-0.04724168823827901,-0.020131658213640387,-0.01641098283286735,0.027892391279384688,-0.011953586812941784,-0.02653115325006335
2024-06-25,0.024779622477455705,0.012502311747657655,0.017622370019164585,0.031611720747985184,0.0035800817431594686,0.05818012887036079
2024-06-26,-0.015342476362678105,-0.006937298285359013,-0.009034112867506232,0.0016825783990794068,-0.01248033121342346,-0.027240445335531473
2024-06-27,0.013730655086801458,0.02316180634208464,0.01506913420197639,0.09010698752972261,0.011639111395151306,0.034821623555042085
2024-06-28,-0.020938861751513153,-0.020581671934651647,-0.024890328541964924,-0.0668434040940596,-0.007815014956747891,-0.032380811994233295
2024-06-29,0.009205553774616642,-0.000399470337242364,0.004571838453844925,0.0017837399042916566,0.0023297691359748223,-0.009471004825118486
2024-06-30,0.028853793809744524,0.017415827691843896,0.021177670482927166,0.044135574678195934,0.007166978401282521,0.020944023942855532
2024-07-01,0.0020367312407112426,0.0011743572906945748,-0.009145090048679222,0.0004091653084905851,0.0018885746878681546,-0.007741974153615285
2024-07-02,-0.012229003319739846,-0.006075591825215269,0.005531561209175076,0.04896222337770248,0.017250765522829246,0.014307775625556518
2024-07-03,-0.0315021343281225,-0.03748337741811465,-0.041174007282556484,-0.08952289434951448,-0.0380098248971532,-0.055882293073374015
2024-07-04,-0.05388661548310068,-0.07423496066796823,-0.08058174281371067,-0.096688578948271,-0.07625067706608245,-0.1206777606189354
2024-07-05,-0.007410738462197537,-0.025796434310749378,-0.03144726651124293,0.0492890974307046,-0.018182319083190474,0.004275744078809632
2024-07-06,0.027885405242016163,0.02812401720644482,0.05530372687320129,0.06296920672683406,0.05425291884374217,0.0727593542824283
2024-07-07,-0.04159356377998373,-0.04530079310938496,-0.06946826964185218,-0.0831232954209803,-0.06751382830122571,-0.0853537388639701
2024-07-08,0.015222671228313616,0.029585301345544966,0.03975356171152575,0.06021343392459412,0.02843570747671881,0.032402589138115306
2024-07-09,0.023272682322844962,0.015656797515207238,0.012262927394610195,0.011449828176361485,0.009225157674825908,-0.00018592544443251562
2024-07-10,-0.0055996280225802065,0.011155003229838744,0.014977238490672501,0.00395201643514512,0.007319337342269922,0.00408239572355581
2024-07-11,-0.006708538049520128,-0.00047737162674238903,0.0001905669372131011,-0.045018584301366155,0.023201851692617084,-0.01267255125376647
2024-07-12,0.009532569171711086,0.011008461282564313,0.017003999340544425,0.027110203482991136,0.05501603795629006,0.009798053470336226
2024-07-13,0.022460333746386348,0.013328649364562585,-0.00262615044946713,0.017344762373132188,0.1024690897754197,0.042006175634155214
2024-07-14,0.02656596839138983,0.021539500325223178,0.023023668314346084,0.03978974946502237,-0.009940819770378747,0.026708079644817875
2024-07-15,0.06257882518464983,0.0708659543880182,0.07170578146187255,0.07637895433858262,0.03158057659405898,0.07954243251176941
2024-07-16,0.004929571655444641,-0.011334624893841374,-0.015669713646746915,0.0077500387907141624,0.0754500134534959,-0.0009612304488917007
2024-07-17,-0.014806827344029673,-0.016711996605915814,-0.012750150893826508,-0.032395595141027335,0.07752989299751997,-0.024336048502212344
2024-07-18,-0.0015626673332034774,0.011579995990526091,0.005259479164668765,0.023641162041143284,-0.09424046461374871,-0.018397800764690855
2024-07-19,0.040910757335444886,0.02223169961375485,0.03690455693545098,0.06038075632551852,0.0062992334279871505,0.047929496620846335
2024-07-20,0.00717432290208512,0.003979478348910874,-0.0005056890120403836,0.0260861522402991,0.03496500136229263,0.06788140868231264
2024-07-21,0.015156828740989328,0.005223010078664497,0.01572464652012903,0.06084145924342437,0.00788528538363772,0.04386860038986827
2024-07-22,-0.009334516829783621,-0.027618334530467182,-0.02572218806450412,-0.030768270955000534,0.015915455305899363,-0.017984802429343735
2024-07-23,-0.023916981434216472,0.012398112613455527,-0.009066865637681668,-0.0333620006461165,-0.01742059816050121,-0.05559681352260595
2024-07-24,-0.008529507623456263,-0.043037769729975965,-0.012102499033378997,0.028655582276968107,0.03357234826126819,-0.018276664551016755
2024-07-25,0.006463859817351855,-0.049256726417778035,-0.007507673849845581,-0.03549856884968233,-0.0300638658384912,-0.021247985508530992
2024-07-26,0.03153462223775808,0.03073997600638479,0.017890186219087157,0.06319196466079043,0.006317560496518167,0.06886512901559959
2024-07-27,-0.00016921384598440523,-0.007848443474350228,0.0012043012208228041,0.004686912498292673,-0.013011025915106852,-0.020706232383853863
2024-07-28,0.005191188977428364,0.006488578823412966,0.0039468090701823095,0.0053142579381531855,0.009358357068965397,-0.010708378293308125
2024-07-29,-0.02170181316434392,0.014420801773655689,-0.01657782741924114,-0.012681477267660285,0.0011636606749057875,-0.012458086610740136
2024-07-30,-0.008974685027823451,-0.01165717542179405,0.023915118249644055,-0.018854399786319566,0.0419710267697611,-0.02299857215260948
2024-07-31,-0.02385142421501373,-0.014272464880157914,-0.020091686410781035,-0.04247225401338802,-0.007515826536032977,-0.029020344734018697
2024-08-01,0.011171199683345215,-0.009117329095398752,-0.002431400989405148,-0.025600076800164583,-0.04363493589686969,-0.024325635971274025
2024-08-02,-0.06080893312569105,-0.06906980163942816,-0.05761879780830322,-0.09127340814791517,-0.06172557976095666,-0.06465618500565448
2024-08-03,-0.013099436128860992,-0.02917782177676601,-0.024803136288606902,-0.06945118163999618,-0.00877748582122352,-0.031234043656727693
2024-08-04,-0.04269555681819708,-0.07682549632844399,-0.06373320601452366,-0.029840205850911353,-0.06120953555833628,-0.04116506819387237
2024-08-05,-0.07388270778154322,-0.10554152167987006,-0.06807330476793821,-0.06380142569370156,-0.06704101216546712,-0.09486690457133339
2024-08-06,0.03641232998749407,0.017103749924450695,0.043420940914768114,0.10674651726570339,0.03477387852642384,0.021907484812263657
2024-08-07,-0.015975161468007117,-0.049355059018510734,-0.020421630720463466,0.0025590497072263047,0.17033108489524304,-0.00906114620172589
2024-08-08,0.11228735091416127,0.13540240028922618,0.08492147536753455,0.11940115278225889,0.026957582445783283,0.11734119059727835
2024-08-09,-0.013842409307287744,-0.0317070913877183,-0.016377827573456526,-0.042898158761341405,-0.060330714314103785,-0.034260945331117704
2024-08-10,0.001404713543484379,0.004277465388845785,0.02791419854784616,-0.014631734816495781,0.00618239990831734,0.012629329745025213
2024-08-11,-0.036964958668207114,-0.021118628942741847,-0.03838756767534995,-0.08422324096396835,-0.055075928592803504,-0.04462031901495126
2024-08-12,0.010741321896940523,0.06327617065377597,0.028976185426794154,0.03279665858358878,0.027829123769485625,0.07024469722939541
2024-08-13,0.020687318243458014,-0.007322042615237078,0.0115120227612964,0.0024578424334653353,0.015016870285153994,-0.01446798000082328
2024-08-14,-0.031926101818424826,-0.015283981564079844,-0.0015273007932605951,-0.020251415337304575,-0.014489212195345515,-0.03794285376941159
2024-08-15,-0.019657942646201854,-0.035007990620865556,-0.008056824706165153,-0.007894134396673068,-0.01416705118312714,-0.021618728535170002
2024-08-16,0.022910978337253942,0.008848278205884167,0.0009625566245159008,-0.02514158417240065,0.005513575550385378,0.0013960911721097135
2024-08-17,0.010431923382209742,0.008365324821256171,0.04127599958366898,0.020572316794084628,0.004777501788048984,0.023634778133996764
2024-08-18,-0.018057579517003593,-0.0009030624377273868,-0.019389123435841153,0.0034464602428121117,-0.006019848207488108,-0.026728747366925577
2024-08-19,0.017158062435947308,0.00922554085269927,0.04993695328593859,0.013044724755185755,0.06096929273745501,0.012812411450807852
2024-08-20,-0.007170849698593443,-0.024396604272670947,0.01950762339577451,-0.014098502646088614,-0.008052383721398193,0.015277938927492586
2024-08-21,0.03565715238614722,0.022251198129545374,0.0012286091935990954,0.0036483587791281825,0.010388833382417674,0.031192731761546202
2024-08-22,-0.012839442327577983,-0.002980821037672695,0.02220386101396783,0.0030068901365898452,-0.0038413408404398084,-0.008514715586774232
2024-08-23,0.05887576421662603,0.05185587630264984,0.014984104631144496,0.06775391596346456,0.022011645837113764,0.07042968517308822
2024-08-24,0.0018685710918962383,0.0019962107567640143,-0.0191099485447023,0.047216746512985526,0.0029421400758876818,-0.0031040776996984023
2024-08-25,0.0009813284334161388,-0.007932389942457324,-0.011434636023629296,-0.010951641108845516,-0.02094576451546261,-0.0269179505605796
2024-08-26,-0.021818360418123024,-0.02419303418173669,-0.04581498124563136,-0.01139108634024231,-0.021223636451626577,-0.04088282917169134
2024-08-27,-0.05594960850125526,-0.0869242189766755,-0.027556066262129076,-0.06800685063701396,-0.03605243136810355,-0.06165295455186016
2024-08-28,-0.006417925294743356,0.028483611085400803,0.006913976902308341,-0.019536976910957064,0.004753948560620149,0.007353344642230461
2024-08-29,0.005475126375226921,-0.0002848135084145817,-0.0011179431013412834,-0.027823594448880554,-0.013083637838883761,0.007299667431729275
2024-08-30,-0.003967156608714223,-0.0006371683032404386,-0.002239642593504687,-0.014461203845841226,0.008506165057421146,0.013852007378131206
2024-08-31,-0.00254026496747557,-0.005155786067161088,-0.004306719511282235,-0.019317202703152934,-0.0008826904977741901,-0.004826406807974219
2024-09-01,-0.028763415319443375,-0.035352850323422016,-0.039228219280157454,-0.05193511172503564,-0.03413300636945858,-0.06306514684451325
2024-09-02,0.03144134758080365,0.04525192185704056,0.026765822337153963,0.048901330864004826,0.03677874386833979,0.041507425769534284
2024-09-03,-0.028202897779850595,-0.04542920452647489,-0.014545711002378638,-0.056400194312153644,-0.018668868271029877,-0.023994208428035912
2024-09-04,0.008369626775024829,0.01042667362399451,-0.021631945517121925,0.04671957660143001,0.001255492945831781,0.012630449777720803
2024-09-05,-0.03138033882672037,-0.033990059149168084,-0.010297120686243803,-0.03216395865497694,-0.024495464074171552,0.004276556767260172
2024-09-06,-0.040262751080288636,-0.06252743828077964,-0.03072189875830159,-0.03427200150995066,-0.043742308862142,-0.06160305195897853
2024-09-07,0.0036604367595428834,0.021495400637582665,0.012848142477849059,0.021048411184542638,0.00707527571471045,0.030332767678263216
2024-09-08,0.01300733247035669,0.010378838616076844,0.019266098623736676,0.018925562932403855,0.008915927411581714,0.008039719629780697
2024-09-09,0.03882199877924005,0.026715211868316886,0.030536723860081702,0.037179564076792605,0.018709619656728238,0.07606706922129114
2024-09-10,0.010359360363052208,0.012224195084661072,-0.0032828068489254244,0.004063394457256417,0.0024067400305648376,-0.009295186987123715
2024-09-11,-0.005183618786241656,-0.020287982782529586,0.0250227934853314,-0.023951900477923473,-0.011156679500966027,-0.014600229955478772
2024-09-12,0.013758211280425158,0.0090211593201128,0.02680227437925479,0.02704377573255555,0.050676050827968264,0.013529618144617658
2024-09-13,0.039888515176949337,0.03225891317213316,0.021619517676272543,0.021595342443084517,0.017967719590679297,0.04074019158348402
2024-09-14,-0.008381917831569096,-0.008812117192878863,-0.005587110145223828,-0.01361550581612167,0.039032685163418186,-0.014692296686425839
2024-09-15,-0.014456155768720775,-0.042969163114274886,0.000180717448761437,-0.04298453237480154,-0.04288086203045436,-0.02488001155263476
2024-09-16,-0.01564652918074257,-0.008855640749803263,-0.036247184012926204,0.0007609192270961293,0.027654717763951158,-0.0313189341606474
2024-09-17,0.035438379599161005,0.019890768510761287,0.023151325699705516,0.0005322991646921247,-0.004613421253858762,0.014744240004567668
2024-09-18,0.023691660342147144,0.013972304355667368,0.024058318712375175,0.021062911965513555,0.002223933856477368,0.026639619923573984
2024-09-19,0.01905308607791393,0.037384827775575745,0.013315775975772156,0.06170120364216006,0.002730377122857327,0.010917557204728597
2024-09-20,0.004012085061529829,0.03827698744610405,0.0035211303985789606,0.026041879184774713,-0.002901273474636266,0.005319666767479816
2024-09-21,0.0023375749611005414,0.019715355036530664,0.033866401673041585,0.018577222197340072,0.021138861024417175,0.04065902529644271
2024-09-22,0.0036209624041565595,-0.012092418309888196,0.0001698802348432457,-0.03251544777735283,-0.01772647074846742,-0.03329633392777764
2024-09-23,-0.0037625690717466927,0.025238668859070917,0.026484954020631685,0.0011056597076896262,-0.004096267888515383,0.01623169965207961
2024-09-24,0.01446248637939056,0.002350869073716024,0.002313285896095982,0.05338723978902404,0.010886312648698888,0.01579028493156685
2024-09-25,-0.017434692343162504,-0.027996439768490675,-0.03100893718642369,-0.03159452708494948,-0.013626509602213514,-0.011911447412281676
2024-09-26,0.03151578569135097,0.020072773877989385,0.015037877364540502,0.04989009384624139,0.01261093740930672,0.08555088308316917
2024-09-27,0.009102584128001627,0.023343886429398778,0.017455351345316922,0.013346728983156763,-0.002883068222750601,0.04411323853239449
2024-09-28,0.0013378619530761801,-0.0071587972686246865,-0.009437937429260676,-0.005661772813772763,0.04158257477096934,0.03617677964073315
2024-09-29,-0.003894573316477157,-0.006596896503964429,-0.009192009235262446,0.010850016024065844,0.04367227854976198,-0.029157508414912957
2024-09-30,-0.03528524055475455,-0.021062215708309424,-0.04850477843510308,-0.038403175410175044,-0.047590011278663615,-0.0853025366132275
2024-10-01,-0.04063624492665931,-0.06118319307059319,-0.036067424224878526,-0.049469127644649405,-0.02433693492869803,-0.06661287729735905
2024-10-02,-0.002577086316775542,-0.0347881768230544,-0.008809012735257728,-0.0347025814100927,-0.10299844896112467,-0.02109124382269152
2024-10-03,0.001703926352847916,-0.006067181682279811,0.004230669420687945,-0.024261117739326817,-0.03132331553856443,0.004292056758218761
2024-10-04,0.02170883041003728,0.02712473268730683,0.019089753412258968,0.0458553517973802,0.02330312893184782,0.038920501904820354
2024-10-05,-0.00045108906551724495,0.00010353960502683366,0.013771119892128926,-0.004548165836204241,-0.008651549167194012,0.0014635933823765716
2024-10-06,0.012202629820996201,0.010451843867824944,0.012882910022802618,0.026915521072227513,0.007902204808412987,0.01982055020972891
2024-10-07,-0.009531284031326389,-0.007123585979335531,-0.010576513187398788,-0.017353417155425196,-0.00941449243122509,-0.02891110452440935
2024-10-08,-0.0010211885021863328,0.007475978564708481,0.028820438535491884,-0.0032701368505147796,0.004530019071750119,-0.012250733260416766
2024-10-09,-0.024830482976427176,-0.029274479174812445,-0.017542785967923736,-0.029420126234814863,-0.012316593405587098,0.007905914777713016
2024-10-10,-0.005119452832531935,0.006735419496232244,-0.01198674672952604,-0.0021554829440484564,0.011374530217685992,-0.01785344425278983
2024-10-11,0.03603669892744918,0.02196943305546825,0.017055358472274167,0.04569251374378298,0.01552448648217102,0.04373390659113448
2024-10-12,0.010596362001929363,0.015012792389185134,0.0052164959188911505,0.005960350601976317,0.0009275578069724683,0.00549179863268112
2024-10-13,-0.0053332935199566596,-0.003029134969148349,-0.007660204588291888,0.009111370573380479,-0.013440560740857645,0.0001795493316610115
2024-10-14,0.04985708823410627,0.06312723739912225,0.02910736791163175,0.06454275153338805,0.029991140807679183,0.046393518324832225
2024-10-15,0.014872066015212413,-0.008546603615558845,0.0091247676031948,-0.018121193801667743,-0.012110239746149684,0.006747260512403464
2024-10-16,0.008105370403983361,0.0014141970083359115,0.010707815209045643,-0.0031063964922850907,0.011927841204832335,0.06786864427467051
2024-10-17,-0.0029358340463448997,-0.002031858698996803,-0.013402780626560229,-0.024806049151096583,-0.007507130376805753,0.03085601095570314
2024-10-18,0.014813986471420449,0.01386081943641187,0.010569681489687862,0.029074861014826137,0.0044012541247134655,0.0561553660339267
2024-10-19,-0.0007309621248523259,0.0022796147004131985,-0.0025064763728012006,0.030822507947540594,-0.004585060760650485,0.049151164978662024
2024-10-20,0.00951888488044817,0.03659647963870094,0.01362600012073467,0.04652570490407798,0.0076909370127426525,-0.01348680517463267
2024-10-21,-0.02425888605349007,-0.02963489062861841,-0.01178730340547009,-0.007374797342252887,-0.0060378922796326855,0.010706515623878636
2024-10-22,0.0007195659176902162,-0.016595490814311574,-0.00838509021581389,0.008509159683659855,-0.020393736082912176,-0.028021736759711608
2024-10-23,-0.01129587277243706,-0.03815966676698236,-0.01510166988067931,0.019265458164518676,-0.015287643210359655,0.0019308476696384886
2024-10-24,0.02268451715263484,0.004430460785638904,0.01627982368185647,0.03643662460867724,0.011722577045863424,0.013553515972866552
2024-10-25,-0.022239429463163648,-0.03826495074970141,-0.0328290722615888,-0.07188337360442476,-0.057645042618159864,-0.07513862605918878
2024-10-26,0.005896224370562871,0.017018039738213687,0.01398141356437342,0.03562232620627667,0.02205682171355541,0.04356270763709632
2024-10-27,0.013750632418520554,0.010135729647841258,0.009892627154854203,0.03309559339552217,0.006600684031352093,0.04821151559219791
2024-10-28,0.02812846721520796,0.023518998337260344,0.019995625456641082,0.009354288879326792,0.005210858070889774,0.11264020689134278
2024-10-29,0.03888698282937757,0.027399395255018,0.008613603032568532,0.0063179880844584,0.01698676210888813,0.0854307899839867
2024-10-30,-0.005399473668343945,0.007697296775859888,-0.01780561226783094,-0.025686585405569246,-0.010463331454085236,-0.044058965228535744
2024-10-31,-0.02878461169591104,-0.054314403100932634,-0.03242051560555216,-0.03598012975334807,-0.025960388531305556,-0.0402576185120473
2024-11-01,-0.011388795745506882,-0.002830959525723158,-0.006088563646609982,-0.01547269435297089,0.0070409052851398025,-0.015461654651545125
2024-11-02,-0.0017465165389545408,-0.006896138178868885,-0.007883022340792325,0.00042134409387303064,-0.0054719698779933795,0.0024473671655245266
2024-11-03,-0.008668122839253566,-0.014741904629285514,-0.019356015821391365,-0.022148760598037623,-0.014408617970186556,-0.05249806410046515
2024-11-04,-0.013555167807772158,-0.024515533959114086,-0.009367750003600272,-0.02858407286699046,0.0009935420588777356,0.04412718096946295
2024-11-05,0.02218393837390412,0.010098078656152792,0.01919912697611286,0.05343724329866906,0.02063955329654836,0.07175314219742801
2024-11-06,0.08560223984821512,0.11649843968337495,0.050225627103394385,0.11319792586239448,0.052673664195829445,0.1447192364560451
2024-11-07,0.0037760095920657505,0.06182830263713826,0.010147254597341523,0.05098508461486104,0.025151681229193947,-0.016525908560517562
2024-11-08,0.00855685431952021,0.022632863127550862,-0.000735736773205696,0.017668304133313897,-0.0034255870512672165,0.04418623183409111
2024-11-09,0.0021892171563324633,0.054041098393057894,0.04391779641916568,0.00020013008522283156,0.010062977998620966,0.08049583300852027
2024-11-10,0.04703330369431591,0.018068713372695295,0.004265216252101706,0.0496735932650337,0.050720986899740174,0.23821442895925574
2024-11-11,0.09803226217915882,0.05749432156742296,0.05020635379471575,0.055821987561942114,0.053440884692324546,0.23498190539303815
2024-11-12,-0.007882034011635572,-0.038638961114455625,-0.053399561368085796,-0.04837607803360012,0.12593048273843532,0.07796509906811942
2024-11-13,0.027178568661184198,-0.01761524394286781,-0.007463859178164971,0.016355778526662364,-0.02037665565530184,0.049260164084083805
2024-11-14,-0.03432634643790914,-0.041101017450192553,0.002606640359888906,-0.0261846841307417,0.11465324363634405,-0.09590178899854165
2024-11-15,0.041568314974823425,0.01014510647198041,-0.004719459177388657,0.04149934296559328,0.1426353785550799,0.05097603768973882
2024-11-16,-0.004902030249246929,0.013775190182858242,0.005345970254195434,-0.012622242390819386,0.22819689033288534,-0.0463802263669863
2024-11-17,-0.008101554091419313,-0.018319465689832976,-0.006105093906663155,0.09610638670008557,-0.06125489444414565,0.00774020958348052
2024-11-18,0.006744588166355547,0.04195529227774299,4.8471922648210644e-05,0.009722240599326389,0.05481076581615043,0.011081571601844193
2024-11-19,0.02020817024435305,-0.03178610783031856,-0.005557235043455809,-0.009048698161739362,-0.012104935523187357,0.051310808312805566
2024-11-20,0.021177619537080205,-0.012131446526433241,-0.016562067177938677,-0.009088857984237447,0.0034476535692242577,-0.033551198251981995
2024-11-21,0.04185951709945262,0.08902538242000183,0.02684210857236623,0.08499572936068567,0.12171014323494514,0.023182011933155063
2024-11-22,0.005830172847894076,-0.008387756979741928,0.0177554351252404,0.0020651905950916133,0.1662888792545799,0.06539650957100622
2024-11-23,-0.012409323871574746,0.01967723407217556,0.027147885924146638,-0.007854824574334979,-0.0027880742959416963,0.04124344795952214
2024-11-24,0.002327936418892903,-0.009684596004898337,0.014091083261462686,-0.008510354346510644,-0.024401541574648862,0.000185964341873581
2024-11-25,-0.051239836346874276,0.01573008765630806,-0.03619641201474182,-0.07623167477441364,-0.013275929893885464,-0.09142678788668403
2024-11-26,-0.011297312096130885,-0.02663967292507817,-0.0363164153784195,-0.015015232517584834,-0.011235274268869281,-0.014339277871824105
2024-11-27,0.04151142667791282,0.09423692640189818,0.04871952984601154,0.04769760533571974,0.04966152899964475,0.03523296482682728
2024-11-28,-0.002288480239917697,-0.020600639750357863,0.014931285046687004,-0.01822592417801664,0.048154868962694775,0.0016697198999697182
2024-11-29,0.01880928130380514,0.003742857528017959,0.0012839130537107538,0.02387204768966619,0.15497481881076566,0.0598274914434166
2024-11-30,-0.010852955416106586,0.030537707609040697,-0.0018958800877873273,-0.023829959261873247,0.08037587442657651,-0.011227062593783553
2024-12-01,0.008029148706736931,0.0010821445867332416,0.003910133130214479,-0.0033726844786391187,0.16167041709921695,0.0437399343286523
2024-12-02,-0.013931627244584067,-0.017464663200909804,-0.012532664938356464,-0.047920609908911296,0.17211869082298306,-0.03672003951667942
2024-12-03,9.463180488125695e-05,-0.007966500888801449,0.12576770331816262,0.035683883460474276,-0.08192249379680716,-0.04393586554613565
2024-12-04,0.028161417666881416,0.059942985664728034,0.00663426597404909,-0.02060236560628058,-0.06280311443387669,0.06299605926629394
2024-12-05,-0.01679234704122157,-0.013800560101564462,-0.030799548390786607,0.028776798045838648,-0.049031985210313565,-0.013774707073458776
2024-12-06,0.028424916087496886,0.05491309555730834,0.01813055771414606,0.004357858433518819,0.0775928109290199,0.01822474381491593
2024-12-07,0.0009134510578209996,-0.0006629068833607846,0.026353944888109045,0.005347268588538437,0.07319176389531162,0.04088548895002045
2024-12-08,0.012716305068205409,0.001982408962845158,-0.010350560323403845,-0.004714210262726297,-0.003300586355262604,0.02946381372211143
2024-12-09,-0.03864784755258232,-0.07576050836477918,-0.07383224819519106,-0.0899536966291027,-0.16193342093070154,-0.11899799020481415
2024-12-10,-0.007050855728157901,-0.022820376555618988,-0.01814118668017592,-0.014085722045160193,0.06919173075851613,-0.04979059197196966
2024-12-11,0.04585110055392514,0.05458683804756234,0.04959193655123726,0.06212162808402803,0.009737747460893906,0.04976643884111881
2024-12-12,-0.011144290310743151,0.012912739605591311,-0.007678339464354358,-0.001452944669471963,-0.023540442542896996,-0.01929022297140298
2024-12-13,0.014099129370686553,0.006468608569695954,0.027874860123065972,-0.009607157456266889,0.03500283806941984,0.007115546755854391
2024-12-14,-4.190407172619906e-05,-0.00938918495649458,-0.013777437650412278,-0.021857319140724054,-0.008792723895460918,-0.026584330101775282
2024-12-15,0.02957210835064263,0.022684761244299443,0.004293706846060182,0.019541369234592747,0.01914486826964381,0.020650031176150784
2024-12-16,0.015149918553743596,0.006834229836600995,0.002375908582311503,-0.03669303247182461,0.015088503651366542,-0.01147760392206455
2024-12-17,0.0007076596818099129,-0.023665793377496414,-0.004018722339322131,0.03168654040890594,0.032944342089838145,-0.019596155268052542
2024-12-18,-0.057491789143001994,-0.0708319205483303,-0.044606310720490754,-0.07739851077572038,-0.10547737676852942,-0.09552839465547254
2024-12-19,-0.02774708582409932,-0.05958481711713975,-0.030712473087621418,-0.06356738258690231,-0.0313480486145593,-0.1308233928174615
2024-12-20,0.003519077229743537,0.016025379167371515,0.019312915217642293,0.003451032295211555,0.017839040666337326,0.011451472729793185
2024-12-21,-0.005263536125710258,-0.039143877434748564,-0.02251807028149788,-0.06934919634878861,-0.018285768393221463,0.007801402455791767
2024-12-22,-0.02188095438284901,-0.017246207763233396,-0.020895327951117575,-0.005138558700278808,-0.015717150453351116,-0.024644239751243007
2024-12-23,-0.0032072803231183965,0.04197885002231501,0.06608402736771975,0.05176127704473492,0.026251283467246332,0.03874447490948732
2024-12-24,0.039087452998785556,0.02043245246735483,0.003939446959238787,0.03605762520086761,0.02708703386299572,0.036646751863202466
2024-12-25,0.007733974670366026,0.0010929619495551213,0.008316590996583403,0.0017742635126199444,-0.011469256450636244,-0.008251093085621681
2024-12-26,-0.03727485759295436,-0.047417786322290045,-0.019136865358291472,-0.04654895793841273,-0.06352625053416384,-0.06675635473902918
2024-12-27,-0.01570409519397809,-0.0004618688374630609,0.0035475150326284076,-0.02275508721852076,-0.004323074716537427,-0.0028178052586248195
2024-12-28,0.010558907393903796,0.02092540778964204,0.04283600897106654,0.05942968386533102,0.017410216021351135,0.03939212646881597
2024-12-29,-0.016524020398176582,-0.014058404920025682,-0.03871068578847809,-0.028852146610614058,-0.042123792215413416,-0.03143948079648528
2024-12-30,-0.010144822242994745,0.0015956373430380765,0.015213818480789692,0.007552747536310258,-0.017096903238099006,-0.0012414255704571843
2024-12-31,0.008412972329420844,-0.0071825277956856,-0.0043476476137968775,-0.010875097329298127,0.012022451255773926,0.0064766243282991555
2025-01-01,0.010796745473918477,0.006748147479969488,0.007857416288885874,0.025914534455725575,0.11297209594330251,0.02848288876415222
2025-01-02,0.02498347626229524,0.027962297453185226,-0.00224879699320992,0.06972693731827936,0.029398974854781566,0.041568494031941426
2025-01-03,0.012189085912690157,0.04341713623585484,0.012145413980130516,0.0454218353815003,0.021536316499853814,0.11408814074762097
2025-01-04,0.00047170321374159335,0.013176828339608015,-0.0020584062326795246,-0.00607373145870815,-0.014195692557935949,0.03857355538371521
2025-01-05,0.001455967374787927,-0.00572889881064915,-0.005791820506324187,-0.015160260592736171,-0.0085901555302108,-0.03224965181197498
2025-01-06,0.03860903512357024,0.01405373621555297,0.02798522809397998,0.0222885301010731,0.008548834069904436,0.014335673752104908
2025-01-07,-0.05303702286757633,-0.08667195387993966,-0.04401626848844601,-0.07639480060071738,-0.0634592139919707,-0.1083388346799977
2025-01-08,-0.019728242676769096,-0.016105049519729974,-0.002840666453542927,-0.02347161423557316,0.04388879113921108,-0.01651493423833464
2025-01-09,-0.026738745131460816,-0.03302527736907786,-0.01527344006112007,-0.06555179511219913,-0.04344859216216819,-0.06424642240612369
2025-01-10,0.02321373193383758,0.014751494709359207,0.01121366079587633,0.014652866626702456,0.03000051590976785,0.039340523852520154
2025-01-11,-0.0013323046178590012,0.004821479079346203,0.0050219184475485176,0.0021821867775477454,0.09564403462716353,0.021687168634988093
2025-01-12,-0.0005808240981644022,-0.004741899504320375,-0.004834402670431424,0.0022304841961075634,-0.028264034542803598,-0.01562554867730886
2025-01-13,-9.477411717486941e-05,-0.0405344640637944,-0.006801861272331652,-0.030375537992279225,0.00739889607884187,0.006409707692152429
2025-01-14,0.021191710994825055,0.027698788303026533,0.014774724088811982,0.025376591185708227,0.05553878758642892,0.05142491526931952
2025-01-15,0.03995787586321273,0.0676864337198248,0.022215589466563292,0.09304421702616351,0.16407921576059867,0.0795260218448512
2025-01-16,-0.005088181069371945,-0.042455821806418985,-0.009123624990957207,0.025325094463135276,0.032000225748551894,-0.023312425284291203
2025-01-17,0.040092443843718385,0.04884126475735179,0.01910734700235758,0.03887636900249958,0.014409867988631003,0.09798926203115714
2025-01-18,0.004589391046213007,-0.04894404962267318,-0.01710398859188893,0.1768322038241924,-0.006857796729609102,-0.04643171931237742
2025-01-19,-0.0313270015419219,-0.028391425023029025,-0.037815679703300624,-0.03713562655775609,-0.09994825490627801,-0.10079934808025152
2025-01-20,0.009120676170877553,0.021197509558280835,-0.0009958263984692645,-0.041371824755450606,0.048360346400716604,-0.010772096981911183
2025-01-21,0.03727627951194209,0.013171100661510199,0.014112198822172036,0.03305750535311045,0.021819279070927598,0.047397799370756714
2025-01-22,-0.023228630058235156,-0.025857815117860245,0.004770389451882939,0.027695835502626588,0.0020459238184197316,-0.02412051384975449
2025-01-23,0.001962075026061362,0.029059258050247016,-0.008345052254707648,-0.016651706085125853,-0.019334856329436528,-0.030353254022040397
2025-01-24,0.009197843721146091,-0.008459355832431204,-0.013560370979447569,0.0010266941353610753,-0.005948283699287615,-0.0034428339195285134
2025-01-25,-0.0011797688916675218,0.0026188530036542652,0.00870620416742591,0.011926854865030211,0.002287040569100648,0.007581279124186903
2025-01-26,-0.02051364123722352,-0.026304371881395026,-0.02811593342117552,-0.06405763630022053,-0.02796130157669809,-0.05068010240650966
2025-01-27,-0.005248302947392055,-0.015641662305110726,0.018365757360875236,-0.02360277009407171,0.010826926000466494,-0.006208789832645978
2025-01-28,-0.00734755111376838,-0.03345913505110637,-0.027517899277095973,-0.03390301971535649,0.0006544074574224046,-0.046769570181324896
2025-01-29,0.023385612440133215,0.01168689674058888,0.010050789512156582,0.004832837489543593,0.0036241979102756756,0.016585366560286547
2025-01-30,0.009495592181071395,0.04197563692127093,0.01421056986779774,0.04352520990934149,0.019142274971354196,0.02285133830651007
2025-01-31,-0.022142853251164527,0.016370826701882987,-8.856088566671234e-05,-0.027826846520804412,-0.029692140200868657,-0.007964550073789134
2025-02-01,-0.017668774175154188,-0.05717819419778655,-0.03688002988985937,-0.08431249975235626,-0.05354768372017301,-0.06591374421952062
2025-02-02,-0.029598970722466058,-0.0828437039863488,-0.05532046095630318,-0.045717857137654985,-0.10923671441365414,-0.13855456554643591
2025-02-03,0.03646031368487303,0.0035550460255048323,-0.0009554579232300516,0.06085872078934718,0.04549941042794014,0.06067728249734967
2025-02-04,-0.03582039951426249,-0.053018159665724804,-0.07486476446283079,-0.04559571572621912,-0.06609770301902294,-0.07809912927110975
2025-02-05,-0.011840104206887518,0.020676747235431996,-0.005497982752499507,-0.0522514320045525,-0.05967053883771766,-0.02794423996067473
2025-02-06,-0.0006013456532248081,-0.037122816649653355,0.003802785694993662,-0.03412663274098373,-0.023800528465405896,-0.032934257313417384
2025-02-07,-0.0004925900520273397,-0.024315818803290066,0.010422651618991774,0.01284320329601559,0.03041447530144342,-0.005582538769996519
2025-02-08,-0.0006432703479849328,0.003943246789126041,0.05829732179369617,0.03746828607513934,0.009219717287126996,0.02551250729615596
2025-02-09,0.00018672162550374357,-0.0020077426491750087,0.0055691399435946675,0.005753036203181105,-0.010890003294289114,-0.015863858533815937
2025-02-10,0.009985664239646478,0.01286236359572681,0.0046012102627876455,0.0,0.012831069838034389,0.02585803969456952
2025-02-11,-0.017107486030289196,-0.022266288133639834,0.03721994391689284,-0.012599619532699466,-0.004383070199297139,-0.009322151408028953
2025-02-12,0.021604863590941464,0.05081923108843668,0.08192534672410554,-0.00597863664606599,0.024681494353481017,0.04304359133563053
2025-02-13,-0.012976962582638805,-0.023051773014207893,-0.04731907594425711,-0.012940364189862559,0.034374472902692084,-0.006570101297408704
2025-02-14,0.009194298389878524,0.01854243009741044,-0.007565554837452379,0.026116716571051156,0.06740561300532674,0.035005914018734416
2025-02-15,0.0007092833675137415,-0.012146324170659471,0.003782381657742659,-0.024933375810940028,0.00854504044974045,-0.00022077492086588
2025-02-16,-0.014988732643856638,-0.011814609501231234,0.016311180839651232,-0.032452227271247386,-0.012240144074207827,-0.023042579927769275
2025-02-17,-0.0035239568777999416,0.030578873730619873,-0.008339535581072815,-0.058737494017914206,-0.025390176507397416,-0.02810739887280399
2025-02-18,-0.001130937870179614,-0.026611418119546062,-0.02938593587864623,-0.04734919306598339,-0.03718811731924414,-0.02676979070229959
2025-02-19,0.010114995490717066,0.01615258534033704,0.007990454020034385,-0.0023059877180860036,0.06605426739654528,0.013552966404703668
2025-02-20,0.017036938024453396,0.008266237470579285,0.0045505293299668076,0.040999567103514885,-0.018468868889769407,-0.0002355065363949154
2025-02-21,-0.021832868521335577,-0.027789029131547016,-0.013636958452951214,-0.040940372738801224,-0.043963123421116176,-0.06102216490724293
2025-02-22,0.0038294476827775473,0.03694335953723281,0.03206864264796122,0.01835774846571574,0.0007384233055455641,0.028384119317434984
2025-02-23,-0.0030393831239023624,0.020230283460336135,-0.015298077529744384,-0.024294598009649043,0.0008931519146054331,-0.015161402780051809
2025-02-24,-0.05011535775172125,-0.11494278867850116,-0.06952241756549314,-0.16911863928216248,-0.12292471026567287,-0.1432909125412218
2025-02-25,-0.03187783350742482,-0.007114910175048293,0.015012118492369405,0.017614210906217453,0.01908546138790124,0.0054501213080964
2025-02-26,-0.05124925785668909,-0.06597080814131187,-0.019303305315013206,-0.06446000046696441,-0.054876168558105766,-0.038691502609640605
2025-02-27,0.005427257747781736,-0.01233841870588364,-0.010123506728255684,0.017289807990776423,0.00013646598606485935,0.016178901705970045
2025-02-28,-0.004242797559089215,-0.0308606303070003,-0.029059926023753305,0.07349559908522685,-0.024495906898404866,-0.02461527232215563
2025-03-01,0.020123266049919198,-0.009068565261909826,0.033213755327001514,-0.030978354341855335,0.0213524679418007,0.023938289704423955
2025-03-02,0.09106564168828868,0.1271777915729189,0.02599446614112596,0.21831498366205024,0.2936416469904555,0.14634618855392162
2025-03-03,-0.08925376118948612,-0.15850134915595218,-0.07977295316185906,-0.22881119646230996,-0.20811049744221027,-0.183801904820564
2025-03-04,0.01223478265846054,0.010415507117134374,0.013636849230958942,0.018331232946934468,0.027678567975256318,-0.0004018283242575855
2025-03-05,0.03737651951263447,0.031762657397629936,0.024073905259507093,0.01023817648785012,0.018369140468359267,0.02803829400620376
2025-03-06,-0.007467940338037054,-0.017728574794086408,-0.0029127696908327607,-0.020512477211200347,0.039339177152287484,-0.01565608977313223
2025-03-07,-0.035425823298239754,-0.027903647473347906,-0.002904465345686798,-0.027734356328185276,-0.08614115985224721,-0.015451466246549549
2025-03-08,-0.006696198157303769,0.028530097293870307,-0.0028117573476030087,-0.017221843876777693,-0.02521570054029988,-0.031222148148512405
2025-03-09,-0.06576620160006473,-0.08678284940341682,-0.0670257346600124,-0.07973255943843903,-0.0839948776241693,-0.13476508903903306
2025-03-10,-0.026845356703792466,-0.07998579015319479,-0.042652901255110995,-0.06692853802403392,-0.056308890717708046,-0.08702760219548736
2025-03-11,0.053713906024732805,0.030795379592982407,0.0371568919043022,0.057717006201757945,0.07134467446620724,0.06568175369096885
2025-03-12,0.008968502033038601,-0.00794966121863827,0.03256698980733989,0.010080650511678226,0.031063326934546463,0.04689564813814963
2025-03-13,-0.03112391755655611,-0.02311919955008724,0.017274951846355403,-0.026002505032607256,0.005832218299209646,-0.04271090721603463
2025-03-14,0.034739262047201416,0.02492555369388252,0.013635484824467022,0.0792130883463494,0.04500553387358432,0.03980713608339876
2025-03-15,0.004220972745167093,0.013261401678778083,0.053126545580804305,0.017223885333433248,0.014618480441023665,0.02299744907823054
2025-03-16,-0.021136472120496245,-0.02623987877176881,-0.028855630845192843,-0.07431182266405416,-0.0415436801581338,-0.04516765528987005
2025-03-17,0.017234917011719673,0.020617989385469538,0.04780915143252816,0.014795264768916476,0.01917157164229649,0.03016422433705012
2025-03-18,-0.015534869726955195,0.002711356431177048,-0.006161194559473845,-0.021158127244587332,-0.022971615525866445,-0.031056576935007508
2025-03-19,0.04873441757894435,0.06247391784342425,-0.014617070383744603,0.07676598146498344,0.10846714628511948,0.05764434900196058
2025-03-20,-0.030663070683642123,-0.03578237356016173,0.018845070451311164,-0.05881586917772486,-0.04447853344162936,-0.04893344090869862
2025-03-21,-0.0015994092488549737,-0.009135304596834008,0.007427106610193264,0.0068728792877620504,-0.02291983244548571,-0.013184654706045669
2025-03-22,-0.00295600663481781,0.007571416958698752,-0.012930190129392909,0.00023347212059823054,-0.004124584971924861,0.0005976572016291602
2025-03-23,0.026388880980959678,0.012692435634265985,-0.005148716202942078,0.03313867418949608,0.02835713040896978,0.030769848123780884
2025-03-24,0.01631162582836565,0.03680694595155828,0.021081463117467794,0.059685413340592915,0.00441772715043827,0.05850937419209341
2025-03-25,-0.0012040641846587025,-0.007257678306284416,-0.011461172107819101,0.018479359508743253,-0.0003673994285402737,0.040795764668058856
2025-03-26,-0.005550150091920325,-0.02779108454557782,-0.018961788178761593,-0.04485056616535167,-0.0416014642140137,0.022204689004035234
2025-03-27,0.0037078004164337397,-0.0029203794321743964,0.030862368975110886,0.007905179507113247,-0.003581787898874815,-0.023044407747615202
2025-03-28,-0.0327151282624945,-0.05475453339943444,-0.027921665611767656,-0.0667611246188949,-0.05880813934374474,-0.055152902641910834
2025-03-29,-0.02125906318917359,-0.036954739000034896,-0.0275123666185964,-0.03865557825474937,-0.033256565173831,-0.061023475204952944
2025-03-30,-0.003133210305684936,-0.01118878943123005,-0.0013109967941129922,0.0019246196798973169,0.0008426966790825839,-0.018150398592261335
2025-03-31,0.0019403425512951966,0.00809332906461524,0.004324743072532514,-0.0022457500615909124,-0.022239962728212104,0.0008403866272861159
2025-04-01,0.031108055610873073,0.04430073445199792,0.010395343377409848,0.016958330051235104,0.023081949867486892,0.042984541125333946
2025-04-02,-0.031516618721199686,-0.059343932731742675,-0.03403528689200278,-0.07582802885950128,-0.05527064871407889,-0.060111045247222605
2025-04-03,0.008408938788086611,0.012185786577508531,0.0033633360813136934,-0.002131378955975606,0.020105850326790436,-0.009321217915192841
2025-04-04,0.008100200026060092,-0.00019812333242212469,0.008467934804768856,0.04684970749235716,0.03118250260466123,0.05379155736444796
2025-04-05,-0.004203368759459135,-0.005995248271208042,-0.007692087236756826,-0.020320718970891768,0.006550650413074086,-0.01351927955672861
2025-04-06,-0.06309499122461922,-0.13321424803042528,-0.0654729855668881,-0.12756518334595185,-0.109504275578972,-0.12402361807955026
2025-04-07,0.00930554243469642,-0.01769144361261582,-0.0016934805063329203,0.010145695294937352,-0.012092805393798088,0.002074620118373073
2025-04-08,-0.036545314426559464,-0.05263485816822717,-0.0015879893621434183,-0.014972736043253174,-0.05544044767457936,-0.050245293757081234
2025-04-09,0.0792271898213657,0.12495072793418767,0.05036098099046833,0.12178093682560974,0.13352443385177182,0.11952336769514209
2025-04-10,-0.03708812786599812,-0.09234066669439746,-0.007394354370358341,-0.053838585316042735,-0.0433541404940329,-0.042952951563980574
2025-04-11,0.04682832264786211,0.028877730971497012,0.013574558077265242,0.07346825993905484,0.028435082800117736,0.041267294851432594
2025-04-12,0.02196948907660708,0.04817454521355104,0.01920242907550953,0.08544520595688501,0.06568125486601269,0.0463353856541522
2025-04-13,-0.01794804235026729,-0.028639131361487033,-0.02202243760980916,-0.029623837629136753,-0.0187882331800524,-0.03046597252947627
2025-04-14,0.009879167909975919,0.016147957763760806,0.00044489314742816985,0.00806831374548794,0.003720189828922089,-0.025286269704700406
2025-04-15,-0.01126515660201265,-0.021784179981145808,-0.008625038434989353,-0.025908387661336827,-0.020562492889202064,-0.031915557276412695
2025-04-16,0.0046088222541115645,-0.007353345914930207,0.005643899626001216,0.04055869762928561,-0.0003839140079785977,0.007461026598380292
2025-04-17,0.010859844983458261,0.0041002854241772085,0.013108626371955773,0.026301486048914607,-0.007757766519076528,0.007534083739531138
2025-04-18,-0.005586282238964962,0.003139759594925102,0.0020639493031440457,-0.005876462776873703,-0.002615520235602694,0.010910243163471589
2025-04-19,0.0071048834511910006,0.015410049874644342,3.37997701646715e-05,0.04257515692210305,0.012435093723244854,-0.0015241001235640596
2025-04-20,0.001200895852997235,-0.016190916172083583,0.0017560156475212795,-0.014474742333706771,-0.004320283217468698,-0.013371492532881498
2025-04-21,0.027066519704468342,-0.004919600819362497,0.007680000104935772,-0.009474598971320703,0.0032659363355547503,0.026252898153427226
2025-04-22,0.06552725583428472,0.10603388993379359,0.03482689433181494,0.08577183735342071,0.059747031493179344,0.11396259832983162
2025-04-23,0.0026514695623879032,0.021857470360468853,-0.020912036176625626,0.015405953439087912,0.002030549171388862,5.5980071109142754e-05
2025-04-24,0.0030840074520417163,-0.014262231474765616,-0.006891666194427372,0.00955054188398481,-0.0061040589229540585,0.021596719556828906
2025-04-25,0.006979277255771385,0.008412513564324264,-0.0027300135145122847,-0.01140533838817783,-0.010806972326707735,-0.0052179285170256716
2025-04-26,-0.00011285663183106742,0.020125600231878177,0.012127988010532213,-0.010732363122170581,0.004574154896961873,0.001815631430520336
2025-04-27,-0.009329217194183042,-0.016383870030276824,-0.0062278736677256665,-0.00827758015492547,0.02736937131071264,-0.014339346041893106
2025-04-28,0.013370370730845774,0.004783965327616204,0.004464219315290186,-0.0009465216040307133,0.01887055930098518,-0.0014508931116645096
2025-04-29,-0.007971384433910092,-0.0011507385174512378,-0.008549043087910312,-0.010402949503303114,-0.025106659688695538,-0.024935563863081284
2025-04-30,-0.0009002869702098006,-0.002338908796338469,-0.0018652993217282666,0.008371667066085161,-0.021315835962304353,-0.013952373929479272
2025-05-01,0.024315545810009744,0.02450752110385425,-0.00041683688109283315,0.02218664014891393,0.009765924406374716,0.047672604537541574
2025-05-02,0.004108352658419524,0.0022226397688022595,0.0017661961402815258,-0.018735911057469704,-0.0013569750589584532,0.004749291012236992
2025-05-03,-0.01069534904680462,-0.0047228930029837345,-0.0022165752169442648,-0.0090922053960477,-0.010053536287297434,-0.032874302912369674
2025-05-04,-0.016607613109211234,-0.013540803974340185,-0.02249143644985769,-0.01899183209336793,-0.014367533940797195,-0.029759801716376856
2025-05-05,0.004825752587870044,0.006244078649583546,0.019567384473807296,0.019059991449969886,-0.011851022851790675,0.0007622175034088508
2025-05-06,0.021928792437757434,-0.0017541018302236297,0.00826547390907853,0.0010899183640256005,0.011387093360750963,0.009159656817545842
2025-05-07,0.0020269832486365163,-0.003246872434657581,0.0002157193002466874,0.0029911647046841332,-0.013313287844159808,-0.0009877691747610512
2025-05-08,0.06224021212940302,0.1978709051504642,0.042981929965282065,0.11006028796588499,0.09018839248730369,0.141514499055788
2025-05-09,-0.002808564699583071,0.060491637192219526,0.05732352074704578,0.049351729387988735,0.00715038048981651,0.035347075845766275
2025-05-10,0.017687693367897713,0.09673809457506417,-0.0035934754762128244,0.029146272806440294,0.052847186944504285,0.19950542396163304
2025-05-11,-0.0066198315306769204,-0.02693873911823869,-0.019391505311401467,-0.026776123996226437,-0.043040065101328705,-0.07805967737291877
2025-05-12,-0.012823957677924932,-0.007624726562569798,0.013605859588791304,0.005929610649794066,0.07207500599734157,-0.0034570709855054507
2025-05-13,0.012686796194268246,0.07123149149621383,0.006132023443444253,0.05325726970220016,0.015214462162221621,0.041422653878783605
2025-05-14,-0.005740544445962826,-0.02645798019825446,-0.01771275231756857,-0.039462375004215657,-0.012701799382124356,-0.033789851993050096
2025-05-15,0.0024691295519930546,-0.023671097836287125,-0.0009046652205910722,-0.04326875048444258,-0.06676033428094877,-0.05924283356286074
2025-05-16,-0.0028935353660749547,-0.004549922218868295,-0.00788521303617421,-0.01045885454891279,-0.002434214489420978,0.007809347293095139
2025-05-17,-0.0032649150658740724,-0.024756860728527823,-0.011273024758400986,-0.008759880819235797,-0.011282842759218243,-0.030024289787074818
2025-05-18,0.03175756480007516,0.009129618637998178,0.018621184974031434,0.04339791948542134,0.031334265417554054,0.08257408719418946
2025-05-19,-0.00830574322175089,0.012081517129454255,-0.0029358665363824195,-0.037869059247631925,-0.019841343037387063,-0.03755714742323797
2025-05-20,0.012016222070838009,-0.0015636353147152056,0.0005847863388209216,0.010314594353781239,-0.010049062778216203,0.007987617352094268
2025-05-21,0.025812774424210004,0.010561299937301044,0.03523348477166615,0.028880763274702622,0.016289267301578272,0.03385145833999992
2025-05-22,0.018544112729196732,0.04365499400221554,0.019502338845169432,0.03482699588772073,0.014877095139977661,0.04813071881233133
2025-05-23,-0.03998359037453153,-0.05330156737301998,-0.0440546098855612,-0.03206472216264619,-0.05691406146325251,-0.08658945947934595
2025-05-24,0.004125071563271793,0.0015424472594757481,0.016649566863518383,0.01063231692078598,0.014567246294203544,-0.0003997068869418043
2025-05-25,0.011462065339148519,0.008194283121783164,0.002138398511973148,-0.0007394556805757028,0.0048801466716742094,-0.0009332711829984346
2025-05-26,0.003942524889582682,0.004879851401569555,0.007218743439843464,-0.004734074148725389,-0.01349977509465271,0.00465767027398094
2025-05-27,-0.004548373170012511,0.0371790601849991,0.018542993837423326,0.01023841490099243,0.002809536978083309,8.850732403869682e-05
2025-05-28,-0.0106718460844975,0.007783043587972976,-2.911631969925091e-05,-0.025795308503156082,-0.018558581000774815,-0.022464810120118205
2025-05-29,-0.02054732532520838,-0.018901407621664652,-0.017431842890805686,-0.03245888635686857,-0.013279231959856539,-0.02794849557134506
2025-05-30,-0.015310028157546413,-0.038763416887778096,-0.029557617092177017,-0.06511853855435412,-0.04763674352625976,-0.10439398993218259
2025-05-31,0.00581464554481119,-0.0012965966160090577,0.004035425807190804,0.0015992327093055612,0.015764421424580382,-0.005491103726920767
2025-06-01,0.00999890319604234,0.004400798850344821,0.004185692882216166,0.007831192729573826,0.0024810488261066714,0.0058010210847732994
2025-06-02,0.002033656157331761,0.026504382446835256,0.00777873825091481,-0.005405246698131419,0.007907347460640982,0.007409346991534366
2025-06-03,-0.004555126803574655,-0.005403059231682269,-0.006538531189139669,-0.010512243462799997,0.0216621471663214,-0.010098493774207039
2025-06-04,-0.00647422512636591,0.005506604904045108,0.002475809298948189,-0.01251434714127517,-0.019660963981529188,-0.0261799176557869
2025-06-05,-0.030924814911036578,-0.07717167198088684,-0.04614601438793033,-0.060310662233093885,-0.04998129538469029,-0.09512414565323356
2025-06-06,0.027016209665029333,0.025395476560089048,0.014702228744006956,0.02423780160383429,0.03113055258272332,0.04420008823609283
2025-06-07,0.012044621848145592,0.01940977560768664,0.012555053902940636,0.014972249204584034,0.007886221608231036,0.03479424331188732
2025-06-08,0.0017213626629398297,-0.005879495570297428,0.0018114556464716557,0.015801459316680925,0.040555525100638416,-0.005036702678372711
2025-06-09,0.0419420963494116,0.0656502790426938,0.02061427905197028,0.055560986888882814,0.0235838397159895,0.056573066220293955
2025-06-10,0.00010311175786527098,0.04959417285383804,0.011844002571515772,0.02427482197005151,-0.005919861730329229,0.018302493613730014
2025-06-11,-0.01488492352072924,-0.016031094874014874,-0.009068327688721217,-0.025454470075059903,-0.01616532208741107,-0.028409840384837678
2025-06-12,-0.027749388787279217,-0.04764617720998437,-0.019181032473596517,-0.05523444117508288,-0.03610014673823374,-0.06332989485303973
2025-06-13,0.0037297023772628075,-0.024306805427401885,0.0009159606777332959,-0.024725438759396416,-0.01969121289018171,-0.0038727572608444655
2025-06-14,-0.0061655785271072,-0.018955743264715684,-0.014973837762613821,-0.02701023563979245,-0.0036392519053321535,-0.012045650889604072
2025-06-15,0.0017001202861056666,0.0066360118836382735,0.003988256948262037,0.05599392709130769,0.012125865782650987,-0.015320988270664845
2025-06-16,0.011305061807508105,-0.0013511976257330142,0.003926313621035874,-0.01481801290712109,0.032931328217189165,-0.016138182261702435
2025-06-17,-0.02123009135616664,-0.013541634518074394,-0.004096031350002905,-0.02112117135269488,-0.03593745835706329,-0.019645159379942167
2025-06-18,0.0032048660451346727,0.005978230100768063,-0.0051204814667784055,-0.008369958019474115,0.005312404224841062,0.0077638314931894785
2025-06-19,-0.0021779540173212956,-0.0015378154957248734,-0.00018613019861091386,0.004771977151492939,-0.002629577323124623,0.0014051524560249953
2025-06-20,-0.013085610610985732,-0.046533992891629815,-0.004726891391090113,-0.04827683022423675,-0.021194948675787872,-0.051502709442794475
2025-06-21,-0.011469227749354669,-0.04711837861639429,-0.019897081656323968,-0.033972926715860115,-0.02687485417360067,-0.04962826321277062
2025-06-22,-0.011385960226360707,-0.0300812126348831,-0.021145086412235437,-0.02785236565632484,-0.022547764364564925,-0.020866113363515317
2025-06-23,0.0423728593887924,0.07934564398281163,0.039295034015212844,0.09274617329928392,0.06765679525092112,0.07920341659629042
2025-06-24,0.007086217120930923,0.015139864214513837,0.004735137583710892,0.009709817015782222,0.014443008985833096,0.011837331288668335
2025-06-25,0.011784963544526447,-0.012311792807958116,0.003939211049181239,-0.016235805186418723,-0.0017825724033677774,-0.006781739585725881
2025-06-26,-0.003672824455672302,-0.0010466548339375498,-0.005852372781555292,-0.03191722646873073,-0.037522170218732324,-0.028221219775193238
2025-06-27,0.0009395562683027059,0.002979876686593695,0.005295002317049114,0.02155516497911215,0.017187812759872356,0.006416468050752611
2025-06-28,0.0023252311283283957,0.005124743916839685,0.004465707292421661,0.05896315117806891,0.02010559255954837,0.015955000109268095
2025-06-29,0.00983195226177919,0.026125386978616508,0.009666358350790247,0.01710342968430138,0.00942737256507252,0.03489110041229222
2025-06-30,-0.011233628430860393,-0.005864954752458621,0.0030492476744193413,0.009671318040019791,0.013551746011550275,-0.025463093470525482
2025-07-01,-0.01377060945880646,-0.032907714920473924,-0.01622159063476,-0.05258263168019379,-0.0291295946594417,-0.0458341307156273
2025-07-02,0.029540665453745153,0.06651135770377255,0.020490135255606428,0.03603933398046088,0.027966231514227186,0.06686105330527645
2025-07-03,0.006731383365643195,0.00807496551084155,0.005864144364605909,0.0005908807577621262,0.010377556666232123,0.019489903686079384
2025-07-04,-0.014713205707567904,-0.03263881316104407,-0.01516894533808616,-0.03106295207306939,-0.016259794502128652,-0.05453888129614154
2025-07-05,0.001978700480306492,0.0033317110300457526,0.003909118097955877,-0.0010160881483855112,-0.0012166822130413987,0.008132363141588099
2025-07-06,0.009252236497324772,0.021208793768126077,0.01056638775262275,0.028791942396139344,0.023660515151507924,0.04611579512433486
2025-07-07,-0.008653329682976453,-0.010976826745835281,-0.0031264421059291796,-0.019818431451092487,-4.403637405217983e-05,-0.023774216115703132
2025-07-08,0.0060781291164992805,0.028294445582588534,-0.0006506821042322044,0.01856649572931009,0.017461592610539384,0.017824942225494397
2025-07-09,0.02099497361671242,0.05703264782490423,0.012111694648219372,0.03485711792135012,0.03945703361157808,0.054584351210694784
2025-07-10,0.042040393709379065,0.06385001983809137,0.025280420194389874,0.04537322651838623,0.05790463856675902,0.07746149955827464
2025-07-11,0.012997315848983379,0.002345373195644777,0.006091064703841116,-0.008616791788178198,0.07015168836793954,0.03009568214634776
2025-07-12,-0.0009164595002588142,-0.005063130362084512,-0.006003579466918803,-0.013843617661201877,0.002668276525083655,-0.01812071166344699
2025-07-13,0.014094044790011754,0.009720615278929012,0.008912430351927498,0.0028585652077851727,0.034654446982784165,0.0057075185875184505
2025-07-14,0.006316070756330813,0.013896792937287883,-0.004170534311869114,0.00655618380057635,0.04215110627601493,-0.005353007429365442
2025-07-15,-0.01753493076270058,0.04040858556728951,0.001160227534722372,0.010852677106008285,-0.0133398833831549,0.008571192939287516
2025-07-16,0.0073805949622627876,0.07176265809814222,0.02672965582545067,0.057182129188014845,0.039958312301603384,0.06562357911900901
2025-07-17,0.004601451493544703,0.030819206153466738,0.016848277863138066,0.012818487392226498,0.13623510756289076,0.025804290478752392
2025-07-18,-0.01056700950065718,0.019947157492513926,0.012781356566911404,0.007985317810646143,-0.019696353860273796,0.07729697541832675
2025-07-19,-0.0007197002204572691,0.01263231313452492,0.004483576869526762,-0.0018066852249489244,0.0031881160099956124,0.023595587900792216
2025-07-20,-0.004890417918115617,0.04482631614396699,0.03170692848424075,0.02494618604810182,0.008606705838293434,0.12563570512664768
2025-07-21,0.0009822478512299445,0.0015001957855612833,0.012343890321294718,0.07581516203885108,0.027273768772816703,-0.008547844477485916
2025-07-22,0.021692235206271098,-0.004293784082249591,0.026352223589367653,0.04973373023798862,0.0002535246988889008,-0.001806951722407527
2025-07-23,-0.01004095354590667,-0.03198319934152158,-0.012715884325302561,-0.0825576159069335,-0.10898482125729388,-0.11776919453857458
2025-07-24,-0.0035006808084234644,0.021445275536585953,-0.007754581728666937,-0.03508566286543633,-0.012166176828630148,-0.036578357482352795
2025-07-25,-0.006159491204291899,0.004849375076047342,0.01890570963946516,0.02104885221619465,-0.0009542592492056505,0.01940731829116361
2025-07-26,0.002595631902628258,0.00432357231054932,0.009932052710894805,-0.01011740413661094,0.007577114796477425,-0.005506621844194552
2025-07-27,0.012603083346820849,0.03441730969773146,0.06196363993911355,0.020133470822935467,0.022701635328590014,0.02217926006149151
2025-07-28,-0.011396806340220294,-0.019059121321626165,-0.023897016838345247,-0.029753371635438258,-0.036279598034642625,-0.062394393494498254
2025-07-29,-0.0009453714032179849,-0.0013723547780699651,-0.023288984451676764,-0.008941610357859443,0.001439654731577152,-0.009909650716653963
2025-07-30,-0.0009369312651676298,0.004263669711191031,-0.014500351024425949,-0.02065487486116896,-0.01008908728246527,-0.017706754433380337
2025-07-31,-0.01777599093867902,-0.029731599322331093,-0.013154662784285344,-0.03171785066657496,-0.024253517635491252,-0.04771342236755866
2025-08-01,-0.02153342924967691,-0.05851174596384749,-0.03384255132650542,-0.05680325411679142,-0.020422856655293187,-0.04271302521797313
2025-08-02,-0.006655760991846373,-0.027394355452404134,-0.027668320027964433,-0.026341072760932224,-0.06696156261879341,-0.050986932666229424
2025-08-03,0.014663215250676506,0.02983961747477572,0.019884631696773535,0.02178273050800981,0.06246017583606861,0.039929356212063345
2025-08-04,0.007382183600908784,0.0621586560364612,0.022924469535732017,0.045736735673342487,0.04107162414716122,0.05686488448280895
2025-08-05,-0.008074576568790104,-0.02972812635652487,-0.017719789517981244,-0.03273281078458872,-0.036232604840464824,-0.051596036204887626
2025-08-06,0.00752894963418136,0.019550168879219083,0.018916008568684573,0.02408449245824383,0.009574916509836755,0.02681311106172284
2025-08-07,0.021335183728332856,0.05980485030798321,0.024542053978015545,0.04234145351434783,0.10433350725614918,0.0797578223379564
2025-08-08,-0.00681002901994848,0.025049890523005283,0.006105557562485255,0.008065017873151129,-0.010233830384099257,0.03583567669031019
2025-08-09,-0.0018228772606176664,0.06074814433253135,0.006694617204476799,0.017773012892237684,-0.01842860593322009,0.04065704320222395
2025-08-10,0.024023932127064194,-0.0023615980070610175,0.01044808856845143,0.014947466738493122,-0.012131945647254007,-0.025750684132359338
2025-08-11,-0.005109768025592827,-0.006455221328954463,-0.0026421733278855285,-0.043755231268419105,-0.018206788052580095,-0.05168723668572705
2025-08-12,0.01212710210107966,0.08339543715453994,0.03344311275774297,0.0924776117304214,0.04318252310295799,0.06007615466235911
2025-08-13,0.02606410567702287,0.03400393134970226,0.018495243005953416,0.04949012622134757,0.002078875710479164,0.03745444449883909
2025-08-14,-0.04149029256629387,-0.04356475257801217,-0.008990661296192526,-0.04589871051985037,-0.06146482320865682,-0.08968108925748539
2025-08-15,-0.008089091530436165,-0.023897486238018403,-0.015118107424731827,-0.03570013427531156,-0.00042227672745865133,0.022268305499687686
2025-08-16,0.00032898393468814104,-0.003945178937148229,0.013081337679505084,0.020676426669200387,0.00892718675727988,0.009956387544665792
2025-08-17,0.00020742322210116917,0.011319704604323999,0.019680817511243086,0.007304480834141732,-0.005748255833150417,0.014644568264052098
2025-08-18,-0.010083975477294543,-0.03627812652559123,-0.009856926438110805,-0.04306284042684481,-0.0084888220547149,-0.052245136633206825
2025-08-19,-0.02928284432910472,-0.05661587760273519,-0.02738487206149716,-0.03742501578963468,-0.0678363491322976,-0.06107672741466005
2025-08-20,0.012312159298069381,0.06197364233702371,0.05309664486407008,0.06438954851633527,0.03111056130327101,0.05689045495544192
2025-08-21,-0.01562169894735077,-0.025898899620050653,-0.03460609641513308,-0.04155609740081013,-0.03422642847660909,-0.03189858462682092
2025-08-22,0.03867346942564925,0.13418468307705242,0.06983350484529989,0.10719476339648297,0.07512432144477735,0.11350497090342974
2025-08-23,-0.012892668639070098,-0.011169184846589514,-0.022229003098532783,0.01704460402476061,-0.008460093902763222,-0.017741893499127977
2025-08-24,-0.016987662875338143,0.00036616432817805254,-0.00445095303179575,0.008973043722303356,-0.007474147037136353,-0.019183293922743642
2025-08-25,-0.03024851157390859,-0.08829572903520404,-0.043356073122832926,-0.09560151265416404,-0.05691349160153448,-0.10052173484382727
2025-08-26,0.014884678291290745,0.050017052910167316,0.028633446099745767,0.045222554249156804,0.052441878844300314,0.04084298165990904
2025-08-27,-0.004494655997296272,-0.02062585335400408,-0.009913513191245303,0.0355595249922581,-0.014546075807112558,0.0024239109990365736
2025-08-28,0.011659841291183425,0.0009980129283716935,0.02116181129860086,0.05502370149623274,-0.0007750240476899042,0.02459010859596858
2025-08-29,-0.037928131382763526,-0.03405206930103277,-0.012870546435316635,-0.04458319786563948,-0.05082324245146111,-0.04774110905797216
2025-08-30,0.004041834886721533,0.0030959918843136355,-0.00034796729458555785,-0.011673093457545547,-0.0004966652578328751,0.009491533592996454
2025-08-31,-0.005251767001620112,0.004136663921829146,-0.005059179807859102,-0.010314482002615208,-0.01515993136686687,-0.01042694360461026
2025-09-01,0.009114030534832748,-0.017764553752352776,-0.014055053395426429,-0.016585795089801625,-0.0060709180784277,-0.014042262592978404
2025-09-02,0.018166440657325495,0.0027774580984313694,0.007210720028705497,0.06061269725123424,0.03668863157228687,0.01954857608534797
2025-09-03,0.004177704576073605,0.02824856055761766,0.003468970289149726,0.005328017932184218,-0.006203689524373065,0.02486398451382781
2025-09-04,-0.008765161209067217,-0.034962368743768533,-0.013106717928284713,-0.04091688918724616,-0.01762800794567559,-0.03647188456950384
2025-09-05,-0.0006403155254173387,0.0023009888130162623,0.007687031954212297,0.005127205079434232,0.0071667003121941505,0.02542608327668021
2025-09-06,-0.00427462149747006,-0.00799716170022149,0.01251923141829096,-0.015860760722543034,-0.0017423775409906549,-0.00889755310876356
2025-09-07,0.008579008182539868,0.007704602454888019,0.0220584508174972,0.03045670947998986,0.023634778133996764,0.05767023262098188
2025-09-08,0.008314378685943164,4.1799418529761376e-05,-0.002241018382567507,0.03691614545249486,0.03171285304232353,0.05473188324284859
2025-09-09,-0.004640554288638579,0.0008634637034529795,0.002195565386639183,0.014374725864516444,-0.007537511814708775,-0.004188531223597594
2025-09-10,0.02140695144426305,0.009060725473809083,0.015515200336169576,0.03109387552148277,0.012140163940667581,0.019466035759053115
2025-09-11,0.013273138970620393,0.024864645993088238,0.010019343059770995,0.02058376560218324,0.018728134042530754,0.04256810530764764
2025-09-12,0.004723131039401508,0.05526224459511558,0.02410968347812227,0.05713898268695212,0.021350807784708513,0.07329300347932552
2025-09-13,-0.0009582332889029288,-0.009730646826155577,0.00955626918598517,0.0008254912141210655,0.004466086109859774,0.0491530747159663
2025-09-14,-0.005625607702316823,-0.013383840415569823,-0.007708928128782138,-0.010868319531933538,-0.029739307744005718,-0.040263484862809014
2025-09-15,0.0007085318805328954,-0.017692829050488672,-0.007399055524710678,-0.022993398081066378,-0.010290888852974262,-0.035334189998349565
2025-09-16,0.01240007484979025,-0.004975062976067039,0.03836595378000151,0.011246325592147385,0.013489308857643344,0.006093728216519015
2025-09-17,-0.00292724484014056,0.019631463454173458,0.03529300367376316,0.03271358546338041,0.015192150661465304,0.04565416075129897
2025-09-18,0.005360898398273296,-0.0006253956593931097,-0.00907150745059954,0.010805646025875845,-0.0034429032319937825,-0.014221543131393462
2025-09-19,-0.01238617811420754,-0.026297167533291962,0.003114284451169252,-0.036915493427243144,-0.027510145705543918,-0.04892119906708466
2025-09-20,0.0004604051447670285,0.0026438694092462277,0.058866919753189556,0.003974817475649441,-0.005062792661790026,0.008707783130937213
2025-09-21,-0.003926421842189095,-0.007943672245900365,0.0038535693159899723,-0.01396036464504357,-0.0016484167161376932,-0.02593221611342147
2025-09-22,-0.02265554900340918,-0.056907666110895525,-0.05381805293457095,-0.06915621235247668,-0.04036476317427061,-0.07781436207953601
2025-09-23,-0.005806298169945148,-0.008326864910836613,0.022978988865755848,-0.03265370358232604,-0.009828694838101344,-0.017269564270103163
2025-09-24,0.011612792050812145,-0.0027533752231514953,0.002467474353022014,-0.008001925493160669,0.035131604022489285,0.016647531862893753
2025-09-25,-0.03880361851008345,-0.06940472566749337,-0.07393956203920149,-0.09335556956100288,-0.06429929077467969,-0.07827438504655164
2025-09-26,0.0059364982695478945,0.03994156493275973,0.01562941554664885,0.06249677335497299,0.014474651124532372,0.04181916450556929
2025-09-27,-6.94091932618392e-05,-0.0034432164711230614,0.007930584522474558,-0.008369478412512002,0.007587452741817274,-0.007210583690417096
2025-09-28,0.022797220643522374,0.03033855457312372,0.025043879199671448,0.035582696166299735,0.02210911444678792,0.028114301480839255
2025-09-29,0.01896956203457031,0.017448807761483453,0.03636944245355086,0.009065645921581393,0.004419319937243884,-0.010886939546951028
2025-09-30,-0.0023036354107678868,-0.016727222559593583,-0.02088090387995396,-0.019315789299291522,-0.01162945932429538,-0.00791092620711303
2025-10-01,0.03908667600199795,0.04778389284816072,0.017680963397471633,0.06205556766776859,0.03510101001544285,0.0669558520497394
2025-10-02,0.01617904889913795,0.030870688512346534,0.06022455326067091,0.05562097285001741,0.03019904137379449,0.05065067246809444
2025-10-03,0.014027586512955888,0.0063397572859535895,0.08706946755283426,-0.008126996268443156,0.00039480178173613456,-0.014648755765492613
2025-10-04,0.001299959712627995,-0.005715558413766914,-0.0330350745751426,-0.021620117133564987,-0.023833634885359292,-0.02888046232078418
2025-10-05,0.008877068978927581,0.006036810101716383,0.014348017837182548,0.0030673526525478645,0.000404162883141166,0.007941591929277816
2025-10-06,0.009480412513902298,0.03690001421518396,0.04670027876894204,0.016446097608469757,0.006243726225358352,0.0508522067730817
2025-10-07,-0.027039899832890336,-0.051767472030075326,0.06430396342725074,-0.05475368211335538,-0.046684161285043206,-0.07494975835214218
2025-10-08,0.01613065116385741,0.017389571885848193,0.002274268447903155,0.04031816256756141,0.009665619503414543,0.03511087875704338
2025-10-09,-0.013419074980521103,-0.03545083789043667,-0.04062601403163661,-0.03596342672225656,-0.027316985983759822,-0.028367601503798513
2025-10-10,-0.07585974612842505,-0.13153414915544512,-0.12986130108056812,-0.15911932412853777,-0.1673104187944857,-0.25017677173044506
2025-10-11,-0.019068794493195606,-0.021892220065384466,0.02914120595612567,-0.05908014830404103,0.004839771246513228,-0.04341161098591606
2025-10-12,0.0382523481182313,0.10276051587678621,0.1377063281219985,0.1035572919076304,0.0596090985555884,0.11172549169587606
2025-10-13,0.001800762507920933,0.02110373156831671,-0.006237506747161615,0.05764616852875056,0.03000186061078923,0.031501286333147346
2025-10-14,-0.01873775155179968,-0.02769285259047492,-0.06876667394933336,-0.030406350920861976,-0.039899586250056525,-0.04510892207050017
2025-10-15,-0.020241502815851853,-0.0343804937045906,-0.038763398745632366,-0.04341046983760691,-0.0376097396669358,-0.04074656228843445
2025-10-16,-0.023466811492917763,-0.023122505456865863,-0.015376917352803122,-0.04748839112562941,-0.034990591903925686,-0.04008750734394475
2025-10-17,-0.016425222998888867,-0.016293228229644297,-0.06652331668638924,-0.015757802680837523,-0.014886894282168309,-0.02036511968287121
2025-10-18,0.007053129818340636,0.014931411304294739,0.01967173502719502,0.030311911519582103,0.028369477559760086,0.026289182284618833
2025-10-19,0.013508845814879343,0.02372379831186929,0.01584732866374528,0.001598210344983933,0.013135924821179047,0.0297707520112665
2025-10-20,0.017240633452995615,-0.0008440302945235186,-0.008769009210617714,0.009799585798084586,0.04258052770186855,0.023524545046957196
2025-10-21,-0.02042224657419341,-0.027043509852020572,-0.03989682492186873,-0.021741145143322243,-0.029532347565017388,-0.029068422497347427
2025-10-22,-0.006765639759505252,-0.017587038317258403,0.01377207086276585,-0.030132149787760906,-0.024025054101336818,-0.022593360826544544
2025-10-23,0.02307284091421478,0.013382552088275646,0.049952618882239216,0.060480916438340304,0.012606798053258957,0.025984936533908903
2025-10-24,0.008383413777914583,0.02004256174236033,-0.015843031524422933,0.011638308744146772,0.047144305857133306,0.01436308688970961
2025-10-25,0.005761315360732372,0.004801814340076848,0.006757936159006421,0.0012905558924121592,0.03353100938479738,-0.006239399347315852
2025-10-26,0.025757896011683146,0.05046261323567923,0.019213619727013357,0.03143427879089124,0.019153580574900467,0.04599483287889225
2025-10-27,-0.003951164697453273,-0.009255242961713369,0.0006060419935434898,-0.006671205741390492,-0.004583254552476968,-0.026543476348222756
2025-10-28,-0.010653558973310539,-0.034808776398675446,-0.03160368802765903,-0.023165093380094755,-0.011685320270866242,-0.0343180885391916
2025-10-29,-0.025814849578232026,-0.019337868003501114,0.0038441582287183063,-0.0013916452005011052,-0.020646495582918596,-0.006476874373835311
2025-10-30,-0.015557495821203146,-0.025403281941540668,-0.026204769135414543,-0.048560667089355226,-0.04446067456753999,-0.051684612601291834
2025-10-31,0.011794059086766558,0.011211289925523064,0.00908698796454273,0.013552237532357073,0.028452111188264646,0.020373483187741997
2025-11-01,0.004461330755654716,0.006677259014800738,0.005157035011414702,-0.0046043554949096845,-0.0017547362428725452,0.00492242834486702
2025-11-02,0.004011811464844439,0.00843411787205513,-0.010359265743411287,0.007271592753114535,0.00850561566612953,-0.005244299491897806
2025-11-03,-0.03645919836858115,-0.08066514211210017,-0.08644673773757094,-0.12254904984449724,-0.08983975414469772,-0.10734170692981597
2025-11-04,-0.048892990692747336,-0.09200666281684843,-0.058836535022903654,-0.06873052225561371,-0.04621079530057383,-0.0314308120053858
2025-11-05,0.02325464931597804,0.04090364494926036,0.023797336278459556,0.046259035020752355,0.06065396246537221,0.030115808827247036
2025-11-06,-0.02474525864647728,-0.0323942959310574,-0.009352175529623129,-0.04464774273826821,-0.05716845546247397,-0.033759250039281784
2025-11-07,0.0194748205542768,0.03582270079696168,0.04198293652783957,0.04106925915649053,0.04523339772057837,0.10072842321672433
2025-11-08,-0.009979464496075391,-0.010103105142434262,-0.00012107881236476668,-0.02357759072265795,-0.012647668431446484,-0.015332017825935709
2025-11-09,0.02328223138207566,0.05210936343989393,0.005634781418365556,0.04037131710397147,0.034350502479380894,0.01829233501002558
2025-11-10,0.012225701545984949,-0.00436564064271813,-0.0046766419509120805,0.016755454671013432,0.06535173109087383,0.013791794118883326
2025-11-11,-0.028242545864333283,-0.042977807748070314,-0.03477166400009976,-0.07881321258223291,-0.05471623979008469,-0.05500892153676836
2025-11-12,-0.013723012931130311,-0.0008312990403620452,-0.005463293440598661,-0.007855907956188964,-0.0015064655315861783,-0.010986552771790786
2025-11-13,-0.019492896160439244,-0.055195262890100356,-0.027352623577218203,-0.05830932088163698,-0.02777012690077199,-0.0379663585702682
2025-11-14,-0.052491584544810524,-0.037564671036127026,-0.0129181127730464,-0.04097170977363998,-0.034250523141524575,-0.03851295586007314
2025-11-15,0.01053943964071668,0.017668461686243114,0.018435946749984108,0.004954593124683395,-0.0031685845990359536,0.034353928458287775
2025-11-16,-0.014061290467363924,-0.023180993184499878,-0.006154395272850093,-0.01763178851024117,-0.010017828214203318,-0.02853517824788164
2025-11-17,-0.02194787294779212,-0.020843847110688898,-0.020939519211761733,-0.04610004808075793,-0.023387536539845665,-0.041394986632321024
2025-11-18,0.008053896310369823,0.029967637075662683,0.02764081086138212,0.07143790397956429,0.02442541935226564,0.06112712856253203
2025-11-19,-0.015238773937443459,-0.0319356346465724,-0.03826618435204225,-0.026140102231444213,-0.04965198229794128,-0.04508714197836559
2025-11-20,-0.055209816891895,-0.06530298953202794,-0.0354402610050901,-0.02504471017429606,-0.053495976955667594,-0.037431887148805416
2025-11-21,-0.017556826574241523,-0.02441876521160861,-0.04249388563330224,-0.03804537361255597,-0.024806374748824876,-0.059697540273835246
2025-11-22,-0.004588127246522274,0.0015426387233994602,0.0039898144548263645,-0.00850670443717382,0.0,-0.00014257199910090712
2025-11-23,0.024367507087485724,0.01149990779395844,0.011708870013127516,0.023164067824835696,0.049109867799571064,0.03316460568899426
2025-11-24,0.016788036787637094,0.05255972882393761,0.024958568501074672,0.058450953008655895,0.08352410037272658,0.04589599652404947
2025-11-25,-0.010588704373343843,0.0020227515632153313,-0.002720712073137042,0.003749103165706087,-0.011377097887115951,0.007873539789098277
2025-11-26,0.035021744042270514,0.022453632291662327,0.03330316035630148,0.028798358687400473,0.009444903797025337,0.011243010387586303
2025-11-27,0.009349308992866888,-0.0037505485232770127,0.004430726904695154,-0.015288986297868411,-0.010580673857559382,-0.013664081421331969
2025-11-28,-0.00486488380362324,0.005265972958720706,-0.009591027736609114,-0.02530870578019094,-0.009316412089416182,-0.016314222007787024
2025-11-29,-0.0009715282254700339,-0.013949673991055718,-0.016238162815640597,-0.010393886574934653,0.009770874922178978,-0.012058831729487058
2025-11-30,-0.004884465893088772,0.0007022918411458271,0.0027571075862314583,-0.018041248084082726,-0.021075644062778256,-0.016171027750813697
2025-12-01,-0.04613421557385573,-0.06640748416649328,-0.05724510957326222,-0.05244532279488899,-0.059902724674267174,-0.07478791261924357
2025-12-02,0.0562410040171468,0.06801421071564936,0.058729195876980986,0.09066278972853847,0.05906710882322127,0.07327982349327633
2025-12-03,0.023303477601614594,0.06220524814757158,0.0491372203463197,0.04228616582467599,0.020410748094261907,0.039611136186868116
2025-12-04,-0.014575262088996607,-0.01743268193693491,-0.022893545493003722,-0.039909413652497595,-0.04733508934013127,-0.028559038424122867
2025-12-05,-0.030298870064162046,-0.03622793434865705,-0.018335351529477146,-0.04201866737307444,-0.029829831333022788,-0.054587518530093276
2025-12-06,-0.001044426991022257,0.005373092083985153,0.007677818939056738,-0.008286924024618449,-0.0017218905688460436,0.0013604957166353493
2025-12-07,0.012898987020788722,0.007146741340972185,0.004471221904781935,0.00037817192146046594,0.00652747035591181,-0.007758102269435895
2025-12-08,0.002640784411958209,0.02079955190022366,0.0030700725764304924,0.007608609533185162,0.013700841045657244,0.02787636952825487
2025-12-09,0.02230658176977993,0.06020880009551028,0.00020062192864959006,0.034156678602710766,0.016178020005863523,0.037036171220415
2025-12-10,-0.007184123390461821,0.0018367468857913162,-0.0043222663661621535,-0.011818916303142527,-0.031053604211581824,-0.03192965807768976
2025-12-11,0.005397654393828906,-0.026443544422017597,-0.008452622627820412,0.0011002311595069139,-0.0038274741264098335,-0.021083100673708697
2025-12-12,-0.024565606595954068,-0.0482611741620481,-0.004899613194119337,-0.03081976846707286,-0.013163945228805242,-0.02459997810105991
2025-12-13,-0.0003147775451217187,0.00960730028486934,0.01713942090986825,0.0065559181346014,0.0075929001793499625,0.015436767017989385
2025-12-14,-0.023181518223391553,-0.01655552255370258,-0.02204036030423972,-0.028492824105757167,-0.022144815351843414,-0.036396943946201014
2025-12-15,-0.019932477149059748,-0.03273161223283604,-0.021511656931078316,-0.012363595923177156,-0.041435051386258165,-0.03282711468777492
2025-12-16,0.016424660160555687,-0.0008604473169493417,0.019640471491503015,0.01042973339822661,0.016511164581361877,0.01560022460979986
2025-12-17,-0.018612119227458226,-0.04445682621664209,-0.03789363595404156,-0.04659744797842154,-0.035337502363353326,-0.04231221581385178
2025-12-18,-0.00846315677488792,-0.0017378838226009337,-0.015539956744074745,-0.03022423004689669,-0.030027049501832184,-0.034302880160237796
2025-12-19,0.030183453965176642,0.051984217610352844,0.030958919970738047,0.054269629934057616,0.054684307594616864,0.07987255122372378
2025-12-20,0.0025378227881089903,-0.0005270729278721063,-0.0023387173446212228,-0.0036496390875493927,0.012647525915610369,-0.0021199281107072464
2025-12-21,0.003366407020219751,0.008056967137236328,0.005219504963305238,0.0017471414863608975,-0.005809446288537145,-0.006234339359150677
2025-12-22,-0.00042949092673883664,0.002485233774808831,2.329237757040171e-05,-0.0007937768316452504,-0.009407898794043537,0.01107330237767143
2025-12-23,-0.012887699635666881,-0.014886851399567445,-0.016865152875385196,-0.01536398950307408,-0.016359525189740834,-0.02520564204046018
2025-12-24,0.002094711492890748,-0.005936602528958959,0.0026968222249259843,-0.012006309553325826,-0.005674229666808025,-0.005584873343528051
2025-12-25,-0.005079409544226788,-0.014875296077072641,-0.020212832139702402,-0.02036428013765813,-0.01634500857710926,-0.03894072746183206
2025-12-26,0.00165285573288968,0.008244301609216041,0.006104467513404876,0.018158306776882394,0.00603869854523213,-0.012532716122494764
2025-12-27,0.00579128502519536,0.007166903796686185,0.012287624240824205,0.02000147653703844,0.01603391715739703,0.018177892404483146
2025-12-28,0.0008610604018155715,0.0006305127701269662,0.016757415291942124,0.004320006718482828,-0.004332831940978884,-0.0033832801726308816
2025-12-29,-0.00816924063180667,-0.004418556946778186,-0.008015091571107434,-0.016013216844240164,-0.00785752925991857,-0.008508620677420753
2025-12-30,0.014208540730604829,0.012108565473992942,0.010722868491844716,0.013935543090611487,0.014376387503969277,0.003898640415657323
2025-12-31,-0.009507280651887915,-0.0006896169199165761,0.0030707750310063333,-0.002883924132904871,-0.018979574533350477,-0.048923927979224686
2026-01-01,0.013494889906895059,0.010893991936288143,0.00010412508903436567,0.017889564750775123,0.020203792916452402,0.07666462524354363
2026-01-02,0.012929364730521834,0.03957029191827393,0.0193172982788517,0.04159710775394665,0.06537265902472168,0.112134022826083
2026-01-03,0.00700776866128145,0.0005309825220397415,-0.0029774779366849085,0.008130738160014523,0.005614782085791011,0.008911401638702868
2026-01-04,0.009900511123453195,0.005609240751981426,0.01894017363476491,0.005607700963724674,0.03538857024694884,0.04360401005162822
2026-01-05,0.025137383113592964,0.025211353372353303,0.016481151015777806,0.027793863201228335,0.11588412416704434,0.014473762164249216
2026-01-06,-0.0011912093706725466,0.02203458447856464,0.00801995600379787,0.02279832056859527,-0.018745174840468636,-0.007675548832258692
2026-01-07,-0.025756732261084898,-0.039636713089381,-0.019077115729703026,-0.03380867642906761,-0.06198990979072802,-0.027816050709246167
2026-01-08,-0.0028955845252425483,-0.01978274564878561,-0.008970471185783887,0.014412827742509267,-0.019819250235281964,-0.031074771121659607
2026-01-09,-0.005047956075853812,-0.005891817755608885,0.005142204140802716,-0.01749698351369844,-0.01298904253710186,-0.008703398296672622
2026-01-10,-0.0015079553615388976,-0.0005441189941084002,0.012267509049049618,-0.0009565506045574026,-0.002436403928258489,-0.007561742408978561
2026-01-11,0.005607712208944919,0.011829121681259684,-0.00398400306239165,0.028019543699878927,-0.007778777339660231,-0.011813146091237153
2026-01-12,0.003099670437196053,-0.008907957026604093,0.0016131708928959617,-0.0034418505223956903,-0.009931049284419161,-0.010122796996245367
2026-01-13,0.04411615250637421,0.07168605713123949,0.04104365733669566,0.044189397031666786,0.05286217016617798,0.08189902897882821
2026-01-14,0.01598842328794414,0.008711664887586325,0.0050100517014480045,0.008076703727484109,-0.012125865782650926,-0.0074460507840785626
2026-01-15,-0.01399071349755265,-0.010857798383258989,-0.018376083009974224,-0.02968151752179601,-0.028686508218962063,-0.04972823141198801
2026-01-16,-0.0005635195827788953,-0.0067755668532725605,0.007446433175635658,0.017334834854755406,-0.0053536675004757055,-0.013732825374596396
2026-01-17,-0.004228351630570454,0.004322799473588365,0.009505290950571682,-0.008107871587312835,-0.002275534158692683,-0.0018115290632038747
2026-01-18,-0.015619668190674642,-0.008046032619523117,-0.01554592578232052,-0.04155575006178031,-0.03537179703991618,-0.0463128175735254
2026-01-19,-0.011187629751686884,-0.029191485734118488,-0.009600797840719953,-0.03265927357310108,-0.002715343348866093,-0.019018978185064848
2026-01-20,-0.046439042216747994,-0.08151107682426144,-0.04359579608819738,-0.058958594344096456,-0.04954573655142988,-0.04594503607505513
2026-01-21,0.011547870630407164,0.014315991312259694,-0.0009504628564083428,0.029296369488430757,0.030021016254857844,0.025451553903718997
2026-01-22,0.0011724197832196023,-0.00996813624058588,0.0053064897414178075,-0.008294299711252626,-0.012399414905038268,-0.017297470053088716
2026-01-23,0.0004531147192842445,0.0012590751523696786,0.004011940044005873,-0.008128219819330406,-0.002081599419417085,0.0032110487572805193
2026-01-24,-0.004193141802223088,-0.0010795939203757394,-0.005014627103784951,-0.0017279300560683112,-0.002764810441679657,-0.004337356197344565
2026-01-25,-0.029053123136142035,-0.0472626609961986,-0.02412861823339457,-0.06797707036191658,-0.0419806170217325,-0.039236812453767034
2026-01-26,0.019161191027651143,0.03948843032131871,0.015343225087661125,0.044352985034228715,0.03663805245985568,0.024069645510884228
2026-01-27,0.010168272808073633,0.032374174511626955,0.021319650763882286,0.023466852622961623,0.006125833968257149,0.03082118838211653
2026-01-28,0.0005599552406158251,-0.005296862928045633,0.0050520018402144705,-0.014572206859090723,-0.0024562974538557365,-0.009474970362518074
2026-01-29,-0.05347437718715272,-0.0645442782447754,-0.03863655093001539,-0.061951788510761184,-0.05567899395781095,-0.0637494991639598
2026-01-30,-0.00461392684575843,-0.04167352557749497,-0.01143861965425335,-0.0019540382582167613,-0.04087731802446003,-0.012613320942055087
2026-01-31,-0.06774794341998952,-0.09909775123222339,-0.0944861228838007,-0.10773503843985434,-0.05204580379908497,-0.10506313785632632
2026-02-01,-0.02277264898561169,-0.07703771774360114,-0.029666054147064438,-0.046429815028683555,-0.03483984238004413,0.0
2026-02-02,0.02274115286261672,0.033300529744083436,0.020098818144497318,0.036626281507855844,0.018065650481353886,0.03450243255954052
2026-02-03,-0.03842842483956077,-0.04947808127825783,-0.02506803514707933,-0.06582102660130365,-0.025447620342291952,-0.017762456339840388
2026-02-04,-0.03497669878289926,-0.039010144919084666,-0.07925360584563294,-0.06075232432085447,-0.0434217867331191,-0.020872809244297484
2026-02-05,-0.15102560052391373,-0.16207598779923496,-0.13650452888572798,-0.16190610615045478,-0.2190184732760035,-0.1598653950361039
2026-02-06,0.11504759382534949,0.12176319054419493,0.07733542078885822,0.10999557718274475,0.1907115326312959,0.10696393059693927
2026-02-07,-0.01845885430431717,0.01142054499810375,-0.01565730761461727,0.0014852901902231578,-0.03228874640515656,-0.0025418141894198894
2026-02-08,0.014912205705875922,0.0012736964291543084,-0.010987499129064644,-0.006873666655548294,0.005396137695248426,-0.016422415675561082
2026-02-09,-0.0027391234992863328,0.007285311952573169,-0.00554721241946716,-0.002532229714051079,0.004323878694162319,-0.005395883176024073
2026-02-10,-0.01866101963278177,-0.03990654747058609,-0.026334069668212924,-0.044540821195041706,-0.02615680159824546,-0.03537005717001275
2026-02-11,-0.02588020693947351,-0.04112238521584158,-0.019121726629597165,-0.04548198996955431,-0.021809067740004007,-0.01794599252625338
2026-02-12,-0.012153452937677535,0.0034301646117153427,0.010111342691630465,-0.011414201284440012,-0.004536814455132257,0.020422174014329098
2026-02-13,0.038217689464747844,0.05048900769150072,0.007541208107221436,0.07291374623018786,0.031475925508566774,0.0387036233232582
2026-02-14,0.013975012427655345,0.018315946661219388,0.02209866953235402,0.04328072674105768,0.07018137205655804,0.1385873802819802
2026-02-15,-0.014285572925026392,-0.059235161078925104,-0.028224610414041854,-0.02181236747947471,-0.022850861927246776,-0.07817575554829065
2026-02-16,0.0008691232444626728,0.016015838277322805,0.01936712845981953,0.0033601792811663693,0.008302724127393787,-0.016396224170297236
2026-02-17,-0.0203665579406587,-0.0033433698897348285,-0.015181868072073713,-0.015974221797263162,-0.008980782195141009,-0.0035700156916925923
2026-02-18,-0.015564435209118136,-0.0181129035794378,-0.02116983209414532,-0.041640186850884935,-0.03618929545344532,-0.021184467749484764
2026-02-19,0.008132980025301773,-0.003498091910448056,0.004997412740846467,0.010846489859483915,-0.0106763838025013,-0.0018281540740625898
2026-02-20,0.015053637111473492,0.010107386784196133,0.029311353189985106,0.025963054313550508,0.015797225549427262,0.017533701906725797
2026-02-21,-0.0006482546691270726,0.0022677529802455527,-0.0004794170380752959,0.005887911498803702,0.0008392782699949171,-0.01712715652049831
2026-02-22,-0.00490388304368946,-0.007900996797005063,-0.0174301620936389,-0.02834197800227497,-0.02635086592740352,-0.029178831760881957
2026-02-23,-0.04516857121636174,-0.05324635010803816,-0.03036866164413809,-0.060881328274011874,-0.0301662218255925,-0.031026713161509754
2026-02-24,-0.009289953077215952,-0.0023515209420675166,-0.021712533371672026,0.013895309299625066,-0.002666668246915117,-0.014019682977973152
2026-02-25,0.059540542765822574,0.10524819469624078,0.07558294377170408,0.10869713815128017,0.061627635301654944,0.09970814774831724
2026-02-26,-0.007423789136971464,-0.014589650635596656,-0.005863811059158155,-0.024718163677642707,-0.021999053995367727,-0.039811278785654304
2026-02-27,-0.024193035094981677,-0.049455184425750795,-0.01889116247278843,-0.04841193283282131,-0.03371227947588394,-0.03824397147735773
2026-02-28,0.0165784521278679,0.01780575243133493,0.0050521156541080674,0.030086505174833324,0.014639406518637836,0.007256461251204897
2026-03-01,-0.018031259656580454,-0.01270437299197371,0.0013278279013526663,-0.008931288901321336,-0.01744528593464864,-0.023125526385398013
2026-03-02,0.04537839252942392,0.044191044167984486,0.03158534511298728,0.035718082602079246,0.02742295529100643,0.017901912354336982
2026-03-03,-0.007174587301422502,-0.022219534368930142,-0.006654368362616858,0.003801628908938638,-0.021304473927924623,-0.03912666028695094
2026-03-04,0.061418215316930716,0.0703341811985782,0.03783502644722456,0.04364656324050637,0.050304343715876575,0.09493624790610396
2026-03-05,-0.024744659742350593,-0.02591487216327477,-0.015530545566624036,-0.023161039761952218,-0.01919200937240906,-0.05580958761915293
2026-03-06,-0.03995647071445988,-0.04649934048084505,-0.03221835176330013,-0.04693315342221922,-0.029203376348196242,-0.024561689138989005
2026-03-07,-0.012574095363267338,-0.004604556456607148,-0.011302091338338555,-0.017627898103213482,-0.0048529507008210765,-0.01500966265056529
2026-03-08,-0.01939068716249424,-0.016633389943739165,-0.013439142733411472,-0.019780998114086363,-0.0123856665463058,-0.008711245617274684
2026-03-09,0.03662460641351922,0.028438996738981388,0.036358306753977845,0.04047385205291979,0.0170919036318402,0.014919003053892444
2026-03-10,0.02191822593227371,0.021606552422364315,0.011530394696213772,0.010770415516951523,0.01687680996753318,0.043572104955665186
2026-03-11,0.003471234391040441,0.007562748838870995,0.014627694213410158,0.00811786900325436,-0.0011548178836622092,-0.017503114929071067
2026-03-12,0.004966571049048208,0.010447338866057455,0.0003990239313829263,0.002998502996256633,-7.222041674316276e-05,0.01993350657289961
2026-03-13,0.005494554272369187,0.008978057012718366,0.006134097018976001,0.015312834919700482,0.010274924238459857,0.012689594008958137
2026-03-14,0.003967166199519513,0.0018813962258369705,0.0029997814535749775,-0.0017025144569768403,0.0052759283938172774,0.0008333333815586311
2026-03-15,0.022264632539767723,0.03843765664895041,0.024139906076435604,0.047366476035991666,0.029704460671403796,0.013856079401502401
2026-03-16,0.028023922724339036,0.0771336039105157,0.008777430233731556,0.04138521616285449,0.06306197081555474,0.05649641160148882
2026-03-17,-0.01310971909840106,-0.015236807591981155,-0.01646530611753821,-0.01656048746865882,-0.016203150780492937,-0.028448200244216248
2026-03-18,-0.03669322101311266,-0.0504444689177715,-0.024742343863893162,-0.049170705811621834,-0.03587497925840642,-0.050059066739113034
2026-03-19,-0.018651514850332427,-0.030215142920116105,-0.020319418022010424,-0.013298514137796673,-0.011812512877111131,-0.018220843074974156
2026-03-20,0.008270155102978788,0.003926214710660879,0.004620459962846772,0.01063066017660417,-0.0015902101736651342,0.006606310654281169
2026-03-21,-0.022845763534559155,-0.02900165207647062,-0.01792931490727196,-0.025706037775525617,-0.02565141696217516,-0.03029718012800548
2026-03-22,-0.015487110258322837,-0.014970947155609399,-0.006825204880337216,-0.015654094985014813,-0.017040578449310523,-0.013223333174689541
2026-03-23,0.04392937957609135,0.04667602669141419,0.02007147474815355,0.05890347450668785,0.03372581892381974,0.0434143054538351
2026-03-24,-0.004944193784823292,0.0019497436693815858,-0.0012681912754103299,-0.006914366569087656,-0.011445548532154314,0.01003971444818325
2026-03-25,0.010991329616637294,0.005914126249124355,0.014557475033559478,0.009863093655171577,-0.001059883512043024,0.011292466298172026
2026-03-26,-0.03590963357008416,-0.051360753758471496,-0.029457210885430095,-0.05803120464377169,-0.03862986617535008,-0.043889528170429695
2026-03-27,-0.035692215836955574,-0.033399104556955043,-0.023995164803619226,-0.04032614305371253,-0.026205623761467903,-0.02130076143214105
2026-03-28,-0.00045562612816699334,0.0009981217082480726,-0.0046856081089996626,-0.01234882520476018,0.0057164503166087614,0.009828360269904073
2026-03-29,-0.005530728522709364,-0.005076178544251064,-0.008199393603961188,-0.007949653557962219,-0.004133634836353684,-0.006062294675545879
2026-03-30,0.011843374134185144,0.020862760314965433,0.005265854949822218,0.013416471522223338,-0.0027149337943132954,0.00419241567281798
2026-03-31,0.02201879944892802,0.03821942400252258,0.013271356909095342,0.007964323502727062,0.01268166922614877,0.016271175245667235
2026-04-01,-0.0025009104050785873,0.016449645255176452,-0.010779756570835028,-0.024578436416411206,0.004983460795222202,-0.0014091379492865241
2026-04-02,-0.01795288497272631,-0.03963811517851658,-0.04570721812127324,-0.02798084117605069,-0.020841896931700098,-0.019607397412372204
2026-04-03,0.0009309289814481332,-0.0016249091388430203,0.008175292795779214,0.018326105950219745,-0.0012128564252092936,0.012750227686235165
2026-04-04,0.005006835781815329,0.005675667948106122,0.008547277572153286,0.005334007560832141,-0.0023541036804743468,0.005554662215388539
2026-04-05,0.025435266920256033,0.021386502269566166,0.013625237986430947,0.01302869953634387,0.008328334025574308,0.0033613477027049274
2026-04-06,-0.002618361461522849,-0.0014274436722272771,-0.0023135636687556887,-0.02297531890314212,-0.003852695983672678,-0.019345922768490204
2026-04-07,0.043629681945818906,0.06113926085205601,0.03276778360985431,0.06681631983525006,0.042600611660948716,0.046469849333593695
2026-04-08,-0.011948742855087834,-0.022578786314288474,-0.031019633289938803,-0.035571465784867765,-0.026384040071703484,-0.02690745291992438
2026-04-09,0.010052591375903568,9.132003111209872e-05,0.0031058246675208677,0.009162209964778276,0.0007444353801697459,0.0021621630044953172
2026-04-10,0.01623143839049557,0.024734928801607114,0.004153675184317156,0.017840625425527862,0.008964018982213974,0.01159557763732816
2026-04-11,0.0011021476555086477,0.017633855307847893,0.002490538072252618,0.0011781339722747306,-0.0009592326874602331,-0.0063179521610633085
2026-04-12,-0.0320254620862258,-0.04170696316491059,-0.02478363065216543,-0.04085633711709852,-0.022320189090587472,-0.02446704989104086
2026-04-13,0.050672676455567146,0.07800739628038564,0.037323082541080216,0.05928896351746347,0.0377039808678952,0.035364593633338604
2026-04-14,-0.00385649602156905,-0.02004372394265993,-0.0015629327701687124,-0.032782116614484075,-0.010156080427581588,-0.012187450402929985
2026-04-15,0.009110214548757956,0.016022075230612904,0.0143005170929483,0.013996195739502781,0.022151310604036595,0.020336074781648814
2026-04-16,0.004591768185657028,-0.005004130983163293,0.02094866651253231,0.047723916418368935,0.04274515483571672,0.04462588041239585
2026-04-17,0.025196849489872067,0.029717930238648552,0.011494469305494557,-0.003261911671277446,0.015502068899120853,0.0020138965622426724
2026-04-18,-0.01807074609568446,-0.02880274252937844,-0.020770255391822062,-0.029730065216260135,-0.029850909683584472,-0.04758879375910353
2026-04-19,-0.025286317737347935,-0.03774081891448072,-0.022216715240285987,-0.03171874698548784,-0.02696076973352098,-0.018849394668999174
2026-04-20,0.027255661894529427,0.022102133668732284,0.021200164436395552,0.021452674554889143,0.02135969088824211,0.023270454501649003
2026-04-21,0.006507965819314458,0.005727241958039267,0.0039017321778611475,0.00875611221572236,0.006368779619278476,-0.0003151426046355852
2026-04-22,0.02384460627844536,0.01996573604137758,0.009060959099896843,0.009716675638572349,-0.002794468773940313,0.004925860193297429
2026-04-23,0.0010131958589200225,-0.01862593251721405,0.0016771032371169082,-0.008671075775666868,0.006415642647377457,0.015457541031336917
2026-04-24,-0.010538034574907543,-0.006574481460526121,-0.0036556228197855557,0.0006964596915296963,-0.0036211738734370684,0.013192398723521225
2026-04-25,0.0024231589225083856,0.001946277335221321,-0.01214493793105158,0.0,-0.006719890890045979,-0.00437815697054799
2026-04-26,0.013214079557603819,0.021301995097394905,0.011437374043893452,0.008665064903280952,0.004834481302515643,0.012372128202330952
2026-04-27,-0.01648745051910991,-0.028150136898354685,-0.014145762138426728,-0.024571833044528448,-0.021191723327287346,-0.0027249348243281175
2026-04-28,-0.013382837592731378,-0.006204993031280721,-0.0036439810815789937,-0.009000534469473919,-0.01452635927479191,0.004034296949251128
2026-04-29,-0.00739892610895058,-0.016080235176460716,-0.011530475430003904,-0.01220841015939207,-0.008292162730498884,0.04651086520642404
2026-04-30,0.007448700376110247,0.002044160777080734,-0.0032609518096032293,0.000601938259311541,-0.0008768725443117031,0.022985150945229803
2026-05-01,0.024384544212578043,0.016744879667466878,-6.500260012681083e-05,0.008031208885391553,0.01300087309788237,0.01888164730844387
2026-05-02,0.005808401067078971,0.009252981943609871,0.00436203939662,0.005951689988589141,0.0056844909321830265,-0.00018429782580739224
2026-05-03,-0.0015043045550349114,0.002448477607068359,-0.0012304704863438484,-0.004162460668892492,-0.004098219058714083,-0.001937180625171376
2026-05-04,0.016316001996395605,0.010497311483725812,0.008645912394703284,0.0022617710969242387,0.0027340113439999697,0.016483889721689415
2026-05-05,0.01299430543480134,0.005781750329178449,0.012433822051575163,0.02570714954131399,0.01483410456407225,0.04215081152422879
2026-05-06,0.006670570614040161,-0.004215125913403319,0.027103117339507387,0.03271879199745179,0.00866965782692123,-0.02103117684753859
2026-05-07,-0.01785099287490194,-0.025758118530338943,-0.016688329014709638,-0.008334320119570932,-0.027030595139453696,-0.04195276551134373
2026-05-08,0.002336717289686288,0.006959394090411985,0.019186210199383685,0.03979907839617271,0.022317421207606682,0.015551268086212591
2026-05-09,0.006032532305335769,0.008365215501219051,0.0006004110686794479,0.012099099739296501,0.0016204604243464963,-0.007147469262418873
2026-05-10,0.01880691918505757,0.019086474444596418,0.021016535361658564,0.03523571264889587,0.036563732954470615,0.03363789114628105
2026-05-11,-0.005665203289169573,-0.013330304330788344,0.010568625148869991,0.009286075808202584,0.002846494636317063,-0.0101886662063656
2026-05-12,-0.015299886519223746,-0.028132902440028626,-0.00846098417295589,-0.03224907692273448,-0.02786154280600522,-0.01056586340933793
2026-05-13,-0.01490297018466756,-0.007195180160991757,0.01007018677309586,-0.03354318247111895,-0.00677305944330215,0.022797612715905774
2026-05-14,0.02214978498814916,0.010832576919884198,0.00976340212406652,0.010691788519020995,0.039764895667202364,0.024283463668529466
2026-05-15,-0.024679661013995487,-0.025995771636694857,-0.008721781864122551,-0.03208831455150063,-0.03508170114335943,-0.018355554250362442
2026-05-16,-0.012274760081870962,-0.019926069507108228,-0.024358036365210677,-0.030722634767592953,-0.01432810015407903,-0.03583196603529065
2026-05-17,-0.008873510947942894,-0.023086672329368046,-0.0102935778080876,-0.015135927566322465,-0.008525200823359617,-0.0034804944459140455
2026-05-18,-0.005901886319804632,-0.0004318154150101197,-0.009203396722792908,0.0016410740993996439,-0.008310694057389576,-0.039488663536346676
2026-05-19,-0.002177771337791657,-0.008557316346121406,-0.005469220130674299,-0.012848647320425045,-0.020643268305627717,-0.017038483135237897
2026-05-20,0.009299708915349147,0.008256813000760472,0.014703410245207714,0.02205885524228456,0.004104373982271451,0.006869554372007176
2026-05-21,0.0008157623412056216,0.0020266473440739723,0.013883165924411812,0.013715422744919424,0.004888558128521326,0.018817117612427065
2026-05-22,-0.027111708939230417,-0.032343917704366565,-0.012436945077544162,-0.034470110394683354,-0.029096721085323587,-0.03211505683712409
2026-05-23,0.01592387679685496,0.02477938583864674,0.00890799492745128,0.01586868444413774,0.017677227983866232,0.0071077656717556245
2026-05-24,0.004069127506717748,-0.008455236227656178,0.00047226222094522765,-0.00561339329209113,-0.005388858868246286,-0.007791994230779875
2026-05-25,0.0033299473074173843,0.0062475576235810695,0.009971894834443646,-0.002465802928470653,-0.0005182689932020702,-0.0012719535984236155
2026-05-26,-0.01816665493821507,-0.018745264390302437,-0.010185146929692223,-0.015878992247688517,-0.015749532486557524,-0.010728977369867769
2026-05-27,-0.019693638122979272,-0.023877521748901797,-0.011629908828755734,-0.01540714155554074,-0.016383861630383502,-0.005557223788762739
2026-05-28,-0.011235451754405826,-0.007405715501614477,-0.016471765024817304,-0.0040109443015608265,0.006099439464846274,-0.009197305660874336
2026-05-29,-0.002131246689434228,0.002305911906250365,0.007585844983720913,-0.0008528785165174042,0.010886106900897616,0.0013047625677996809
2026-05-30,0.005749780542727423,0.003913821760002834,0.11119944583047722,0.008375359997911575,0.008087508512019195,0.00908597933616685
2026-05-31,-0.0028461899181889336,-0.0076586508929978115,-0.011460360933424249,-0.0035115371798333395,-0.005834409549109941,-0.001989852412614425
2026-06-01,-0.031232737545768535,-0.00013952074646301948,-0.024865029113931382,-0.014170772192086505,-0.027223945745545756,0.006848322135080673
2026-06-02,-0.06730598012661611,-0.07601606909668997,-0.06314095060625106,-0.0907316027007161,-0.0681837631956859,-0.08620242453888119
2026-06-03,-0.04000546300379148,-0.02547995252823308,-0.0472982471559402,-0.03593365211060724,-0.008703275128301588,-0.014771638203434242
2026-06-04,-0.004010979788266344,-0.02359602975446781,-0.026283794546755362,-0.03886886889937314,-0.02734347567268546,-0.03122996478905801
2026-06-05,-0.04530091487131432,-0.11184004648177445,-0.05492776379611646,-0.07912365664988917,-0.06266940432070087,-0.0835485071364472
2026-06-06,-0.002818575982386037,-0.008696286120536913,0.004028782427701685,-0.02288720372445234,-0.004016069654890054,0.005385569932592787
2026-06-07,0.0394102908722764,0.07415211092329037,0.05075009429898161,0.06684694791667457,0.055327582131181365,0.051854660229757765
2026-06-08,-0.003892172168200064,-1.1830819284311956e-05,-0.004277549422110773,0.004800489266801985,0.010930011131022422,0.0006951686063759254
2026-06-09,-0.021728679963231683,-0.030614911669394698,-0.01408874638216808,-0.028230741075187978,-0.02671682889799716,-0.01811537881141975
2026-06-10,-0.0035541783711382628,-0.010996366681521997,-0.011712296060772402,-0.027625635068058534,-0.03625369054987517,-0.02206015649767647
2026-06-11,0.03380617663638071,0.031486189994045434,0.03226005034044966,0.05750123632718704,0.04090221008138789,0.0371596415952391
2026-06-12,-0.0007229219062385423,-0.004221727475021014,-0.0031911666562275103,-0.0016448601839405433,-0.009053812999428926,-0.0011623853453388826
2026-06-13,0.013714891287420702,0.008824315906717353,0.009592320641543244,0.031234124160108945,0.015942874472223794,0.021857536448273943
2026-06-14,0.019791673152565584,0.02609047838368787,0.011643587400653296,0.03337922207383461,0.030300161205817147,0.011427402737174016
2026-06-15,0.008817610222801382,0.04004794413679774,0.0017494699357849459,0.03717900324175403,0.042988098049901606,-0.008473190839742593
2026-06-16,-0.009904799591063123,-0.0017497329713744506,-0.02114879978361144,-0.00623730835687645,-0.017023420669580992,-0.01106622439035629
2026-06-17,-0.01790753821922,-0.023926031046401428,-0.0054866411455124515,-0.020197155601900496,-0.0253746819988839,-0.014327223698352893
2026-06-18,-0.024342953377447053,-0.022816303583696653,-0.03923866454689161,-0.03301654294722378,-0.03454678611870763,-0.028446887190803155
2026-06-19,0.009263166748529431,4.675218421228056e-05,0.005069413391224244,0.00043026174919778024,-0.009288535060583313,0.0005984798790163924
2026-06-20,0.011797519098186807,0.017316575416740997,0.011304579747372607,0.048694566444585,0.012249693817243236,0.0015543734820847382
2026-06-21,-0.01545395539146637,-0.019803316523793232,-0.006483226093518191,-0.010433922225159074,-0.02206973999821859,-0.01759717578857472
2026-06-22,0.011120964047776254,0.012372324231438428,0.010082000963302768,-0.007063252133554211,0.004169814851657536,0.0027927891384091595
2026-06-23,-0.02028303938282158,-0.03597103290995134,-0.02066447447574786,-0.031627653835069554,-0.017144807847837916,-0.044380113738265774
2026-06-24,-0.02676107921319018,-0.027338826052067864,-0.023470777685142545,-0.023219734245080257,-0.033612761842802576,-0.03574343467904966
2026-06-25,-0.021246250672292098,-0.03406588317371178,-0.007198175558512312,-0.005742487988292418,-0.028437039700161974,-0.016023649468157063
2026-06-26,0.005059094742014055,0.006890178918502747,0.012444100810661633,0.05989470746206644,0.005256881879041509,0.011810899688534422
2026-06-27,-0.0011366374290999936,-0.0029752580889969133,-0.01856317306068604,-0.019663554908778136,-0.0014309566000042162,-0.017299167262812217
2026-06-28,-0.007558017387369744,-0.0012905483442200655,-0.011062399079568089,0.01240500824379125,0.0009541985456818179,-0.017603704418247865
2026-06-29,0.011402257194722534,0.025815947206931283,0.015217430488983184,0.05160145648325034,0.009964495259431728,0.0032733253449691085
2026-06-30,-0.027515738535742358,-0.02578414028765134,-0.023508369844778648,-0.020023513850542265,-0.018008204242318988,-0.01869213301215252
2026-07-01,0.023588202184315163,0.02361822008883358,0.007147054926793929,0.0501660133918839,0.012326370774887878,0.0019404025492292373
2026-07-02,0.02526782672725091,0.054990213582536106,0.015359955847114238,0.04134857932031817,0.03278982282299097,0.02677755621213286
2026-07-03,0.01648552123379743,0.033332757072541484,0.026220416826356948,0.0197467629348345,0.04202336797772984,0.04429936018133831
2026-07-04,0.008920160569787209,0.012676604189129954,0.0027149810443025855,-0.00657977273305736,0.019719686205041966,0.0015463920607382837
2026-07-05,0.0079813342291525,0.002809644361948716,0.024888861523659392,-0.002570538167992488,-0.0001728160377583882,0.0027004452853733557
2026-07-06,0.006140105413393971,0.007759695971334931,-0.006565319360688086,0.004280566678016121,-0.01059865711363995,-0.015660709636485536
2026-07-07,-0.010643711408537317,-0.015743770319555556,-0.01580659484441788,-0.01673679235552375,-0.02924444117781227,-0.032885487890964446
2026-07-08,-0.017094819742218065,-0.015880891028981985,-0.014247543448037874,-0.03472351879190445,-0.019248823839094376,-0.02387399385421003
2026-07-09,0.014977972804467787,0.0009287127677579024,0.00010550563585736997,0.0026945547836136658,0.00219780308247944,0.006330877186886853
2026-07-10,0.01462789910845953,0.029188889867830584,0.011729365780478547,0.0011525902537424546,0.010374103413174327,0.016733946023037585
2026-07-11,-0.00535581952090246,-0.005071692309319099,-0.001356427586938602,-0.017299682666200585,-0.007177607700923983,-0.012353377758607783
2026-07-12,-0.000611290076167485,0.010593885244318613,-0.0012885702138192585,0.0016914973781267037,-0.0099886282948124,-0.006715573789327799
2026-07-13,-0.02292429614348922,-0.016788356977496442,-0.011249461546019255,-0.025144482739034055,-0.016997576368571247,-0.01036708434951047
2026-07-14,0.0425482910408419,0.06279679008879795,0.025023927028634572,0.03741933160734969,0.04057090913678976,0.03387839361030496
2026-07-15,-0.004432972185701085,0.013644223186806076,-0.002271125010548582,-0.007476188470115043,0.0014382024950923057,-0.004847188701452393
2026-07-16,-0.014404251707617149,-0.028104436069946184,-0.014050534703193635,-0.02581887732982812,-0.02381497752470691,-0.023626909901471285
2026-07-17,0.0015884241727964104,-0.012291610087011903,-0.007645538496431646,-0.0037243990909822168,0.0017462437230058422,0.0027601452797868767
2026-07-18,0.014018693630676971,0.011164794990803544,0.0044962051262192266,0.0063762171392758435,0.0035748697496674462,-0.00041353643156019236
2026-07-19,-0.0017240324265918403,0.005151503825927668,0.0007182209451166365,0.011323359960124915,0.004473463433161094,-0.0013796911680864072
2026-07-20,0.008200969119188339,0.01723103262528915,0.0003676695917392342,0.019063016482637255,0.013211666244020908,-0.0033190460561648757
2026-07-21,0.019735615458979755,0.013205367572420617,0.004680331975041153,0.0034622077284710124,0.027661338088346924,0.01648615440590174
2026-07-22,-0.006658166393920621,0.002153020493524114,-0.00501297959048633,-0.0019219686869696956,-0.0013125083915954544,-0.005465241093430468
2026-07-23,-0.015479208870313692,-0.029309951211924843,-0.006447158450604492,-0.027170992254695204,-0.030582879533674227,-0.053321582839917094
2026-07-24,-0.014840688920713862,-0.009059321495242249,-0.004433422139198543,-0.0256287385478894,-0.014366495502866372,0.005332577311926182
2026-07-25,0.003657320627852729,0.007199609294491773,0.007126256080409884,0.00754313921446369,0.005297783673250043,0.03043620880138224
2026-07-26,0.015796746574042307,0.041696969638861395,0.011151427324062352,0.029616125406111585,0.013931833805909425,0.022881770190203727
2026-07-27,-0.025461004175308038,-0.03233240242223215,-0.015837752209392167,-0.033919520966164414,-0.0431417855427506,-0.04174228703369688
2026-07-28,0.002492974237350568,0.015571412150721949,0.00880830611253863,-0.004998997102260648,0.0027165020686156067,0.007220247973487097
2026-07-29,0.0010833525689258074,-0.0060058360256119245,0.0012245470706594803,-0.0020337611240226227,0.004386995415044699,-0.010636135154894135
