date,BTC-USD,ETH-USD,BNB-USD,SOL-USD,XRP-USD,DOGE-USD
2021-01-01,29331.69,728.91,37.7762,1.8421,0.23746,0.00568
2021-01-02,32178.33,774.56,38.2331,1.7999,0.22064,0.0105264
2021-01-03,33000.05,978.28,41.2575,2.1779,0.2254,0.0098209
2021-01-04,31988.71,1041.43,41.1333,2.4909,0.23565,0.0097613
2021-01-05,33949.53,1099.56,41.8219,2.1636,0.22573,0.00997
2021-01-06,36769.36,1208.42,42.2417,1.9414,0.24854,0.01042
2021-01-07,39432.28,1224.87,43.5728,2.3635,0.32389,0.0097439
2021-01-08,40582.81,1216.93,42.356,3.2214,0.32032,0.00974
2021-01-09,40088.22,1276.0,43.8479,3.3829,0.32419,0.0101789
2021-01-10,38150.02,1254.25,42.4031,3.449,0.31491,0.00982
2021-01-11,35404.47,1087.01,38.1674,3.1016,0.28743,0.0088326
2021-01-12,34051.24,1050.16,38.2541,3.6354,0.29254,0.0080807
2021-01-13,37371.38,1129.89,40.1114,3.5242,0.30582,0.0086738
2021-01-14,39144.5,1231.62,41.8723,3.2921,0.29642,0.0093907
2021-01-15,36742.22,1168.53,40.8668,3.2475,0.27991,0.0093525
2021-01-16,35994.98,1227.83,43.142,3.4247,0.27924,0.0092374
2021-01-17,35828.61,1232.45,45.8675,3.8268,0.27746,0.0090987
2021-01-18,36631.27,1258.45,45.3412,3.7868,0.28528,0.0091782
2021-01-19,35891.49,1365.36,42.5241,3.6287,0.29396,0.0090428
2021-01-20,35468.23,1376.99,42.6069,3.7166,0.29539,0.0090487
2021-01-21,30850.13,1110.96,38.6343,2.9899,0.26802,0.0081581
2021-01-22,32945.17,1232.62,40.8936,3.3352,0.27217,0.0085075
2021-01-23,32078.0,1233.6,40.9109,3.5079,0.27167,0.0085779
2021-01-24,32259.9,1392.51,41.8263,3.6278,0.27339,0.0087135
2021-01-25,32254.2,1317.88,41.8347,3.7038,0.26757,0.0083509
2021-01-26,32467.77,1365.97,41.8396,4.041,0.26834,0.0082472
2021-01-27,30366.15,1239.03,40.8826,3.675,0.25039,0.0074124
2021-01-28,33364.86,1329.69,42.5254,3.81,0.26407,0.0364995
2021-01-29,34252.2,1379.5,42.8618,3.8293,0.2829,0.0459059
2021-01-30,34262.88,1378.05,44.7849,4.228,0.44372,0.02826
2021-01-31,33092.98,1312.55,44.3292,4.2525,0.49507,0.037
2021-02-01,33526.37,1374.17,51.4781,4.6148,0.37106,0.0348173
2021-02-02,35466.24,1511.87,51.0071,5.2331,0.37254,0.0313489
2021-02-03,37618.87,1664.49,52.12,5.7311,0.39721,0.0372597
2021-02-04,36936.66,1595.67,55.9599,6.4085,0.44545,0.0529081
2021-02-05,38290.24,1719.19,67.7005,6.7005,0.45219,0.0467193
2021-02-06,39186.94,1676.35,72.8356,6.1225,0.44307,0.0576559
2021-02-07,38795.69,1611.62,68.3542,6.6976,0.41849,0.0779247
2021-02-08,46374.87,1750.15,79.8374,7.855,0.45099,0.0787
2021-02-09,46420.42,1769.13,107.3469,7.8005,0.47636,0.0700121
2021-02-10,44807.58,1740.78,128.9711,9.09,0.50429,0.0725527
2021-02-11,47969.51,1785.62,124.085,9.2004,0.52806,0.069583
2021-02-12,47287.6,1840.26,136.6139,9.2,0.609,0.0697675
2021-02-13,47153.69,1814.96,133.3496,8.7441,0.63309,0.0662405
2021-02-14,48577.79,1800.42,135.8623,8.7158,0.59211,0.0626783
2021-02-15,47911.1,1779.25,130.303,8.8516,0.54976,0.0565
2021-02-16,49133.45,1781.99,130.183,8.3002,0.51995,0.053476
2021-02-17,52119.71,1849.88,165.3233,8.2357,0.53467,0.0495187
2021-02-18,51552.6,1939.61,195.6,8.9771,0.53204,0.0587991
2021-02-19,55906.0,1955.0,333.111,11.4912,0.56465,0.055033
2021-02-20,55841.19,1913.0,253.0,9.9869,0.51167,0.0541708
2021-02-21,57408.57,1933.53,295.2597,11.0753,0.54468,0.0560183
2021-02-22,54087.67,1777.58,267.5147,14.4191,0.56646,0.0535557
2021-02-23,48891.0,1577.89,231.3646,15.2244,0.47579,0.0476562
2021-02-24,49676.2,1623.39,254.5056,17.1691,0.4686,0.0567911
2021-02-25,47073.73,1481.75,234.9146,13.8442,0.43601,0.0499138
2021-02-26,46276.87,1444.59,221.717,13.5962,0.42788,0.0504768
2021-02-27,46106.43,1458.13,225.3853,13.1916,0.43589,0.0500725
2021-02-28,45135.66,1419.18,210.2138,13.0887,0.41565,0.0481582
2021-03-01,49587.03,1569.86,254.9637,14.9855,0.44537,0.0505933
2021-03-02,48440.65,1486.78,239.6841,13.9438,0.4357,0.050364
2021-03-03,50349.37,1567.69,240.5701,14.0742,0.44846,0.0504146
2021-03-04,48374.09,1539.23,229.6369,13.0508,0.48096,0.0499865
2021-03-05,48751.71,1528.31,225.4714,12.5382,0.45457,0.0495285
2021-03-06,48882.2,1650.35,226.3814,13.0421,0.46285,0.0509588
2021-03-07,50971.75,1726.16,240.11,13.8174,0.46558,0.0519871
2021-03-08,52375.17,1833.18,240.5509,13.6028,0.47412,0.0629738
2021-03-09,54884.5,1870.51,293.2052,14.839,0.4849,0.0579117
2021-03-10,55851.59,1795.12,278.4499,14.2048,0.46155,0.0558692
2021-03-11,57773.16,1825.78,290.0301,16.031,0.45187,0.0559286
2021-03-12,57221.72,1766.1,263.2201,14.5597,0.43934,0.0552731
2021-03-13,61188.39,1922.35,276.2822,15.3033,0.45787,0.0627892
2021-03-14,58968.31,1848.1,263.238,14.4605,0.43905,0.058221
2021-03-15,55605.2,1793.48,254.5144,14.1577,0.43574,0.0569691
2021-03-16,56900.75,1805.12,258.5352,13.6392,0.46024,0.0586507
2021-03-17,58912.97,1823.58,269.7896,14.2018,0.4698,0.057892
2021-03-18,57648.16,1776.08,261.4816,14.204,0.46893,0.0573485
2021-03-19,58030.01,1809.1,262.935,14.1552,0.46651,0.0582472
2021-03-20,58102.28,1806.1,264.3023,14.1894,0.52613,0.0588186
2021-03-21,57351.56,1782.98,264.6513,14.3372,0.51651,0.0574781
2021-03-22,54083.25,1680.97,254.7976,14.7964,0.5441,0.054888
2021-03-23,54340.89,1668.08,255.4646,14.1552,0.5498,0.0533532
2021-03-24,52303.65,1581.84,248.5236,13.5973,0.48021,0.0514996
2021-03-25,51293.78,1585.74,233.9466,12.9787,0.51058,0.051266
2021-03-26,55025.59,1698.84,255.2105,14.7664,0.56357,0.053931
2021-03-27,55817.14,1712.63,269.2234,16.4589,0.54752,0.054436
2021-03-28,55777.63,1687.01,268.4263,18.0645,0.54552,0.0536656
2021-03-29,57635.47,1816.74,275.2991,18.9504,0.56538,0.054124
2021-03-30,58746.57,1840.46,311.2962,19.0685,0.5621,0.0540003
2021-03-31,58740.55,1919.37,302.3724,19.3861,0.56982,0.0537699
2021-04-01,58720.44,1968.05,334.7991,19.0443,0.57087,0.062151
2021-04-02,58950.01,2133.69,338.2932,19.7501,0.60701,0.0575849
2021-04-03,57051.94,2008.52,321.9497,22.5,0.57831,0.0555113
2021-04-04,58202.01,2075.69,348.8617,23.7755,0.635,0.0573943
2021-04-05,59129.99,2107.38,368.0263,22.9717,0.91584,0.0599992
2021-04-06,57991.15,2112.21,403.3648,25.0548,1.09663,0.0644047
2021-04-07,55953.45,1963.47,375.5538,26.5385,0.91542,0.0587769
2021-04-08,58077.52,2080.46,418.7048,26.9384,1.05599,0.0617838
2021-04-09,58142.54,2066.87,453.9937,27.6172,1.01721,0.0615878
2021-04-10,59769.13,2133.49,471.2975,26.8021,1.3728,0.0637167
2021-04-11,60002.43,2151.36,525.9275,27.8517,1.35118,0.07433
2021-04-12,59860.0,2137.69,596.7104,28.5424,1.46843,0.0707343
2021-04-13,63575.0,2299.19,551.6442,27.4507,1.79611,0.094402
2021-04-14,62959.53,2432.6,550.0182,26.4067,1.83468,0.1214329
2021-04-15,63159.98,2514.04,541.8824,27.7816,1.75781,0.1823599
2021-04-16,61334.8,2422.67,508.2743,25.2996,1.54805,0.3654434
2021-04-17,60006.66,2317.6,514.6861,24.85,1.53896,0.2822532
2021-04-18,56150.01,2235.64,481.4367,32.3358,1.40797,0.3223299
2021-04-19,55633.14,2161.12,504.0322,31.4711,1.30945,0.408903
2021-04-20,56425.0,2330.03,586.3635,31.7028,1.38501,0.3173205
2021-04-21,53787.63,2357.06,543.6327,32.5534,1.29097,0.3058251
2021-04-22,51690.96,2397.94,505.2411,38.9,1.15489,0.2606615
2021-04-23,51125.14,2367.39,526.5357,37.3893,1.17073,0.2498155
2021-04-24,50047.84,2213.35,496.992,40.8401,1.04833,0.27
2021-04-25,49066.77,2320.49,505.0,47.405,1.0351,0.25159
2021-04-26,54001.39,2532.6,535.33,43.878,1.3629,0.27161
2021-04-27,55011.97,2666.13,568.78,43.147,1.4017,0.27232
2021-04-28,54846.22,2748.24,562.78,44.833,1.3576,0.32311
2021-04-29,53555.0,2757.04,599.7,42.484,1.3978,0.30479
2021-04-30,57694.27,2772.42,622.65,42.786,1.5988,0.33746
2021-05-01,57800.37,2944.77,620.0,49.67,1.651,0.39087
2021-05-02,56578.21,2949.56,621.78,46.897,1.5605,0.37397
2021-05-03,57169.39,3431.04,676.15,45.912,1.5546,0.44142
2021-05-04,53200.01,3239.01,609.3,42.636,1.3877,0.53854
2021-05-05,57436.11,3524.26,651.1,44.98,1.6133,0.654
2021-05-06,56393.68,3489.73,633.99,43.496,1.6028,0.58106
2021-05-07,57314.75,3479.53,624.3,43.182,1.5793,0.68982
2021-05-08,58862.05,3910.26,646.1,45.612,1.5611,0.63708
2021-05-09,58240.84,3923.95,661.74,44.33,1.5345,0.57063
2021-05-10,55816.14,3945.88,631.1,42.854,1.3906,0.45074
2021-05-11,56670.02,4173.45,671.91,44.538,1.4786,0.49326
2021-05-12,49631.32,3823.21,594.65,43.709,1.2691,0.3916
2021-05-13,49670.97,3717.91,571.1,41.049,1.364,0.48945
2021-05-14,49841.45,4075.01,602.61,42.7,1.4,0.55971
2021-05-15,46762.99,3646.68,563.41,43.486,1.4904,0.50855
2021-05-16,46431.5,3582.1,564.32,46.85,1.4496,0.5137
2021-05-17,43538.04,3282.51,512.07,46.708,1.4946,0.4875
2021-05-18,42849.78,3375.07,507.88,55.977,1.5889,0.47574
2021-05-19,36690.09,2438.92,334.8,34.988,1.0568,0.32945
2021-05-20,40526.64,2768.62,391.17,44.42,1.1795,0.39758
2021-05-21,37252.01,2430.98,326.01,38.925,1.0062,0.35778
2021-05-22,37449.73,2294.87,299.76,31.222,0.9052,0.34199
2021-05-23,34655.25,2096.39,260.72,24.536,0.7898,0.30633
2021-05-24,38796.29,2648.43,345.64,31.416,0.993,0.36589
2021-05-25,38324.72,2705.11,343.18,29.973,0.9746,0.34598
2021-05-26,39241.91,2884.94,379.16,35.43,1.0316,0.35284
2021-05-27,38529.98,2742.23,369.67,33.747,0.9747,0.33403
2021-05-28,35663.49,2412.1,328.82,28.989,0.8985,0.31123
2021-05-29,34605.15,2278.74,305.04,27.388,0.8318,0.3028
2021-05-30,35641.27,2385.98,325.57,28.588,0.9058,0.30179
2021-05-31,37253.81,2706.15,353.33,32.75,1.0409,0.32557
2021-06-01,36693.09,2634.57,362.39,30.938,1.0108,0.37006
2021-06-02,37568.68,2706.22,401.54,33.994,1.0241,0.42338
2021-06-03,39246.79,2857.25,428.48,39.602,1.045,0.40078
2021-06-04,36829.0,2689.51,390.7,37.338,0.9683,0.37628
2021-06-05,35513.2,2627.73,390.08,39.633,0.923,0.3713
2021-06-06,35796.31,2711.92,393.73,42.205,0.947,0.37143
2021-06-07,33552.79,2592.05,357.96,38.235,0.8618,0.33146
2021-06-08,33380.81,2507.23,352.5,41.245,0.8731,0.32586
2021-06-09,37388.05,2610.18,375.54,42.032,0.9218,0.34318
2021-06-10,36675.72,2471.09,351.94,41.105,0.8686,0.32606
2021-06-11,37331.98,2354.01,345.75,36.157,0.8471,0.3187
2021-06-12,35546.11,2370.74,343.7,36.476,0.8326,0.31216
2021-06-13,39020.57,2509.33,365.8,38.706,0.8832,0.32394
2021-06-14,40516.29,2580.77,370.19,39.694,0.8906,0.32767
2021-06-15,40144.04,2543.54,366.48,39.536,0.8663,0.32028
2021-06-16,38349.01,2367.89,347.22,39.728,0.832,0.30775
2021-06-17,38092.97,2373.28,352.85,39.265,0.8419,0.30619
2021-06-18,35819.84,2234.09,337.16,36.82,0.7972,0.29328
2021-06-19,35483.72,2164.67,334.01,35.19,0.7582,0.28567
2021-06-20,35600.16,2243.47,339.08,35.257,0.7741,0.28054
2021-06-21,31608.93,1885.49,270.76,26.59,0.6067,0.17873
2021-06-22,32509.56,1879.28,262.1,26.958,0.5468,0.19072
2021-06-23,33678.07,1968.14,296.25,30.837,0.6383,0.23468
2021-06-24,34663.09,1989.52,308.62,31.141,0.6731,0.26377
2021-06-25,31584.45,1808.82,280.81,28.641,0.6111,0.23745
2021-06-26,32283.65,1829.64,279.65,29.698,0.6162,0.24583
2021-06-27,34700.34,1982.28,290.87,31.897,0.6484,0.2645
2021-06-28,34494.89,2084.41,290.0,33.001,0.6444,0.25707
2021-06-29,35911.73,2165.33,300.79,33.97,0.7063,0.26349
2021-06-30,35045.0,2275.68,303.71,35.51,0.7063,0.25391
2021-07-01,33504.69,2106.41,287.43,33.271,0.6591,0.24381
2021-07-02,33786.55,2154.13,287.17,34.0,0.6556,0.24505
2021-07-03,34669.13,2226.99,298.13,34.498,0.6732,0.24636
2021-07-04,35286.51,2322.69,307.62,34.28,0.696,0.24643
2021-07-05,33690.14,2196.53,302.02,32.908,0.6526,0.2311
2021-07-06,34220.01,2322.5,319.92,34.226,0.6648,0.23417
2021-07-07,33862.12,2316.57,327.51,36.673,0.6522,0.22386
2021-07-08,32875.71,2116.33,310.14,33.142,0.6215,0.2069
2021-07-09,33815.81,2146.99,317.09,33.315,0.6369,0.21963
2021-07-10,33502.87,2110.69,316.12,31.693,0.6246,0.21375
2021-07-11,34258.99,2140.45,322.16,32.182,0.6364,0.21597
2021-07-12,33086.63,2031.58,316.12,30.77,0.6288,0.20775
2021-07-13,32729.77,1940.15,308.94,29.136,0.6192,0.19997
2021-07-14,32820.02,1994.58,309.4,31.365,0.6197,0.19761
2021-07-15,31880.0,1919.51,316.11,28.545,0.5979,0.18534
2021-07-16,31383.87,1876.26,302.88,26.271,0.5893,0.17202
2021-07-17,31520.07,1899.59,300.52,26.802,0.5821,0.18734
2021-07-18,31778.56,1891.64,302.1,26.673,0.5866,0.18157
2021-07-19,30839.65,1818.73,280.54,24.509,0.557,0.17362
2021-07-20,29790.35,1786.03,264.44,23.474,0.5284,0.17047
2021-07-21,32144.51,1995.5,293.26,26.7,0.5719,0.19046
2021-07-22,32287.83,2024.56,293.36,27.699,0.592,0.19123
2021-07-23,33634.09,2124.25,299.27,28.516,0.6091,0.19489
2021-07-24,34258.14,2184.75,301.56,28.616,0.6085,0.19688
2021-07-25,35381.02,2189.79,302.56,28.248,0.6069,0.19793
2021-07-26,37237.6,2228.08,304.0,28.184,0.6234,0.20362
2021-07-27,39457.87,2299.49,313.48,28.103,0.6451,0.20585
2021-07-28,40019.56,2300.9,313.8,27.875,0.7327,0.20574
2021-07-29,40016.48,2382.92,317.03,31.235,0.7488,0.20502
2021-07-30,42206.37,2461.81,322.58,32.354,0.7521,0.20873
2021-07-31,41461.83,2531.05,332.38,36.744,0.746,0.20765
2021-08-01,39845.44,2555.69,332.59,34.165,0.7242,0.20424
2021-08-02,39147.82,2606.93,330.55,33.167,0.738,0.20327
2021-08-03,38207.05,2509.04,323.43,34.105,0.7136,0.19626
2021-08-04,39723.18,2724.78,334.77,35.76,0.731,0.20153
2021-08-05,40862.46,2826.99,337.91,37.353,0.7327,0.20095
2021-08-06,42836.87,2891.58,342.39,39.525,0.7474,0.20482
2021-08-07,44572.54,3160.31,356.18,39.469,0.8162,0.26189
2021-08-08,43794.37,3011.85,341.79,37.65,0.7788,0.23996
2021-08-09,46253.4,3160.52,354.32,38.646,0.817,0.25609
2021-08-10,45584.99,3141.66,371.92,40.64,0.8511,0.25732
2021-08-11,45511.0,3160.5,390.96,41.621,1.0105,0.26445
2021-08-12,44399.0,3045.96,385.66,41.102,0.966,0.26401
2021-08-13,47800.0,3322.32,410.76,44.83,1.0901,0.28667
2021-08-14,47068.51,3263.16,408.67,44.14,1.2791,0.29402
2021-08-15,46973.82,3307.09,414.05,53.531,1.2839,0.33984
2021-08-16,45901.29,3146.53,415.72,62.016,1.1855,0.31956
2021-08-17,44695.95,3011.72,401.8,64.123,1.0978,0.29933
2021-08-18,44705.29,3014.55,396.15,72.663,1.1431,0.3032
2021-08-19,46760.62,3184.12,431.27,72.764,1.2347,0.31778
2021-08-20,49322.47,3284.82,454.93,78.643,1.2629,0.32733
2021-08-21,48821.87,3223.43,448.74,73.801,1.2158,0.31662
2021-08-22,49239.22,3238.0,448.68,72.775,1.226,0.31467
2021-08-23,49488.85,3321.28,499.06,75.623,1.2457,0.31783
2021-08-24,47674.01,3170.62,471.62,70.527,1.1353,0.28864
2021-08-25,48973.32,3226.87,503.19,71.973,1.1735,0.29255
2021-08-26,46843.87,3093.2,478.1,74.92,1.0712,0.2684
2021-08-27,49069.9,3273.45,494.5,87.98,1.1918,0.2944
2021-08-28,48895.35,3244.48,486.2,96.22,1.1459,0.286
2021-08-29,48767.83,3223.47,479.7,94.23,1.1408,0.2809
2021-08-30,46982.91,3229.64,460.3,110.25,1.1002,0.272
2021-08-31,47100.89,3429.2,463.9,108.27,1.1856,0.2781
2021-09-01,48810.52,3826.82,489.4,110.71,1.2362,0.2943
2021-09-02,49246.64,3785.82,483.7,128.23,1.2533,0.2947
2021-09-03,49999.14,3938.11,488.5,146.4,1.2907,0.2961
2021-09-04,49915.64,3885.52,497.7,138.88,1.2548,0.2992
2021-09-05,51756.88,3950.29,504.8,142.0,1.3076,0.3143
2021-09-06,52663.9,3926.77,496.1,164.22,1.3894,0.309
2021-09-07,46863.73,3434.57,418.7,173.46,1.1292,0.2552
2021-09-08,46048.31,3499.0,415.0,191.02,1.0998,0.2567
2021-09-09,46395.14,3424.93,421.3,187.9,1.0868,0.2525
2021-09-10,44850.91,3208.86,401.4,179.6,1.0552,0.2397
2021-09-11,45173.69,3267.21,405.1,179.04,1.0787,0.241
2021-09-12,46025.24,3404.21,416.3,174.29,1.1181,0.2502
2021-09-13,44940.73,3285.35,399.1,169.53,1.0643,0.2358
2021-09-14,47111.52,3434.37,414.3,158.88,1.0963,0.2406
2021-09-15,48121.41,3613.55,431.3,158.79,1.1207,0.2476
2021-09-16,47737.82,3567.98,424.3,152.29,1.0902,0.2418
2021-09-17,47299.98,3399.81,406.6,147.58,1.0661,0.2401
2021-09-18,48292.74,3435.64,410.7,169.22,1.0751,0.2413
2021-09-19,47241.75,3328.62,408.6,152.76,1.0483,0.2331
2021-09-20,43015.62,2977.28,364.1,132.77,0.9216,0.2086
2021-09-21,40734.38,2765.9,344.4,124.29,0.8743,0.2009
2021-09-22,43543.61,3076.92,379.0,148.02,1.0033,0.2245
2021-09-23,44865.26,3152.5,383.5,149.91,1.0016,0.2246
2021-09-24,42810.57,2928.53,355.0,139.13,0.944,0.2091
2021-09-25,42670.64,2921.73,349.6,136.06,0.94,0.2083
2021-09-26,43160.9,3059.37,344.0,135.64,0.9436,0.205
2021-09-27,42147.35,2925.59,335.5,136.35,0.9218,0.1997
2021-09-28,41026.54,2804.91,333.0,132.2,0.8928,0.1965
2021-09-29,41524.28,2850.45,367.7,135.25,0.9268,0.1987
2021-09-30,43824.1,3000.61,387.5,141.37,0.9533,0.2042
2021-10-01,48141.61,3309.91,421.5,161.56,1.0422,0.2226
2021-10-02,47634.9,3387.76,427.1,168.98,1.0359,0.2185
2021-10-03,48200.01,3417.73,430.5,172.98,1.0552,0.2218
2021-10-04,49224.94,3386.31,426.3,167.13,1.0425,0.2414
2021-10-05,51471.99,3515.27,442.1,164.62,1.0839,0.2516
2021-10-06,55315.0,3574.89,434.9,153.87,1.0765,0.2541
2021-10-07,53785.22,3587.47,438.5,154.26,1.0678,0.2428
2021-10-08,53951.43,3563.13,419.2,158.86,1.0636,0.2441
2021-10-09,54949.72,3574.82,421.9,156.84,1.1604,0.2467
2021-10-10,54659.0,3414.22,404.1,147.55,1.1352,0.2288
2021-10-11,57471.35,3542.12,413.1,144.77,1.1364,0.2312
2021-10-12,55996.93,3491.46,444.2,152.32,1.1018,0.2261
2021-10-13,57367.0,3607.42,470.8,148.04,1.1275,0.2326
2021-10-14,57347.94,3790.82,472.7,150.02,1.1336,0.2325
2021-10-15,61672.42,3868.99,474.5,163.18,1.1413,0.234
2021-10-16,60875.57,3829.96,465.8,157.54,1.1343,0.2372
2021-10-17,61528.33,3846.85,470.9,160.12,1.0944,0.2378
2021-10-18,62009.84,3744.96,484.9,157.12,1.0827,0.2474
2021-10-19,64280.59,3877.03,488.1,155.78,1.0911,0.2454
2021-10-20,66001.41,4161.15,501.3,176.72,1.1455,0.2548
2021-10-21,62193.15,4052.99,470.9,190.5,1.0886,0.2424
2021-10-22,60688.22,3972.2,479.3,196.29,1.0885,0.2446
2021-10-23,61286.75,4167.12,485.5,197.75,1.0934,0.2511
2021-10-24,60852.22,4082.33,475.8,202.14,1.0821,0.2756
2021-10-25,63078.78,4220.37,485.1,209.7,1.0951,0.2651
2021-10-26,60328.81,4131.52,478.1,199.85,1.1075,0.2559
2021-10-27,58413.44,3922.0,448.7,184.49,0.995,0.2379
2021-10-28,60575.89,4286.02,491.9,195.42,1.0579,0.2997
2021-10-29,62253.71,4418.89,530.3,200.41,1.0825,0.2882
2021-10-30,61859.19,4322.68,528.3,195.7,1.0846,0.269
2021-10-31,61299.8,4287.21,524.6,202.49,1.1128,0.28
2021-11-01,60911.11,4319.43,551.3,203.9,1.0915,0.2716
2021-11-02,63219.99,4589.89,554.4,220.82,1.1349,0.2739
2021-11-03,62896.48,4603.35,568.4,243.37,1.2101,0.2689
2021-11-04,61395.01,4532.32,558.7,247.07,1.2004,0.263
2021-11-05,60937.12,4474.24,607.3,236.06,1.1581,0.2609
2021-11-06,61470.61,4518.0,637.7,258.44,1.151,0.2618
2021-11-07,63273.59,4612.59,649.6,249.68,1.2198,0.2664
2021-11-08,67525.83,4807.98,653.5,248.26,1.2815,0.2819
2021-11-09,66947.66,4732.33,635.0,239.04,1.2571,0.2736
2021-11-10,64882.43,4628.78,614.1,233.09,1.1902,0.2553
2021-11-11,64774.26,4719.0,628.4,233.37,1.2142,0.2605
2021-11-12,64122.23,4665.46,626.9,228.48,1.1883,0.2593
2021-11-13,64380.0,4644.28,649.5,241.59,1.1892,0.2613
2021-11-14,65519.1,4626.5,650.8,238.64,1.1879,0.2628
2021-11-15,63606.74,4563.78,633.8,238.2,1.172,0.2566
2021-11-16,60058.87,4209.76,588.7,219.04,1.0877,0.2365
2021-11-17,60344.87,4287.8,578.0,218.94,1.0953,0.2374
2021-11-18,56891.62,3996.9,531.8,195.01,1.0406,0.2208
2021-11-19,58052.24,4294.76,581.0,215.25,1.0892,0.2329
2021-11-20,59707.51,4412.17,604.3,217.63,1.0965,0.233
2021-11-21,58622.02,4258.31,584.0,230.51,1.0569,0.2255
2021-11-22,56247.18,4085.97,559.3,215.59,1.0354,0.2195
2021-11-23,57541.27,4339.44,591.1,221.75,1.0661,0.2266
2021-11-24,57138.29,4269.36,590.3,205.7,1.0326,0.217
2021-11-25,58960.36,4524.85,639.1,209.97,1.0438,0.2209
2021-11-26,53726.53,4041.2,587.3,192.42,0.9394,0.2016
2021-11-27,54721.03,4095.29,599.9,192.74,0.9452,0.2049
2021-11-28,57274.88,4294.78,611.3,200.69,0.9687,0.2073
2021-11-29,57776.25,4444.53,623.4,204.09,0.9898,0.215
2021-11-30,56950.56,4630.26,622.5,208.53,0.9983,0.2147
2021-12-01,57184.07,4582.95,627.5,229.81,0.9899,0.2093
2021-12-02,56480.34,4511.21,619.9,233.6,0.9716,0.2095
2021-12-03,53601.05,4215.73,595.0,211.65,0.9211,0.1999
2021-12-04,49152.47,4117.25,568.6,200.67,0.8449,0.1781
2021-12-05,49396.33,4196.44,557.8,196.43,0.8045,0.1712
2021-12-06,50441.92,4347.59,587.5,193.56,0.8255,0.1776
2021-12-07,50588.95,4306.4,578.7,190.19,0.8154,0.1762
2021-12-08,50471.19,4436.91,607.2,194.61,0.8622,0.179
2021-12-09,47545.59,4105.64,570.2,181.11,0.8583,0.1691
2021-12-10,47140.54,3897.94,552.4,167.39,0.7992,0.1641
2021-12-11,49389.99,4089.37,564.5,172.15,0.8392,0.1689
2021-12-12,50053.9,4130.0,570.3,172.8,0.8393,0.1697
2021-12-13,46702.75,3781.93,521.0,155.21,0.7818,0.1573
2021-12-14,48343.28,3858.99,528.1,161.26,0.8103,0.1909
2021-12-15,48864.98,4019.08,541.1,178.52,0.8262,0.1808
2021-12-16,47632.38,3958.11,526.2,176.86,0.8051,0.1732
2021-12-17,46131.2,3875.42,525.5,175.51,0.7966,0.1685
2021-12-18,46834.48,3959.93,533.9,182.78,0.8262,0.1723
2021-12-19,46681.23,3924.14,529.8,179.93,0.835,0.1694
2021-12-20,46914.16,3944.73,524.0,173.9,0.8798,0.1671
2021-12-21,48889.88,4014.15,528.3,179.63,0.9467,0.1707
2021-12-22,48588.16,3979.51,533.6,178.4,0.9537,0.173
2021-12-23,50838.81,4111.41,549.0,190.03,0.9941,0.185
2021-12-24,50820.0,4046.36,542.1,190.36,0.9115,0.1862
2021-12-25,50399.66,4094.83,547.4,193.1,0.9252,0.1908
2021-12-26,50775.49,4063.56,546.4,197.81,0.92,0.1898
2021-12-27,50701.44,4037.23,563.7,195.67,0.9269,0.1879
2021-12-28,47543.74,3792.75,534.2,177.32,0.8515,0.1739
2021-12-29,46464.66,3630.19,514.5,170.63,0.8171,0.168
2021-12-30,47120.87,3709.27,518.5,172.52,0.8386,0.1711
2021-12-31,46216.93,3676.23,511.4,169.99,0.8297,0.1703
2022-01-01,47722.65,3765.54,527.3,179.06,0.8507,0.1732
2022-01-02,47286.18,3828.27,531.0,176.35,0.8586,0.1745
2022-01-03,46446.1,3765.89,511.9,170.15,0.8324,0.1703
2022-01-04,45832.01,3785.11,506.9,167.72,0.8228,0.1684
2022-01-05,43451.13,3540.63,474.1,154.52,0.7726,0.159
2022-01-06,43082.31,3406.81,472.6,150.26,0.7791,0.1599
2022-01-07,41566.48,3199.24,448.1,136.45,0.7634,0.155
2022-01-08,41679.74,3080.95,429.9,142.14,0.7452,0.1509
2022-01-09,41864.62,3151.97,438.7,140.82,0.753,0.1505
2022-01-10,41822.49,3082.68,424.7,135.86,0.7399,0.1431
2022-01-11,42729.29,3239.72,463.6,140.2,0.7703,0.1538
2022-01-12,43902.66,3371.26,487.8,151.51,0.7987,0.1628
2022-01-13,42560.11,3240.61,475.2,146.14,0.768,0.1717
2022-01-14,43059.96,3307.42,490.0,146.17,0.7732,0.1832
2022-01-15,43084.29,3326.04,494.5,147.64,0.7791,0.1845
2022-01-16,43071.66,3346.88,498.6,147.98,0.7784,0.1766
2022-01-17,42201.62,3209.67,475.2,139.8,0.7617,0.1708
2022-01-18,42352.12,3159.85,471.4,141.22,0.7509,0.1651
2022-01-19,41660.01,3084.02,461.9,135.25,0.7381,0.1615
2022-01-20,40680.91,3001.48,440.2,127.54,0.7199,0.1553
2022-01-21,36445.31,2568.15,383.9,112.27,0.6368,0.1419
2022-01-22,35071.42,2412.18,358.3,94.54,0.5966,0.1332
2022-01-23,36244.55,2539.01,383.9,99.78,0.6283,0.1418
2022-01-24,36660.35,2439.29,371.3,91.93,0.6118,0.1373
2022-01-25,36958.32,2458.83,385.1,94.67,0.618,0.1427
2022-01-26,36809.34,2462.99,375.1,92.12,0.6193,0.1431
2022-01-27,37160.1,2424.25,389.9,89.51,0.6088,0.1414
2022-01-28,37716.56,2544.99,385.9,91.34,0.6111,0.1414
2022-01-29,38166.84,2601.43,389.3,96.13,0.6174,0.143
2022-01-30,37881.76,2601.68,377.2,93.29,0.6013,0.1391
2022-01-31,38466.9,2686.94,374.3,99.49,0.6174,0.1415
2022-02-01,38694.59,2787.23,384.2,110.02,0.6284,0.1423
2022-02-02,36896.36,2680.67,366.9,101.88,0.6006,0.137
2022-02-03,37311.61,2695.46,372.3,101.77,0.6102,0.1379
2022-02-04,41574.25,2994.99,399.5,112.62,0.6555,0.1478
2022-02-05,41382.59,3012.65,413.7,113.75,0.6656,0.1469
2022-02-06,42380.87,3054.99,419.9,115.28,0.6825,0.1539
2022-02-07,43839.99,3139.77,433.5,117.55,0.8314,0.1653
2022-02-08,44042.99,3116.69,407.8,113.45,0.8763,0.1581
2022-02-09,44372.72,3243.94,422.9,113.93,0.8697,0.1594
2022-02-10,43495.44,3072.49,414.7,106.17,0.8253,0.1514
2022-02-11,42373.73,2927.54,400.0,96.53,0.7591,0.1446
2022-02-12,42217.87,2918.88,403.6,95.96,0.8223,0.1444
2022-02-13,42053.66,2871.13,397.9,92.85,0.8057,0.148
2022-02-14,42535.94,2929.75,403.4,96.37,0.8012,0.1457
2022-02-15,44544.86,3183.52,432.4,105.52,0.8515,0.1517
2022-02-16,43873.56,3122.3,427.3,101.86,0.8366,0.1487
2022-02-17,40515.7,2891.87,402.4,93.52,0.769,0.1383
2022-02-18,39974.44,2779.48,399.2,89.86,0.784,0.1386
2022-02-19,40079.17,2763.63,399.8,91.27,0.8215,0.1409
2022-02-20,38386.89,2621.99,380.6,90.72,0.7769,0.1366
2022-02-21,37008.16,2568.02,356.6,82.96,0.7018,0.1282
2022-02-22,38230.33,2636.29,374.3,86.38,0.7209,0.1313
2022-02-23,37250.01,2579.71,365.6,84.59,0.6967,0.1273
2022-02-24,38327.21,2596.2,361.2,89.36,0.6963,0.1241
2022-02-25,39219.17,2768.49,375.0,92.71,0.7699,0.1276
2022-02-26,39116.72,2779.47,373.7,90.23,0.7508,0.1276
2022-02-27,37699.07,2616.79,360.1,85.63,0.7215,0.1229
2022-02-28,43160.0,2920.95,395.6,99.68,0.7809,0.1335
2022-03-01,44421.2,2976.33,408.7,98.66,0.7839,0.134
2022-03-02,43892.98,2947.3,409.3,100.68,0.7687,0.133
2022-03-03,42454.0,2833.99,402.6,95.62,0.7515,0.1297
2022-03-04,39148.66,2622.1,374.2,88.32,0.7127,0.1226
2022-03-05,39397.96,2665.15,384.7,89.63,0.754,0.125
2022-03-06,38420.81,2551.29,375.0,84.57,0.7251,0.1207
2022-03-07,37988.0,2491.12,380.6,81.66,0.7197,0.1167
2022-03-08,38730.63,2575.97,381.4,82.32,0.7207,0.117
2022-03-09,41941.71,2726.98,393.2,88.06,0.7658,0.1215
2022-03-10,39422.0,2606.7,372.0,82.87,0.7361,0.1169
2022-03-11,38729.57,2556.86,371.9,80.67,0.8029,0.1155
2022-03-12,38807.36,2568.8,372.4,81.38,0.7857,0.1147
2022-03-13,37777.34,2515.65,361.4,78.73,0.7602,0.1114
2022-03-14,39671.37,2589.41,373.4,81.22,0.7748,0.1139
2022-03-15,39280.33,2617.73,371.7,82.84,0.7657,0.1126
2022-03-16,41114.0,2773.81,385.4,87.77,0.7919,0.1171
2022-03-17,40917.9,2811.92,391.8,87.8,0.7935,0.1163
2022-03-18,41757.51,2938.92,397.2,89.8,0.7965,0.1191
2022-03-19,42201.13,2950.84,399.9,92.31,0.8194,0.1236
2022-03-20,41262.11,2861.38,390.8,88.62,0.8057,0.1191
2022-03-21,41002.25,2890.03,396.0,88.59,0.8373,0.1192
2022-03-22,42364.13,2969.64,404.3,90.43,0.8366,0.1224
2022-03-23,42882.76,3036.0,408.4,94.89,0.8376,0.1298
2022-03-24,43991.46,3110.76,414.2,102.32,0.8428,0.1368
2022-03-25,44313.16,3102.14,410.3,98.6,0.8239,0.1308
2022-03-26,44511.27,3145.0,415.8,101.73,0.8327,0.136
2022-03-27,46827.76,3295.65,430.5,107.04,0.858,0.1448
2022-03-28,47122.21,3332.92,430.2,105.75,0.8641,0.1425
2022-03-29,47434.8,3400.51,434.2,111.62,0.8577,0.1444
2022-03-30,47067.99,3385.79,442.1,120.82,0.8613,0.1432
2022-03-31,45510.34,3281.51,428.9,122.77,0.8148,0.1381
2022-04-01,46283.49,3455.21,447.7,134.52,0.8277,0.1413
2022-04-02,45811.0,3443.77,437.2,132.49,0.824,0.1387
2022-04-03,46407.35,3521.91,450.4,136.9,0.8432,0.1466
2022-04-04,46580.51,3519.5,447.6,132.14,0.826,0.1485
2022-04-05,45497.55,3406.99,444.7,126.87,0.8164,0.1727
2022-04-06,43170.47,3168.51,420.1,112.95,0.7595,0.1433
2022-04-07,43444.19,3227.19,436.0,118.48,0.7871,0.1459
2022-04-08,42252.01,3192.39,421.5,109.92,0.7549,0.1424
2022-04-09,42753.97,3258.57,426.6,112.96,0.7622,0.1442
2022-04-10,42158.85,3203.04,418.1,111.07,0.7543,0.1482
2022-04-11,39530.45,2979.74,394.6,99.67,0.6948,0.1341
2022-04-12,40074.94,3027.66,413.6,103.22,0.7152,0.138
2022-04-13,41147.79,3118.28,423.4,104.94,0.7232,0.1399
2022-04-14,39942.38,3021.98,414.7,100.77,0.7262,0.1441
2022-04-15,40551.9,3040.56,417.3,101.31,0.7858,0.1458
2022-04-16,40378.71,3059.3,417.3,102.06,0.7808,0.1435
2022-04-17,39678.12,2988.06,406.6,100.15,0.7519,0.1392
2022-04-18,40801.13,3055.56,416.8,102.33,0.7699,0.1402
2022-04-19,41493.18,3101.77,422.3,108.51,0.7749,0.1425
2022-04-20,41358.19,3076.04,418.4,105.59,0.7517,0.1407
2022-04-21,40480.01,2983.58,404.9,101.78,0.7328,0.1362
2022-04-22,39709.18,2962.39,406.6,100.55,0.7179,0.1363
2022-04-23,39441.6,2933.03,401.1,100.63,0.7057,0.1339
2022-04-24,39450.13,2921.0,398.8,99.23,0.6981,0.1317
2022-04-25,40426.08,3006.62,404.3,100.99,0.6931,0.1581
2022-04-26,38112.65,2809.67,385.9,95.7,0.642,0.1376
2022-04-27,39235.72,2888.96,391.3,98.36,0.6522,0.14
2022-04-28,39742.07,2936.93,407.1,98.24,0.6428,0.1375
2022-04-29,38596.11,2817.13,393.0,93.96,0.6116,0.1349
2022-04-30,37630.8,2726.66,377.1,84.63,0.5845,0.1274
2022-05-01,38468.35,2824.81,389.9,89.68,0.607,0.1327
2022-05-02,38525.16,2856.54,389.5,87.5,0.6143,0.1308
2022-05-03,37728.95,2781.7,383.9,85.86,0.6047,0.1295
2022-05-04,39690.0,2940.64,402.6,92.77,0.6459,0.1359
2022-05-05,36552.97,2747.97,378.4,84.52,0.5981,0.1282
2022-05-06,36013.77,2692.85,379.1,81.68,0.6022,0.1278
2022-05-07,35472.39,2635.34,365.5,78.86,0.5808,0.1275
2022-05-08,34038.4,2519.71,355.9,75.38,0.5662,0.1241
2022-05-09,30076.31,2228.55,296.1,62.16,0.4873,0.1019
2022-05-10,31017.1,2342.05,319.1,66.9,0.513,0.108
2022-05-11,29103.94,2084.99,271.5,50.9,0.4172,0.0853
2022-05-12,29029.75,1960.22,269.0,44.64,0.3856,0.0826
2022-05-13,29287.05,2009.69,290.6,48.92,0.4228,0.0881
2022-05-14,30086.74,2056.48,296.9,52.43,0.4262,0.0894
2022-05-15,31328.89,2145.29,312.4,58.83,0.4481,0.0932
2022-05-16,29874.01,2023.66,297.2,53.79,0.4231,0.088
2022-05-17,30444.93,2090.72,306.2,57.02,0.438,0.0903
2022-05-18,28715.32,1915.11,287.7,49.93,0.4056,0.0833
2022-05-19,30319.23,2019.55,307.1,52.2,0.4205,0.0866
2022-05-20,29201.01,1959.08,302.2,49.43,0.4101,0.084
2022-05-21,29445.06,1975.07,312.4,50.31,0.4145,0.0845
2022-05-22,30293.94,2043.19,319.4,52.48,0.4218,0.0859
2022-05-23,29109.15,1973.32,317.2,49.17,0.4052,0.0833
2022-05-24,29654.58,1979.41,328.3,49.67,0.4086,0.0837
2022-05-25,29542.15,1942.63,325.7,47.98,0.406,0.083
2022-05-26,29201.35,1792.23,303.0,43.44,0.392,0.0779
2022-05-27,28629.8,1727.27,301.6,41.17,0.3819,0.0816
2022-05-28,29031.33,1792.22,307.5,44.25,0.3863,0.0818
2022-05-29,29468.1,1813.64,305.8,44.98,0.3891,0.0827
2022-05-30,31734.22,1998.78,321.8,47.22,0.4187,0.088
2022-05-31,31801.04,1941.9,320.9,45.77,0.4217,0.08591
2022-06-01,29805.83,1817.95,300.4,40.11,0.398,0.08105
2022-06-02,30452.62,1834.08,308.3,40.85,0.4055,0.08277
2022-06-03,29700.21,1775.12,298.6,38.28,0.3904,0.08029
2022-06-04,29864.04,1804.58,301.3,39.0,0.3925,0.08187
2022-06-05,29919.21,1806.23,299.1,38.52,0.3953,0.08107
2022-06-06,31373.1,1859.84,295.1,42.39,0.4026,0.0825
2022-06-07,31125.33,1813.33,290.3,39.31,0.4076,0.08039
2022-06-08,30204.77,1791.88,288.5,38.83,0.4006,0.07927
2022-06-09,30109.93,1788.81,289.9,39.96,0.4002,0.07937
2022-06-10,29091.88,1662.91,286.4,37.17,0.3815,0.07539
2022-06-11,28424.7,1532.89,269.9,33.93,0.3599,0.06993
2022-06-12,26574.53,1434.84,254.8,30.61,0.3433,0.06353
2022-06-13,22487.41,1209.82,223.0,28.6,0.3118,0.0542
2022-06-14,22136.41,1208.9,223.0,29.59,0.3214,0.05555
2022-06-15,22583.72,1237.52,233.6,34.76,0.3436,0.06285
2022-06-16,20401.31,1068.5,210.2,30.12,0.3132,0.05523
2022-06-17,20468.81,1086.94,215.8,30.71,0.321,0.05689
2022-06-18,18970.79,995.13,197.0,32.02,0.3075,0.0529
2022-06-19,20574.0,1128.53,215.1,34.19,0.3264,0.06047
2022-06-20,20573.89,1128.24,216.5,35.24,0.3227,0.06002
2022-06-21,20723.52,1125.85,220.1,36.42,0.3294,0.06581
2022-06-22,19987.99,1050.19,214.4,34.12,0.3223,0.0617
2022-06-23,21110.13,1144.72,228.9,38.15,0.3358,0.06398
2022-06-24,21237.69,1225.02,240.2,41.91,0.3672,0.06694
2022-06-25,21491.19,1242.36,239.7,42.22,0.3676,0.06852
2022-06-26,21038.07,1197.79,233.9,39.39,0.3592,0.07296
2022-06-27,20742.56,1192.51,233.8,38.52,0.3537,0.07216
2022-06-28,20281.29,1144.05,226.9,35.35,0.3375,0.0661
2022-06-29,20123.01,1100.21,219.7,34.05,0.3296,0.06956
2022-06-30,19942.21,1071.01,219.6,33.76,0.3321,0.06644
2022-07-01,19279.8,1059.73,216.9,32.84,0.3139,0.06644
2022-07-02,19252.81,1067.01,218.3,33.36,0.3156,0.06667
2022-07-03,19315.83,1074.26,219.2,33.39,0.3215,0.06721
2022-07-04,20236.71,1151.0,231.5,36.71,0.3287,0.06938
2022-07-05,20175.83,1132.5,230.8,35.4,0.3252,0.06716
2022-07-06,20564.51,1186.57,238.6,37.04,0.3324,0.06844
2022-07-07,21624.98,1237.49,241.4,38.46,0.3422,0.07055
2022-07-08,21594.75,1214.04,240.7,38.12,0.3402,0.06906
2022-07-09,21591.83,1217.02,243.3,38.06,0.3448,0.06947
2022-07-10,20862.47,1168.36,234.7,36.71,0.3255,0.06728
2022-07-11,19963.61,1096.4,225.6,33.42,0.3152,0.06175
2022-07-12,19328.75,1038.58,220.6,32.68,0.3116,0.05982
2022-07-13,20234.87,1115.0,230.5,34.94,0.3237,0.06194
2022-07-14,20588.84,1193.42,238.5,37.15,0.3338,0.06246
2022-07-15,20830.04,1231.25,238.5,37.36,0.3342,0.06294
2022-07-16,21195.6,1355.85,249.8,39.58,0.3505,0.06439
2022-07-17,20798.16,1338.65,247.8,38.62,0.3433,0.06306
2022-07-18,22432.58,1581.04,264.1,43.52,0.3653,0.06756
2022-07-19,23396.62,1542.32,268.6,44.87,0.3729,0.06901
2022-07-20,23223.3,1521.58,258.2,42.04,0.3635,0.07014
2022-07-21,23152.19,1575.45,265.6,43.11,0.3669,0.06998
2022-07-22,22684.83,1535.27,262.4,40.54,0.3578,0.06743
2022-07-23,22451.07,1548.67,259.2,39.97,0.3592,0.06804
2022-07-24,22579.68,1597.7,261.4,40.93,0.3586,0.06755
2022-07-25,21310.9,1440.79,244.6,36.65,0.3362,0.06193
2022-07-26,21254.67,1449.12,249.4,36.25,0.3372,0.06252
2022-07-27,22952.45,1635.74,271.6,40.23,0.3594,0.06721
2022-07-28,23842.93,1724.52,277.2,42.91,0.3739,0.06909
2022-07-29,23773.75,1721.68,293.6,41.91,0.3679,0.06877
2022-07-30,23643.51,1697.0,287.8,43.84,0.3879,0.06965
2022-07-31,23293.32,1678.12,283.4,42.35,0.3792,0.06807
2022-08-01,23268.01,1630.28,283.2,41.65,0.3791,0.06845
2022-08-02,22987.79,1630.91,283.8,39.79,0.3714,0.06652
2022-08-03,22818.37,1618.16,297.5,38.54,0.3695,0.06621
2022-08-04,22622.98,1607.96,311.8,38.83,0.371,0.06725
2022-08-05,23312.42,1736.81,315.9,40.55,0.3764,0.06981
2022-08-06,22954.21,1690.6,315.2,40.07,0.3715,0.06863
2022-08-07,23174.39,1700.19,322.8,40.6,0.3722,0.06897
2022-08-08,23810.0,1777.05,324.9,42.18,0.3787,0.07011
2022-08-09,23149.95,1702.76,324.4,40.33,0.3672,0.06904
2022-08-10,23954.05,1853.57,328.8,42.47,0.3814,0.07126
2022-08-11,23934.39,1880.19,323.6,42.77,0.3802,0.07084
2022-08-12,24403.68,1958.28,327.9,45.48,0.3796,0.0723
2022-08-13,24441.38,1983.55,324.3,46.6,0.378,0.07293
2022-08-14,24305.24,1935.31,317.6,44.87,0.3757,0.08168
2022-08-15,24094.82,1899.06,319.5,43.72,0.3751,0.07662
2022-08-16,23854.74,1876.67,316.1,43.08,0.377,0.08677
2022-08-17,23342.66,1834.25,306.9,40.54,0.3795,0.08021
2022-08-18,23191.2,1846.39,298.1,39.52,0.3704,0.07474
2022-08-19,20834.39,1609.01,279.1,35.81,0.3344,0.06776
2022-08-20,21140.07,1576.04,283.7,35.28,0.3368,0.06933
2022-08-21,21515.61,1618.13,301.9,36.47,0.3449,0.06932
2022-08-22,21399.83,1624.66,300.0,35.41,0.344,0.0684
2022-08-23,21529.12,1665.41,299.3,35.68,0.3472,0.06884
2022-08-24,21368.08,1656.56,296.4,34.89,0.3456,0.06791
2022-08-25,21559.04,1695.11,301.2,35.27,0.3491,0.06898
2022-08-26,20241.05,1508.18,279.6,31.72,0.3393,0.06351
2022-08-27,20037.6,1491.06,277.9,31.53,0.3346,0.06351
2022-08-28,19555.61,1426.76,276.5,30.44,0.3224,0.06178
2022-08-29,20285.73,1551.8,285.9,32.42,0.3337,0.06384
2022-08-30,19811.66,1524.59,281.6,31.47,0.3267,0.06154
2022-08-31,20050.02,1554.1,279.2,31.5,0.3277,0.06135
2022-09-01,20131.46,1586.16,278.3,31.61,0.3331,0.06239
2022-09-02,19951.86,1575.35,277.5,31.23,0.3314,0.06165
2022-09-03,19831.9,1557.46,277.8,31.12,0.3297,0.06271
2022-09-04,20000.3,1579.28,279.1,32.16,0.3317,0.06323
2022-09-05,19796.84,1617.8,276.9,32.18,0.3329,0.06275
2022-09-06,18790.61,1559.01,262.5,30.88,0.3212,0.05889
2022-09-07,19292.84,1630.0,278.9,32.69,0.3369,0.06097
2022-09-08,19319.77,1635.37,280.5,33.61,0.3396,0.06096
2022-09-09,21360.11,1718.23,293.4,34.67,0.3568,0.06385
2022-09-10,21648.34,1774.12,296.7,35.03,0.3573,0.06466
2022-09-11,21826.87,1766.11,295.3,34.99,0.3552,0.06369
2022-09-12,22395.74,1716.37,294.1,37.44,0.3598,0.06393
2022-09-13,20173.57,1574.4,277.4,33.0,0.3326,0.05964
2022-09-14,20226.71,1638.39,279.3,34.12,0.3415,0.06115
2022-09-15,19701.88,1472.75,271.1,33.07,0.3261,0.0586
2022-09-16,19803.3,1433.9,274.9,32.25,0.3552,0.06046
2022-09-17,20113.62,1468.83,279.1,33.68,0.3762,0.0622
2022-09-18,19416.18,1334.51,266.2,31.1,0.3576,0.05743
2022-09-19,19537.02,1375.98,271.9,32.62,0.3848,0.05853
2022-09-20,18875.0,1322.93,266.3,31.41,0.414,0.05839
2022-09-21,18461.36,1245.78,264.0,30.65,0.3936,0.05715
2022-09-22,19401.63,1326.46,275.3,32.43,0.4862,0.05958
2022-09-23,19289.91,1327.25,276.7,33.66,0.5069,0.06337
2022-09-24,18920.5,1317.13,274.4,33.38,0.4878,0.0631
2022-09-25,18807.38,1294.63,274.3,32.34,0.4917,0.06117
2022-09-26,19227.82,1336.17,276.1,33.88,0.4683,0.06113
2022-09-27,19079.13,1328.02,272.3,32.69,0.4457,0.06048
2022-09-28,19412.82,1337.2,281.6,33.22,0.4489,0.06051
2022-09-29,19591.51,1335.7,284.1,33.93,0.4877,0.06086
2022-09-30,19422.61,1328.72,284.8,33.25,0.4799,0.06167
2022-10-01,19310.95,1311.79,282.9,32.44,0.4754,0.06059
2022-10-02,19056.8,1276.72,284.7,32.06,0.4485,0.05927
2022-10-03,19629.08,1323.09,286.9,32.89,0.4621,0.06034
2022-10-04,20337.82,1361.49,296.2,34.09,0.4795,0.06584
2022-10-05,20158.26,1352.2,294.2,34.04,0.4887,0.06478
2022-10-06,19960.67,1352.06,287.0,33.36,0.4934,0.06345
2022-10-07,19530.09,1331.1,282.3,32.98,0.5177,0.06235
2022-10-08,19417.96,1315.48,276.4,32.58,0.517,0.06165
2022-10-09,19439.02,1323.13,278.2,32.92,0.5325,0.06212
2022-10-10,19131.87,1290.03,271.5,31.96,0.4939,0.05938
2022-10-11,19060.0,1280.11,271.4,30.8,0.4861,0.06025
2022-10-12,19155.53,1294.44,270.9,31.16,0.4881,0.05981
2022-10-13,19375.13,1287.08,271.6,30.49,0.4791,0.05965
2022-10-14,19176.93,1296.27,269.4,30.0,0.4883,0.05866
2022-10-15,19069.39,1274.92,268.2,29.59,0.4818,0.05857
2022-10-16,19262.98,1305.95,272.5,30.17,0.4766,0.05891
2022-10-17,19549.86,1331.4,275.6,31.21,0.4804,0.05998
2022-10-18,19327.44,1310.71,273.1,30.15,0.4658,0.05976
2022-10-19,19123.97,1285.09,272.0,28.86,0.4504,0.05868
2022-10-20,19041.92,1282.57,269.0,28.01,0.4465,0.05942
2022-10-21,19164.37,1299.75,270.1,28.1,0.4614,0.05933
2022-10-22,19204.35,1313.61,270.4,28.01,0.4653,0.05968
2022-10-23,19570.4,1364.2,276.0,29.28,0.4688,0.06038
2022-10-24,19329.72,1343.61,274.1,28.3,0.4529,0.05945
2022-10-25,20080.07,1459.74,284.2,30.86,0.4605,0.06305
2022-10-26,20771.59,1566.1,290.2,31.29,0.4689,0.07265
2022-10-27,20295.11,1514.05,286.7,30.58,0.4615,0.07689
2022-10-28,20591.84,1554.41,297.9,32.07,0.4744,0.08387
2022-10-29,20809.67,1619.55,304.4,32.87,0.4701,0.12176
2022-10-30,20627.48,1590.44,313.5,32.94,0.4582,0.11773
2022-10-31,20490.74,1572.69,325.7,32.56,0.4641,0.12686
2022-11-01,20483.62,1578.48,323.9,32.2,0.4636,0.14211
2022-11-02,20151.84,1518.34,320.2,30.8,0.4497,0.12765
2022-11-03,20207.82,1531.01,329.5,30.85,0.4548,0.12262
2022-11-04,21148.52,1644.78,354.6,33.74,0.5064,0.12613
2022-11-05,21299.37,1626.98,349.2,36.9,0.493,0.12445
2022-11-06,20905.58,1568.29,337.9,32.62,0.4709,0.11477
2022-11-07,20591.13,1568.1,337.0,29.62,0.4648,0.11123
2022-11-08,18547.23,1334.77,327.4,24.38,0.4059,0.08827
2022-11-09,15922.81,1102.73,267.3,14.08,0.3331,0.0745
2022-11-10,17601.15,1299.28,304.0,17.66,0.3942,0.08978
2022-11-11,17070.31,1289.28,290.4,16.45,0.3843,0.08509
2022-11-12,16812.08,1257.25,282.8,14.58,0.3636,0.08815
2022-11-13,16329.85,1221.49,276.4,13.18,0.3408,0.08495
2022-11-14,16619.46,1243.28,279.0,14.0,0.3776,0.08595
2022-11-15,16900.57,1253.23,277.0,14.32,0.3888,0.08706
2022-11-16,16662.76,1216.17,271.8,14.27,0.3752,0.08548
2022-11-17,16692.56,1200.43,267.9,13.65,0.3819,0.08467
2022-11-18,16700.45,1212.58,274.1,13.27,0.3829,0.08474
2022-11-19,16700.68,1217.67,272.6,12.84,0.3841,0.08455
2022-11-20,16280.23,1142.21,264.2,12.27,0.3608,0.07703
2022-11-21,15781.29,1107.34,253.9,11.83,0.3645,0.07466
2022-11-22,16226.94,1139.6,266.7,12.44,0.3757,0.07876
2022-11-23,16603.11,1184.52,298.8,14.36,0.3815,0.08197
2022-11-24,16598.95,1203.73,300.2,14.59,0.4018,0.08146
2022-11-25,16522.14,1199.3,300.8,14.03,0.4078,0.0895
2022-11-26,16458.57,1205.6,311.4,14.17,0.396,0.08893
2022-11-27,16428.78,1193.88,307.6,14.12,0.3962,0.09868
2022-11-28,16212.91,1167.77,293.5,13.32,0.3888,0.09513
2022-11-29,16442.53,1216.49,295.4,13.34,0.3981,0.10146
2022-11-30,17163.64,1294.46,300.6,14.16,0.4078,0.10677
2022-12-01,16977.37,1276.41,292.3,13.51,0.3969,0.10175
2022-12-02,17092.74,1295.59,293.4,13.71,0.3961,0.1021
2022-12-03,16885.2,1240.51,290.4,13.29,0.3873,0.0997
2022-12-04,17105.7,1279.41,291.8,13.71,0.3895,0.10406
2022-12-05,16966.35,1259.41,288.4,13.82,0.3893,0.10149
2022-12-06,17088.96,1271.32,290.2,14.3,0.3914,0.10019
2022-12-07,16836.64,1231.18,284.2,13.49,0.3835,0.09575
2022-12-08,17224.1,1280.18,290.4,13.69,0.3941,0.09847
2022-12-09,17128.56,1263.1,286.0,13.59,0.3889,0.0967
2022-12-10,17127.49,1266.35,288.2,13.58,0.3865,0.09632
2022-12-11,17085.05,1263.01,284.4,13.42,0.3809,0.09266
2022-12-12,17209.83,1275.4,276.1,13.31,0.3874,0.09029
2022-12-13,17774.7,1320.69,272.2,13.89,0.3952,0.09105
2022-12-14,17803.15,1307.44,267.7,14.12,0.3853,0.08824
2022-12-15,17356.34,1266.54,258.8,14.04,0.378,0.08485
2022-12-16,16632.12,1166.83,231.2,12.25,0.3511,0.07569
2022-12-17,16776.52,1187.16,242.1,12.51,0.3545,0.07919
2022-12-18,16738.21,1183.06,251.0,12.38,0.3499,0.07847
2022-12-19,16438.88,1167.82,240.4,11.94,0.3389,0.07133
2022-12-20,16895.56,1216.94,251.4,12.26,0.3482,0.07483
2022-12-21,16824.67,1213.78,246.2,12.14,0.3449,0.07374
2022-12-22,16821.43,1217.71,245.8,11.82,0.3492,0.07685
2022-12-23,16778.5,1219.99,246.2,11.78,0.3543,0.07721
2022-12-24,16836.12,1220.41,244.5,11.45,0.3517,0.07752
2022-12-25,16832.11,1218.51,243.2,11.38,0.3457,0.07598
2022-12-26,16919.39,1228.11,244.3,11.32,0.3658,0.07568
2022-12-27,16706.36,1211.55,246.7,11.09,0.3675,0.07372
2022-12-28,16547.31,1190.15,244.5,9.76,0.3558,0.0704
2022-12-29,16633.47,1200.49,246.3,9.64,0.3421,0.07094
2022-12-30,16607.48,1199.99,245.8,9.9,0.3451,0.0684
2022-12-31,16542.4,1196.13,246.3,9.97,0.3389,0.07025
2023-01-01,16616.75,1200.34,244.4,9.99,0.3387,0.07024
2023-01-02,16672.87,1214.0,245.2,11.28,0.3482,0.0714
2023-01-03,16675.18,1214.55,246.1,13.37,0.3436,0.07049
2023-01-04,16850.36,1256.9,258.9,13.43,0.3472,0.07311
2023-01-05,16831.85,1251.24,256.7,13.43,0.338,0.07152
2023-01-06,16950.65,1269.14,259.9,13.5,0.3443,0.07241
2023-01-07,16943.57,1264.07,261.3,13.1,0.3442,0.07219
2023-01-08,17127.83,1290.16,274.9,14.45,0.3452,0.07363
2023-01-09,17178.26,1320.39,272.6,16.25,0.349,0.07566
2023-01-10,17440.66,1335.62,277.1,16.2,0.3507,0.07782
2023-01-11,17943.26,1389.39,284.8,16.36,0.3728,0.07814
2023-01-12,18846.62,1415.92,287.7,16.59,0.3748,0.08025
2023-01-13,19930.01,1451.2,293.7,18.29,0.3858,0.0845
2023-01-14,20954.92,1549.9,305.1,24.24,0.3953,0.08729
2023-01-15,20871.5,1552.52,302.2,22.89,0.3845,0.08608
2023-01-16,21185.65,1576.94,299.0,23.58,0.3855,0.08368
2023-01-17,21134.81,1565.57,299.4,22.86,0.3868,0.08285
2023-01-18,20677.47,1511.43,286.7,20.79,0.3782,0.08
2023-01-19,21071.59,1551.09,294.6,21.4,0.3928,0.08161
2023-01-20,22667.21,1658.52,305.1,25.51,0.4129,0.08617
2023-01-21,22783.55,1626.66,299.0,24.57,0.4034,0.08467
2023-01-22,22707.88,1627.44,303.0,24.21,0.4004,0.08824
2023-01-23,22916.45,1626.29,305.1,24.33,0.4234,0.08851
2023-01-24,22632.89,1555.97,300.3,22.78,0.4078,0.08392
2023-01-25,23060.94,1611.94,306.9,24.52,0.417,0.08654
2023-01-26,23009.65,1601.09,304.7,24.33,0.4092,0.08633
2023-01-27,23074.16,1597.62,308.0,24.43,0.4128,0.08723
2023-01-28,23022.6,1572.1,306.1,24.0,0.4078,0.08773
2023-01-29,23742.3,1644.72,317.2,26.07,0.4134,0.09009
2023-01-30,22826.15,1566.2,307.2,23.96,0.3934,0.08837
2023-01-31,23125.13,1585.33,312.0,23.92,0.4057,0.09612
2023-02-01,23732.66,1641.68,317.0,25.0,0.4131,0.09403
2023-02-02,23488.94,1643.12,323.5,24.32,0.4098,0.09099
2023-02-03,23431.9,1663.52,332.2,24.69,0.4117,0.09293
2023-02-04,23326.84,1666.38,330.4,24.34,0.4106,0.09567
2023-02-05,22932.91,1629.02,327.8,23.47,0.3984,0.09203
2023-02-06,22762.52,1614.29,324.3,22.66,0.392,0.08955
2023-02-07,23240.46,1671.03,333.0,23.82,0.4036,0.09253
2023-02-08,22963.0,1650.43,328.2,23.22,0.3975,0.09018
2023-02-09,21796.35,1545.35,306.2,20.48,0.3819,0.08144
2023-02-10,21625.19,1513.06,305.8,20.11,0.3817,0.08089
2023-02-11,21862.55,1538.51,310.4,20.81,0.3833,0.08225
2023-02-12,21783.54,1514.83,312.6,21.49,0.3747,0.08215
2023-02-13,21773.97,1505.24,294.3,20.77,0.3703,0.08209
2023-02-14,22199.84,1555.71,296.2,21.84,0.3819,0.0836
2023-02-15,24324.05,1674.92,317.4,23.86,0.4011,0.08928
2023-02-16,23517.72,1637.84,304.4,22.24,0.3841,0.08489
2023-02-17,24569.97,1693.87,313.0,23.14,0.395,0.08771
2023-02-18,24631.95,1691.62,316.5,23.45,0.3943,0.08882
2023-02-19,24271.76,1679.75,311.5,24.84,0.3863,0.08697
2023-02-20,24842.2,1703.27,315.4,26.26,0.3984,0.08829
2023-02-21,24452.16,1659.76,311.5,24.98,0.3919,0.08546
2023-02-22,24182.21,1643.14,312.4,24.16,0.3953,0.0855
2023-02-23,23940.2,1650.53,308.3,23.91,0.3882,0.08425
2023-02-24,23185.29,1607.8,302.3,23.07,0.3783,0.08092
2023-02-25,23157.07,1594.58,302.4,22.37,0.3778,0.08075
2023-02-26,23554.85,1641.36,308.7,23.25,0.3779,0.08216
2023-02-27,23492.09,1633.45,304.6,22.68,0.3785,0.08136
2023-02-28,23141.57,1605.23,301.4,21.89,0.3762,0.08085
2023-03-01,23628.97,1665.22,302.7,22.51,0.3835,0.08193
2023-03-02,23465.32,1647.86,299.8,22.0,0.3772,0.08056
2023-03-03,22354.34,1569.45,290.4,21.42,0.3774,0.07684
2023-03-04,22346.57,1566.73,289.6,20.98,0.3735,0.07462
2023-03-05,22430.24,1564.58,288.7,20.97,0.3668,0.07474
2023-03-06,22410.0,1565.84,287.8,20.63,0.3695,0.07479
2023-03-07,22197.96,1561.96,289.3,20.25,0.3801,0.07407
2023-03-08,21705.44,1532.38,287.1,18.41,0.3889,0.07112
2023-03-09,20362.22,1437.32,277.1,17.33,0.3706,0.06595
2023-03-10,20150.69,1426.44,277.4,18.17,0.37,0.06572
2023-03-11,20455.73,1471.97,276.0,18.07,0.3638,0.06604
2023-03-12,21997.11,1580.33,288.1,20.2,0.3714,0.07051
2023-03-13,24113.48,1673.45,307.9,20.4,0.3724,0.07279
2023-03-14,24670.41,1699.4,308.4,20.86,0.3724,0.07456
2023-03-15,24285.66,1649.96,306.3,19.24,0.3589,0.06963
2023-03-16,24998.78,1673.73,329.4,19.67,0.3647,0.07256
2023-03-17,27395.13,1789.27,338.9,21.6,0.3798,0.07642
2023-03-18,26907.49,1758.84,331.0,21.2,0.3739,0.07295
2023-03-19,27972.87,1780.68,336.7,21.86,0.3857,0.0745
2023-03-20,27717.01,1732.78,332.5,22.13,0.3734,0.07137
2023-03-21,28105.47,1801.23,334.4,22.53,0.4696,0.0766
2023-03-22,27250.97,1734.33,321.1,21.42,0.4213,0.07385
2023-03-23,28295.41,1813.79,329.4,22.16,0.4438,0.07736
2023-03-24,27454.47,1749.57,322.1,20.66,0.4259,0.07453
2023-03-25,27462.95,1741.88,322.4,20.41,0.4429,0.07402
2023-03-26,27968.05,1773.88,328.6,20.94,0.4479,0.07436
2023-03-27,27124.91,1715.22,310.6,19.91,0.479,0.07287
2023-03-28,27261.07,1772.99,313.2,20.45,0.5144,0.07381
2023-03-29,28348.6,1793.07,313.7,21.1,0.5425,0.07557
2023-03-30,28028.53,1793.61,316.4,20.55,0.5319,0.07422
2023-03-31,28465.36,1821.52,316.9,21.16,0.5374,0.07695
2023-04-01,28452.73,1820.79,314.9,21.08,0.5095,0.08181
2023-04-02,28171.87,1794.51,313.7,20.52,0.518,0.07903
2023-04-03,27800.0,1810.51,308.8,20.45,0.4959,0.096
2023-04-04,28165.47,1870.37,310.8,20.92,0.5026,0.09512
2023-04-05,28170.01,1908.69,313.9,20.97,0.5055,0.09267
2023-04-06,28033.82,1872.41,312.3,20.62,0.5028,0.08541
2023-04-07,27906.33,1863.72,310.3,20.44,0.5126,0.08222
2023-04-08,27938.38,1848.82,310.5,20.04,0.5048,0.08134
2023-04-09,28323.76,1858.92,312.8,20.28,0.5054,0.08318
2023-04-10,29637.34,1910.2,318.5,20.89,0.5176,0.08473
2023-04-11,30200.42,1889.86,322.3,22.98,0.5167,0.08408
2023-04-12,29888.07,1917.39,319.9,23.8,0.5049,0.08346
2023-04-13,30373.84,2012.01,324.7,24.43,0.5125,0.08729
2023-04-14,30466.93,2099.99,328.9,24.71,0.5227,0.08866
2023-04-15,30295.09,2090.6,333.0,24.05,0.5192,0.08888
2023-04-16,30304.65,2118.67,347.7,25.34,0.5209,0.09043
2023-04-17,29430.27,2074.0,340.0,24.58,0.5109,0.09137
2023-04-18,30380.01,2103.5,343.1,24.82,0.5324,0.09411
2023-04-19,28797.1,1933.73,322.4,22.66,0.4911,0.08788
2023-04-20,28243.65,1942.98,318.1,22.2,0.4752,0.08389
2023-04-21,27262.84,1848.78,321.2,21.25,0.4491,0.07842
2023-04-22,27816.85,1874.16,332.2,21.79,0.4719,0.08028
2023-04-23,27590.6,1862.0,330.7,21.47,0.4647,0.07878
2023-04-24,27510.93,1841.84,331.2,21.38,0.4611,0.07873
2023-04-25,28300.79,1866.1,338.4,21.93,0.4695,0.07976
2023-04-26,28415.29,1866.01,330.6,21.28,0.4618,0.07859
2023-04-27,29472.77,1908.68,330.9,22.33,0.4667,0.08014
2023-04-28,29311.7,1890.94,324.1,23.34,0.4796,0.08033
2023-04-29,29230.45,1907.8,321.9,23.19,0.478,0.08157
2023-04-30,29233.21,1870.09,337.5,22.74,0.4705,0.07951
2023-05-01,28068.26,1830.73,328.5,21.96,0.4649,0.07882
2023-05-02,28669.86,1870.08,321.5,22.25,0.4645,0.07876
2023-05-03,29026.16,1905.12,325.9,22.24,0.4632,0.07962
2023-05-04,28838.16,1877.07,323.8,21.74,0.4608,0.07838
2023-05-05,29505.61,1993.3,326.5,22.82,0.4671,0.08017
2023-05-06,28848.2,1896.33,321.9,21.91,0.4582,0.07672
2023-05-07,28430.1,1870.4,321.0,21.66,0.449,0.07652
2023-05-08,27668.79,1847.56,313.8,20.62,0.4283,0.07239
2023-05-09,27628.27,1846.52,312.1,20.65,0.4289,0.0731
2023-05-10,27598.75,1840.84,314.3,20.91,0.4303,0.07312
2023-05-11,26968.62,1794.3,307.5,20.17,0.4207,0.07193
2023-05-12,26795.01,1807.45,308.5,20.9,0.4305,0.07235
2023-05-13,26775.28,1795.11,310.7,20.84,0.424,0.07167
2023-05-14,26917.62,1799.21,312.1,20.93,0.4253,0.07196
2023-05-15,27162.14,1816.2,313.4,20.99,0.4273,0.07191
2023-05-16,27033.84,1824.21,311.4,20.67,0.4425,0.07275
2023-05-17,27405.61,1822.12,314.3,21.06,0.4484,0.07483
2023-05-18,26821.28,1800.56,309.3,20.34,0.4596,0.07344
2023-05-19,26880.26,1812.32,308.9,20.36,0.4675,0.0735
2023-05-20,27102.43,1819.42,310.6,20.28,0.4685,0.07361
2023-05-21,26747.78,1804.91,306.4,19.61,0.4575,0.07212
2023-05-22,26849.27,1817.35,309.0,19.53,0.4618,0.07291
2023-05-23,27219.61,1854.05,313.5,20.02,0.4651,0.07289
2023-05-24,26329.01,1799.89,306.0,19.22,0.453,0.07064
2023-05-25,26473.79,1805.6,304.5,19.25,0.4538,0.07088
2023-05-26,26705.92,1827.79,306.8,19.35,0.4684,0.07097
2023-05-27,26854.27,1829.89,307.4,20.43,0.4714,0.07255
2023-05-28,28065.0,1908.64,314.1,20.81,0.482,0.07352
2023-05-29,27736.4,1892.6,311.6,20.57,0.4946,0.07313
2023-05-30,27694.4,1900.59,311.5,21.25,0.5205,0.07231
2023-05-31,27210.35,1873.63,306.8,20.81,0.5166,0.07165
2023-06-01,26817.93,1861.78,304.9,20.49,0.5065,0.07142
2023-06-02,27242.59,1906.68,307.2,21.26,0.5244,0.07256
2023-06-03,27069.22,1892.06,306.6,21.19,0.5188,0.0727
2023-06-04,27115.21,1890.01,305.0,21.82,0.5359,0.07249
2023-06-05,25728.2,1810.5,276.9,20.0,0.509,0.0664
2023-06-06,27230.08,1884.64,281.2,20.38,0.53,0.07025
2023-06-07,26339.34,1832.13,259.3,18.64,0.5183,0.06728
2023-06-08,26498.61,1845.64,262.0,18.89,0.5236,0.06796
2023-06-09,26477.81,1840.37,260.5,17.4,0.538,0.06947
2023-06-10,25841.21,1751.53,238.7,15.61,0.5067,0.06175
2023-06-11,25925.55,1752.76,235.4,15.55,0.5208,0.06151
2023-06-12,25905.19,1742.57,231.3,15.19,0.5251,0.06143
2023-06-13,25934.25,1740.12,244.2,15.04,0.5192,0.06175
2023-06-14,25128.6,1650.95,237.9,14.48,0.4801,0.06038
2023-06-15,25598.49,1666.96,236.4,14.77,0.4801,0.06153
2023-06-16,26345.0,1717.92,239.3,15.31,0.4759,0.06219
2023-06-17,26516.99,1727.76,244.5,15.64,0.4794,0.0622
2023-06-18,26339.97,1720.95,244.1,15.45,0.4868,0.06212
2023-06-19,26844.35,1737.11,243.1,16.1,0.4936,0.06245
2023-06-20,28307.99,1791.99,247.7,16.64,0.4929,0.06313
2023-06-21,29993.89,1889.11,248.8,17.23,0.4999,0.06561
2023-06-22,29884.92,1872.01,240.8,16.62,0.4938,0.06555
2023-06-23,30688.5,1892.63,244.3,17.13,0.4961,0.06823
2023-06-24,30527.43,1874.96,236.4,16.64,0.4865,0.06669
2023-06-25,30462.66,1898.8,238.8,16.96,0.4903,0.06672
2023-06-26,30267.99,1858.97,236.1,16.27,0.479,0.06474
2023-06-27,30692.44,1889.58,237.5,16.63,0.4838,0.06556
2023-06-28,30077.41,1828.02,230.6,15.97,0.4647,0.06257
2023-06-29,30447.31,1851.99,233.1,17.99,0.4747,0.06342
2023-06-30,30472.0,1933.79,240.3,18.86,0.4729,0.06646
2023-07-01,30585.9,1924.5,247.9,18.7,0.4732,0.06851
2023-07-02,30617.03,1937.48,246.5,19.45,0.4845,0.06801
2023-07-03,31156.2,1955.54,246.5,19.26,0.489,0.06845
2023-07-04,30766.51,1936.2,242.5,19.13,0.4872,0.0689
2023-07-05,30504.81,1910.36,238.9,19.0,0.4777,0.06701
2023-07-06,29895.43,1846.17,232.2,19.61,0.4622,0.06485
2023-07-07,30344.7,1870.91,235.6,21.5,0.4687,0.0654
2023-07-08,30284.63,1865.24,236.3,21.81,0.4704,0.06573
2023-07-09,30160.71,1862.8,234.1,21.32,0.468,0.06536
2023-07-10,30411.57,1880.4,246.2,21.3,0.478,0.06523
2023-07-11,30622.1,1878.3,248.6,22.07,0.4753,0.06528
2023-07-12,30380.0,1871.82,243.9,21.94,0.471,0.06503
2023-07-13,31454.23,2004.49,256.1,26.01,0.8153,0.07042
2023-07-14,30312.01,1937.83,248.1,26.67,0.7179,0.06849
2023-07-15,30289.52,1931.41,251.1,27.46,0.7145,0.07197
2023-07-16,30231.99,1922.11,242.3,27.42,0.7468,0.06952
2023-07-17,30138.0,1911.2,244.1,26.8,0.7374,0.06982
2023-07-18,29859.13,1897.21,240.2,25.54,0.7779,0.06866
2023-07-19,29909.21,1888.63,240.8,26.31,0.8199,0.07003
2023-07-20,29800.0,1891.59,242.8,25.38,0.7942,0.07062
2023-07-21,29901.72,1891.73,243.7,25.5,0.7713,0.07322
2023-07-22,29794.0,1866.52,241.1,24.52,0.7331,0.07047
2023-07-23,30083.75,1888.73,242.5,24.76,0.7384,0.0718
2023-07-24,29176.5,1850.0,238.9,23.37,0.7021,0.0742
2023-07-25,29228.91,1857.66,237.7,23.27,0.7089,0.08185
2023-07-26,29351.96,1872.0,239.0,25.17,0.7161,0.07793
2023-07-27,29222.78,1861.28,240.6,25.1,0.7139,0.07761
2023-07-28,29314.14,1874.19,241.9,24.82,0.712,0.07717
2023-07-29,29352.9,1880.46,242.4,25.17,0.7121,0.08023
2023-07-30,29281.09,1861.79,242.5,24.25,0.7046,0.07802
2023-07-31,29232.25,1856.14,241.0,23.73,0.6976,0.07786
2023-08-01,29705.99,1873.47,247.7,24.05,0.7069,0.07815
2023-08-02,29186.01,1839.9,240.7,23.15,0.685,0.07422
2023-08-03,29193.64,1835.81,241.1,22.65,0.663,0.07358
2023-08-04,29113.99,1830.23,241.7,22.8,0.6356,0.07347
2023-08-05,29072.13,1836.48,243.2,22.65,0.6288,0.07571
2023-08-06,29088.42,1830.28,243.2,23.2,0.624,0.07427
2023-08-07,29211.06,1829.1,242.1,23.12,0.6236,0.07354
2023-08-08,29770.42,1856.3,245.2,24.22,0.6418,0.07496
2023-08-09,29581.99,1855.35,243.8,24.38,0.6433,0.07541
2023-08-10,29455.75,1852.47,241.5,24.62,0.6331,0.07588
2023-08-11,29426.03,1848.84,239.7,24.62,0.6318,0.07574
2023-08-12,29430.17,1849.93,240.3,24.91,0.6276,0.0767
2023-08-13,29303.84,1840.73,240.2,24.23,0.6256,0.07479
2023-08-14,29430.93,1845.5,240.4,25.18,0.6343,0.07469
2023-08-15,29200.0,1828.98,236.7,23.9,0.6104,0.07093
2023-08-16,28730.51,1807.81,232.0,22.82,0.5889,0.06717
2023-08-17,26623.41,1681.49,218.1,21.66,0.5064,0.06102
2023-08-18,26054.0,1661.59,216.1,21.34,0.5062,0.06326
2023-08-19,26100.01,1669.67,216.8,21.9,0.5199,0.06379
2023-08-20,26189.99,1685.24,216.5,21.77,0.5384,0.06384
2023-08-21,26126.92,1667.55,210.4,21.2,0.5245,0.06252
2023-08-22,26056.0,1634.99,210.9,20.59,0.521,0.06259
2023-08-23,26432.72,1679.61,216.6,21.74,0.5301,0.06379
2023-08-24,26180.05,1661.16,219.0,21.06,0.5187,0.06308
2023-08-25,26060.01,1653.8,218.4,20.42,0.5258,0.06312
2023-08-26,26017.37,1647.04,216.5,20.29,0.5231,0.06289
2023-08-27,26101.77,1658.33,218.4,20.79,0.5236,0.06318
2023-08-28,26120.0,1653.08,218.8,20.56,0.5232,0.06345
2023-08-29,27716.34,1729.42,226.9,21.79,0.5398,0.0664
2023-08-30,27299.99,1705.23,223.8,20.82,0.5284,0.06588
2023-08-31,25940.78,1645.76,216.7,19.74,0.511,0.06376
2023-09-01,25805.05,1629.12,213.7,19.33,0.498,0.06388
2023-09-02,25869.51,1637.03,214.4,19.5,0.4988,0.06348
2023-09-03,25971.21,1635.84,214.4,19.57,0.5047,0.06317
2023-09-04,25826.02,1630.51,215.2,19.52,0.5087,0.06326
2023-09-05,25792.1,1634.45,214.6,20.26,0.5056,0.06402
2023-09-06,25759.95,1633.15,215.2,19.64,0.5033,0.06365
2023-09-07,26255.0,1648.11,217.1,19.92,0.505,0.06365
2023-09-08,25910.5,1636.44,214.7,19.61,0.505,0.06371
2023-09-09,25901.61,1635.54,214.1,19.44,0.5038,0.06339
2023-09-10,25841.61,1617.42,212.4,18.24,0.4969,0.0613
2023-09-11,25162.52,1551.85,206.1,17.72,0.4744,0.06049
2023-09-12,25840.1,1592.97,210.7,17.92,0.4804,0.0609
2023-09-13,26222.0,1607.62,212.5,18.4,0.4832,0.06126
2023-09-14,26522.73,1626.47,212.2,18.85,0.4892,0.06208
2023-09-15,26600.0,1641.29,214.1,19.14,0.5005,0.0625
2023-09-16,26559.67,1634.4,214.9,19.12,0.4998,0.06214
2023-09-17,26527.51,1622.48,216.5,18.81,0.4925,0.06147
2023-09-18,26762.51,1636.66,216.0,19.64,0.503,0.06198
2023-09-19,27210.26,1643.12,217.2,20.03,0.514,0.06268
2023-09-20,27125.0,1622.26,214.4,20.29,0.5212,0.06262
2023-09-21,26568.08,1583.94,210.8,19.46,0.5071,0.06131
2023-09-22,26580.14,1593.08,211.1,19.43,0.5122,0.06152
2023-09-23,26575.96,1593.86,210.5,19.49,0.5076,0.06152
2023-09-24,26248.38,1580.71,208.3,19.36,0.5021,0.06069
2023-09-25,26304.81,1588.33,209.9,19.39,0.5056,0.06094
2023-09-26,26221.67,1594.01,212.6,19.03,0.5019,0.06062
2023-09-27,26372.99,1598.64,212.0,19.14,0.4993,0.06053
2023-09-28,27021.39,1652.99,215.0,19.96,0.5098,0.0615
2023-09-29,26906.96,1667.45,215.2,20.28,0.5215,0.06213
2023-09-30,26962.56,1670.89,214.6,21.37,0.5149,0.06207
2023-10-01,27992.57,1733.79,218.2,23.87,0.5241,0.06319
2023-10-02,27494.51,1662.4,214.6,23.37,0.5123,0.062
2023-10-03,27426.46,1656.88,213.5,23.6,0.539,0.06137
2023-10-04,27778.57,1646.58,213.4,23.13,0.5326,0.06147
2023-10-05,27410.39,1611.79,210.6,22.7,0.5227,0.06086
2023-10-06,27931.09,1645.03,213.4,23.41,0.5255,0.06137
2023-10-07,27956.67,1633.57,212.3,23.3,0.5216,0.06143
2023-10-08,27917.05,1632.84,211.4,23.22,0.5174,0.06096
2023-10-09,27590.12,1580.13,205.8,22.1,0.5027,0.05873
2023-10-10,27390.12,1567.63,208.6,22.11,0.4965,0.05913
2023-10-11,26875.52,1566.87,206.6,22.01,0.4888,0.05851
2023-10-12,26759.63,1539.61,205.1,21.28,0.483,0.05788
2023-10-13,26862.0,1552.16,206.1,21.84,0.4851,0.05839
2023-10-14,26852.48,1554.94,206.5,22.0,0.4865,0.05984
2023-10-15,27154.15,1557.77,209.7,21.93,0.4874,0.05931
2023-10-16,28500.78,1599.42,214.6,23.95,0.4978,0.06
2023-10-17,28395.91,1565.01,211.4,23.93,0.4912,0.05904
2023-10-18,28320.0,1563.44,210.2,23.42,0.4878,0.05858
2023-10-19,28713.71,1566.57,211.2,24.93,0.5197,0.05887
2023-10-20,29669.04,1603.89,212.1,27.03,0.5149,0.0599
2023-10-21,29909.8,1628.94,214.2,29.32,0.5208,0.06119
2023-10-22,29992.46,1663.7,217.8,29.05,0.5226,0.0617
2023-10-23,33069.99,1765.46,228.5,31.88,0.5475,0.06742
2023-10-24,33922.73,1784.98,225.2,30.17,0.5588,0.0666
2023-10-25,34496.05,1787.15,222.1,32.44,0.5552,0.06832
2023-10-26,34151.66,1803.38,223.2,32.77,0.5533,0.07185
2023-10-27,33892.02,1779.4,224.1,31.73,0.543,0.06776
2023-10-28,34081.0,1776.2,225.7,31.63,0.5446,0.069
2023-10-29,34525.89,1795.14,227.1,32.83,0.5561,0.06935
2023-10-30,34474.73,1809.04,228.0,34.94,0.578,0.06959
2023-10-31,34639.77,1814.67,226.2,38.4,0.5996,0.06827
2023-11-01,35421.43,1846.99,227.9,41.15,0.6085,0.06894
2023-11-02,34941.59,1800.8,231.9,40.23,0.6054,0.0679
2023-11-03,34716.78,1832.71,230.2,39.45,0.6121,0.06807
2023-11-04,35062.07,1855.54,237.1,42.41,0.6149,0.06908
2023-11-05,35011.88,1891.71,244.0,41.15,0.6607,0.07108
2023-11-06,35046.09,1900.95,255.1,42.16,0.7148,0.07637
2023-11-07,35399.12,1885.27,246.2,42.93,0.685,0.07338
2023-11-08,35624.72,1888.12,246.7,43.13,0.6869,0.07534
2023-11-09,36701.09,2121.32,251.6,45.29,0.6665,0.07357
2023-11-10,37301.63,2077.72,251.0,56.67,0.6595,0.07539
2023-11-11,37130.0,2053.17,251.5,56.34,0.6626,0.07849
2023-11-12,37064.13,2044.68,247.4,56.28,0.6613,0.07795
2023-11-13,36462.93,2053.65,241.1,51.6,0.6702,0.07456
2023-11-14,35551.19,1979.39,242.3,56.81,0.6296,0.07244
2023-11-15,37858.2,2058.48,253.7,65.43,0.6481,0.07623
2023-11-16,36163.51,1961.77,242.7,57.8,0.6119,0.07947
2023-11-17,36613.92,1960.82,244.9,58.51,0.6133,0.08641
2023-11-18,36568.1,1962.6,244.8,58.56,0.6106,0.08028
2023-11-19,37359.86,2011.47,246.4,61.1,0.6258,0.08046
2023-11-20,37448.78,2021.4,253.1,56.57,0.6122,0.07768
2023-11-21,35741.65,1933.01,225.5,51.65,0.5788,0.07176
2023-11-22,37408.34,2063.21,236.1,57.56,0.6109,0.07575
2023-11-23,37294.28,2062.2,233.8,56.51,0.6209,0.0762
2023-11-24,37713.57,2080.84,232.7,56.86,0.6212,0.07818
2023-11-25,37780.67,2083.09,234.4,58.82,0.6228,0.07894
2023-11-26,37447.43,2062.33,231.7,57.57,0.6157,0.07868
2023-11-27,37242.7,2027.5,227.2,55.06,0.6039,0.07884
2023-11-28,37818.87,2048.14,229.6,58.18,0.6107,0.08083
2023-11-29,37854.64,2028.81,227.3,59.31,0.6091,0.08047
2023-11-30,37723.96,2051.96,227.6,59.3,0.6063,0.08343
2023-12-01,38682.52,2087.24,228.5,59.75,0.6125,0.08385
2023-12-02,39450.35,2164.74,229.0,63.66,0.6208,0.08617
2023-12-03,39972.26,2192.95,228.1,62.98,0.6229,0.08571
2023-12-04,41991.1,2243.37,233.5,61.64,0.6245,0.09188
2023-12-05,44073.32,2293.33,231.2,61.03,0.621,0.09435
2023-12-06,43762.69,2232.7,229.4,61.85,0.64,0.09493
2023-12-07,43273.14,2355.73,232.6,67.74,0.6432,0.09593
2023-12-08,44170.99,2358.72,238.9,74.94,0.6721,0.10164
2023-12-09,43713.6,2340.49,237.7,72.3,0.6584,0.09846
2023-12-10,43789.51,2352.39,239.8,74.87,0.6617,0.10186
2023-12-11,41253.4,2225.12,246.4,70.25,0.6187,0.09413
2023-12-12,41492.39,2203.46,254.6,68.6,0.6192,0.09381
2023-12-13,42869.03,2260.16,252.0,70.62,0.6275,0.09642
2023-12-14,43022.26,2315.32,253.3,75.68,0.6316,0.0983
2023-12-15,41940.3,2220.5,244.9,72.51,0.6156,0.09303
2023-12-16,42278.03,2228.96,244.4,73.72,0.6203,0.09713
2023-12-17,41374.65,2196.52,238.8,70.87,0.6103,0.09295
2023-12-18,42657.8,2219.43,241.7,74.42,0.6125,0.09213
2023-12-19,42275.99,2177.91,252.9,73.0,0.6047,0.09023
2023-12-20,43668.93,2202.17,260.3,82.21,0.6171,0.0915
2023-12-21,43861.8,2239.61,272.1,93.84,0.6241,0.09499
2023-12-22,43969.04,2324.54,271.1,97.9,0.6244,0.09499
2023-12-23,43702.16,2308.2,271.0,107.88,0.6195,0.09346
2023-12-24,42991.5,2264.05,264.5,112.45,0.6121,0.09171
2023-12-25,43576.13,2271.35,266.9,120.91,0.6462,0.09435
2023-12-26,42508.93,2230.88,297.7,112.49,0.6219,0.09135
2023-12-27,43428.85,2378.35,324.1,106.91,0.634,0.09365
2023-12-28,42563.76,2344.15,322.6,101.8,0.6346,0.09174
2023-12-29,42066.95,2299.2,313.7,106.17,0.623,0.09097
2023-12-30,42140.28,2291.68,317.1,101.9,0.6207,0.09
2023-12-31,42283.58,2281.87,311.8,101.72,0.6156,0.08955
2024-01-01,44179.55,2352.04,313.5,109.91,0.6294,0.09199
2024-01-02,44946.91,2355.34,312.2,106.73,0.6246,0.0911
2024-01-03,42845.23,2209.72,315.8,98.52,0.5823,0.08201
2024-01-04,44151.1,2267.11,323.7,104.91,0.5868,0.08401
2024-01-05,44145.11,2268.78,317.5,99.94,0.5757,0.08267
2024-01-06,43968.32,2240.78,307.5,93.77,0.5679,0.08058
2024-01-07,43929.02,2221.42,302.4,89.44,0.5515,0.07824
2024-01-08,46951.04,2330.44,303.7,97.88,0.5776,0.0813
2024-01-09,46110.0,2344.29,301.1,99.36,0.5669,0.07923
2024-01-10,46653.99,2584.38,305.8,102.0,0.6008,0.08307
2024-01-11,46339.16,2618.01,308.2,99.9,0.6019,0.08456
2024-01-12,42782.73,2522.54,296.6,92.12,0.5699,0.08007
2024-01-13,42847.99,2578.19,302.2,95.85,0.5747,0.08092
2024-01-14,41732.35,2472.87,299.5,93.81,0.5763,0.08003
2024-01-15,42511.1,2511.78,317.5,94.36,0.5757,0.08108
2024-01-16,43137.95,2587.4,315.2,97.61,0.5757,0.08134
2024-01-17,42776.1,2530.19,309.4,102.1,0.5685,0.08059
2024-01-18,41327.5,2470.81,313.0,94.4,0.552,0.07808
2024-01-19,41659.03,2492.0,314.7,93.62,0.5443,0.07857
2024-01-20,41696.04,2472.01,317.2,92.88,0.5534,0.08777
2024-01-21,41580.33,2457.05,318.6,91.09,0.5464,0.08546
2024-01-22,39568.02,2314.2,305.9,83.84,0.5275,0.08057
2024-01-23,39897.6,2242.6,298.8,84.35,0.5183,0.07821
2024-01-24,40084.88,2235.02,293.1,88.77,0.5181,0.07904
2024-01-25,39961.09,2218.64,292.1,86.91,0.5138,0.07795
2024-01-26,41823.51,2267.68,302.2,92.28,0.5323,0.07985
2024-01-27,42120.63,2267.94,305.6,94.28,0.5303,0.08014
2024-01-28,42031.06,2256.9,305.3,95.98,0.5241,0.07882
2024-01-29,43302.7,2317.6,310.7,101.68,0.5352,0.08135
2024-01-30,42941.1,2343.01,307.6,101.4,0.5107,0.07972
2024-01-31,42580.0,2283.14,300.5,96.96,0.5033,0.07875
2024-02-01,43082.94,2304.28,300.2,97.81,0.5058,0.07937
2024-02-02,43200.0,2309.06,301.4,100.58,0.5105,0.07928
2024-02-03,43011.09,2296.49,299.7,97.96,0.5186,0.07874
2024-02-04,42582.88,2289.79,304.7,95.49,0.5032,0.07831
2024-02-05,42708.7,2301.83,301.2,95.66,0.5069,0.07835
2024-02-06,43098.95,2372.64,302.7,96.88,0.505,0.07849
2024-02-07,44349.6,2425.1,307.3,101.14,0.5138,0.08013
2024-02-08,45288.65,2419.55,319.2,102.76,0.5147,0.07987
2024-02-09,47132.77,2486.56,324.0,106.94,0.5262,0.08155
2024-02-10,47751.09,2500.24,323.0,109.01,0.5239,0.08142
2024-02-11,48299.99,2507.21,320.7,107.46,0.5261,0.08123
2024-02-12,49917.27,2659.99,327.8,111.64,0.5315,0.08223
2024-02-13,49699.59,2639.99,324.7,112.48,0.5247,0.08105
2024-02-14,51795.17,2774.81,333.9,116.97,0.5378,0.0855
2024-02-15,51880.0,2822.59,354.2,113.5,0.5622,0.08528
2024-02-16,52124.11,2801.8,360.4,110.33,0.5643,0.08591
2024-02-17,51642.64,2785.93,352.9,108.92,0.5496,0.08356
2024-02-18,52137.67,2881.2,349.8,112.24,0.5571,0.08517
2024-02-19,51774.73,2944.8,351.6,111.53,0.5626,0.08942
2024-02-20,52258.82,3014.81,354.6,108.31,0.5622,0.08615
2024-02-21,51849.39,2967.9,379.2,105.03,0.5491,0.08457
2024-02-22,51288.42,2971.4,382.6,101.76,0.541,0.0841
2024-02-23,50744.15,2922.24,375.5,99.9,0.5342,0.08451
2024-02-24,51568.22,2992.62,381.7,104.01,0.545,0.08615
2024-02-25,51728.85,3112.59,388.5,103.47,0.5425,0.08612
2024-02-26,54476.47,3175.94,401.6,109.9,0.5506,0.08923
2024-02-27,57037.34,3242.36,394.6,108.36,0.5861,0.09758
2024-02-28,62432.1,3383.1,414.6,119.03,0.575,0.11585
2024-02-29,61130.98,3340.09,399.4,125.68,0.5867,0.11732
2024-03-01,62387.9,3433.43,407.4,129.43,0.6013,0.13934
2024-03-02,61987.28,3421.4,410.9,130.02,0.6442,0.14196
2024-03-03,63113.97,3487.81,414.5,130.16,0.6271,0.15347
2024-03-04,68245.71,3627.76,418.4,133.27,0.6477,0.18196
2024-03-05,63724.01,3553.65,394.1,125.31,0.5912,0.15304
2024-03-06,66074.04,3818.59,429.4,130.79,0.6121,0.15784
2024-03-07,66823.17,3868.76,474.6,143.82,0.627,0.15764
2024-03-08,68124.19,3883.36,485.8,144.79,0.62,0.16457
2024-03-09,68313.27,3905.21,488.3,144.29,0.6197,0.17875
2024-03-10,68955.88,3878.47,528.9,144.39,0.608,0.16997
2024-03-11,72078.1,4064.8,523.0,148.83,0.723,0.182
2024-03-12,71452.01,3979.96,537.5,151.05,0.688,0.16816
2024-03-13,73072.41,4004.79,630.5,163.9,0.6891,0.16897
2024-03-14,71388.94,3881.7,603.2,176.65,0.669,0.17719
2024-03-15,69499.85,3742.19,632.7,183.95,0.6342,0.16357
2024-03-16,65300.63,3523.09,576.4,182.05,0.6031,0.14253
2024-03-17,68393.48,3644.71,571.7,201.86,0.6191,0.15428
2024-03-18,67609.99,3520.46,555.4,195.92,0.6453,0.14353
2024-03-19,61937.4,3158.64,507.7,169.82,0.5845,0.12881
2024-03-20,67840.51,3516.53,556.8,191.77,0.6107,0.15209
2024-03-21,65501.27,3492.85,553.8,179.46,0.6404,0.15537
2024-03-22,63796.64,3336.35,553.8,175.21,0.6115,0.15292
2024-03-23,63990.01,3329.53,551.9,172.65,0.6167,0.1619
2024-03-24,67209.99,3454.98,567.7,183.88,0.6325,0.17651
2024-03-25,69880.01,3590.42,587.0,188.99,0.6406,0.17526
2024-03-26,69988.0,3587.33,580.4,190.46,0.6317,0.1823
2024-03-27,69469.99,3501.19,574.3,186.33,0.6118,0.19047
2024-03-28,70780.6,3560.49,583.4,189.63,0.6244,0.22001
2024-03-29,69850.54,3509.74,612.5,192.01,0.6301,0.213
2024-03-30,69582.18,3505.64,600.7,194.2,0.6212,0.19912
2024-03-31,71280.01,3645.29,606.7,202.45,0.6292,0.22
2024-04-01,69649.8,3503.8,575.8,192.24,0.611,0.20503
2024-04-02,65463.99,3278.96,551.4,181.53,0.5854,0.18248
2024-04-03,65963.28,3310.83,561.5,185.05,0.5742,0.17522
2024-04-04,68487.79,3327.4,585.5,184.0,0.5935,0.17998
2024-04-05,67820.62,3317.85,577.8,174.37,0.5871,0.1772
2024-04-06,68896.0,3351.59,585.4,178.68,0.593,0.18577
2024-04-07,69360.39,3454.2,583.9,179.52,0.5944,0.19887
2024-04-08,71620.0,3694.61,586.4,180.68,0.6147,0.2026
2024-04-09,69146.0,3506.39,580.5,172.42,0.6141,0.18912
2024-04-10,70631.08,3545.64,609.7,173.31,0.6172,0.19971
2024-04-11,70006.23,3502.52,604.6,172.37,0.6086,0.1938
2024-04-12,67116.52,3237.43,595.6,153.16,0.5468,0.17403
2024-04-13,63924.51,3007.01,553.1,138.47,0.4788,0.15254
2024-04-14,65661.84,3155.11,566.4,151.25,0.5033,0.16212
2024-04-15,63419.99,3101.99,552.7,138.51,0.4977,0.16123
2024-04-16,63793.39,3084.22,537.6,136.22,0.4965,0.156
2024-04-17,61277.37,2985.41,534.1,131.84,0.4951,0.14756
2024-04-18,63470.08,3064.4,552.1,142.07,0.5025,0.15221
2024-04-19,63818.01,3056.46,554.0,142.5,0.503,0.15633
2024-04-20,64940.59,3155.79,570.9,151.22,0.5288,0.1626
2024-04-21,64941.15,3147.67,579.6,148.8,0.5246,0.15825
2024-04-22,66819.32,3200.2,604.5,156.95,0.556,0.1612
2024-04-23,66414.0,3219.46,606.2,154.75,0.5445,0.15979
2024-04-24,64289.59,3140.8,608.8,147.78,0.5275,0.15139
2024-04-25,64498.34,3155.8,613.2,144.84,0.5254,0.15127
2024-04-26,63770.01,3131.3,598.0,139.23,0.5261,0.148
2024-04-27,63461.98,3255.56,596.2,141.31,0.5179,0.14776
2024-04-28,63118.62,3263.45,600.2,137.99,0.5103,0.1467
2024-04-29,63866.0,3216.73,592.8,137.77,0.5151,0.14342
2024-04-30,60672.0,3014.05,578.4,126.77,0.5006,0.13339
2024-05-01,58364.97,2972.46,561.8,134.64,0.5175,0.13021
2024-05-02,59060.61,2986.19,560.5,137.58,0.518,0.13189
2024-05-03,62882.01,3102.61,587.0,143.69,0.5317,0.14604
2024-05-04,63892.04,3117.23,585.7,146.05,0.5302,0.16012
2024-05-05,64012.0,3136.41,592.0,145.73,0.5296,0.16098
2024-05-06,63165.19,3062.6,588.2,152.82,0.5402,0.15648
2024-05-07,62312.08,3005.69,576.5,148.03,0.5245,0.14999
2024-05-08,61193.03,2974.21,588.6,142.18,0.5171,0.14324
2024-05-09,63074.01,3036.23,596.8,152.57,0.5209,0.1522
2024-05-10,60799.99,2909.99,585.6,146.01,0.5022,0.14389
2024-05-11,60825.99,2912.45,592.2,145.42,0.5059,0.14306
2024-05-12,61483.99,2929.29,594.8,143.43,0.4993,0.14123
2024-05-13,62940.08,2950.99,591.7,147.54,0.5053,0.14864
2024-05-14,61577.49,2881.93,567.1,142.03,0.5002,0.14552
2024-05-15,66206.5,3032.55,581.0,158.52,0.5188,0.15534
2024-05-16,65235.21,2944.7,569.2,159.37,0.5157,0.14972
2024-05-17,67024.0,3092.01,580.9,169.44,0.5234,0.15555
2024-05-18,66915.2,3122.94,580.3,172.4,0.5213,0.15302
2024-05-19,66274.01,3071.19,574.5,169.93,0.5096,0.14908
2024-05-20,71446.62,3661.78,599.6,186.7,0.5377,0.16573
2024-05-21,70148.34,3789.6,618.5,178.15,0.537,0.17024
2024-05-22,69166.62,3737.73,614.8,176.95,0.5268,0.16628
2024-05-23,67969.65,3783.61,599.3,176.16,0.5289,0.15973
2024-05-24,68549.99,3728.28,600.3,167.7,0.536,0.16386
2024-05-25,69290.57,3749.26,602.4,168.35,0.5416,0.17402
2024-05-26,68507.67,3826.47,600.2,163.41,0.5283,0.16621
2024-05-27,69436.43,3894.22,603.9,170.15,0.534,0.16908
2024-05-28,68398.39,3844.69,601.7,168.68,0.5287,0.16497
2024-05-29,67652.42,3767.43,595.7,168.32,0.5238,0.16386
2024-05-30,68352.17,3747.91,595.1,166.88,0.5186,0.15946
2024-05-31,67540.01,3762.29,593.7,165.65,0.5176,0.15898
2024-06-01,67766.85,3815.82,601.9,166.14,0.5187,0.16031
2024-06-02,67765.63,3780.91,602.9,163.15,0.5135,0.1571
2024-06-03,68809.9,3767.06,626.4,164.89,0.5199,0.15835
2024-06-04,70537.84,3810.23,685.7,171.78,0.5257,0.16136
2024-06-05,71108.0,3865.99,698.8,173.54,0.5258,0.16326
2024-06-06,70799.06,3813.46,711.2,170.15,0.5215,0.16016
2024-06-07,69355.6,3678.32,684.0,162.5,0.4991,0.1482
2024-06-08,69310.46,3681.57,682.7,157.83,0.4926,0.14588
2024-06-09,69648.14,3706.4,673.0,162.12,0.4986,0.14679
2024-06-10,69540.0,3667.85,625.1,159.05,0.4969,0.14478
2024-06-11,67314.24,3497.33,602.5,149.31,0.4802,0.13806
2024-06-12,68263.99,3560.12,619.4,155.22,0.4916,0.14621
2024-06-13,66773.01,3469.4,599.8,147.29,0.4769,0.1411
2024-06-14,66043.99,3481.8,603.3,143.05,0.4746,0.13499
2024-06-15,66228.25,3568.74,608.2,145.52,0.4908,0.13677
2024-06-16,66676.87,3624.41,610.8,151.3,0.4891,0.13713
2024-06-17,66504.33,3511.46,604.3,143.27,0.5047,0.12879
2024-06-18,65175.32,3483.42,588.6,137.41,0.491,0.12225
2024-06-19,64974.37,3560.51,599.3,135.62,0.4933,0.12247
2024-06-20,64869.99,3513.08,587.7,133.55,0.4888,0.12455
2024-06-21,64143.56,3518.5,586.1,134.6,0.4889,0.12418
2024-06-22,64262.01,3495.75,591.1,133.69,0.4866,0.12375
2024-06-23,63210.01,3420.91,577.5,128.69,0.4797,0.12222
2024-06-24,60293.3,3352.73,568.1,132.33,0.474,0.11902
2024-06-25,61806.01,3394.91,578.2,136.58,0.4757,0.12615
2024-06-26,60864.99,3371.44,573.0,136.81,0.4698,0.12276
2024-06-27,61706.47,3450.44,581.7,149.71,0.4753,0.12711
2024-06-28,60427.84,3380.15,567.4,140.03,0.4716,0.12306
2024-06-29,60986.68,3378.8,570.0,140.28,0.4727,0.1219
2024-06-30,62772.01,3438.16,582.2,146.61,0.4761,0.12448
2024-07-01,62899.99,3442.2,576.9,146.67,0.477,0.12352
2024-07-02,62135.47,3421.35,580.1,154.03,0.4853,0.1253
2024-07-03,60208.58,3295.48,556.7,140.84,0.4672,0.11849
2024-07-04,57050.01,3059.7,513.6,127.86,0.4329,0.10502
2024-07-05,56628.79,2981.78,497.7,134.32,0.4251,0.10547
2024-07-06,58230.13,3066.83,526.0,143.05,0.4488,0.11343
2024-07-07,55857.81,2931.0,490.7,131.64,0.4195,0.10415
2024-07-08,56714.62,3019.01,510.6,139.81,0.4316,0.10758
2024-07-09,58050.0,3066.65,516.9,141.42,0.4356,0.10756
2024-07-10,57725.85,3101.05,524.7,141.98,0.4388,0.108
2024-07-11,57339.89,3099.57,524.8,135.73,0.4491,0.10664
2024-07-12,57889.1,3133.88,533.8,139.46,0.4745,0.10769
2024-07-13,59204.02,3175.93,532.4,141.9,0.5257,0.11231
2024-07-14,60797.91,3245.08,544.8,147.66,0.5205,0.11535
2024-07-15,64724.14,3483.39,585.3,159.38,0.5372,0.1249
2024-07-16,65043.99,3444.13,576.2,160.62,0.5793,0.12478
2024-07-17,64087.99,3387.05,568.9,155.5,0.626,0.12178
2024-07-18,63987.92,3426.5,571.9,159.22,0.5697,0.11956
2024-07-19,66660.0,3503.53,593.4,169.13,0.5733,0.12543
2024-07-20,67139.96,3517.5,593.1,173.6,0.5937,0.13424
2024-07-21,68165.34,3535.92,602.5,184.49,0.5984,0.14026
2024-07-22,67532.01,3439.6,587.2,178.9,0.608,0.13776
2024-07-23,65936.01,3482.51,581.9,173.03,0.5975,0.13031
2024-07-24,65376.0,3335.81,574.9,178.06,0.6179,0.12795
2024-07-25,65799.95,3175.48,570.6,171.85,0.5996,0.12526
2024-07-26,67907.99,3274.61,580.9,183.06,0.6034,0.13419
2024-07-27,67896.5,3249.01,581.6,183.92,0.5956,0.13144
2024-07-28,68249.88,3270.16,583.9,184.9,0.6012,0.13004
2024-07-29,66784.69,3317.66,574.3,182.57,0.6019,0.12843
2024-07-30,66188.0,3279.21,588.2,179.16,0.6277,0.12551
2024-07-31,64628.0,3232.74,576.5,171.71,0.623,0.12192
2024-08-01,65354.02,3203.4,575.1,167.37,0.5964,0.11899
2024-08-02,61498.33,2989.61,542.9,152.77,0.5607,0.11154
2024-08-03,60697.99,2903.64,529.6,142.52,0.5558,0.10811
2024-08-04,58161.0,2688.92,496.9,138.33,0.5228,0.10375
2024-08-05,54018.81,2419.59,464.2,129.78,0.4889,0.09436
2024-08-06,56022.01,2461.33,484.8,144.4,0.5062,0.09645
2024-08-07,55134.16,2342.8,475.0,144.77,0.6002,0.09558
2024-08-08,61685.99,2682.5,517.1,163.13,0.6166,0.10748
2024-08-09,60837.99,2598.78,508.7,156.28,0.5805,0.10386
2024-08-10,60923.51,2609.92,523.1,154.01,0.5841,0.10518
2024-08-11,58712.59,2555.38,503.4,141.57,0.5528,0.10059
2024-08-12,59346.64,2722.3,518.2,146.29,0.5684,0.10791
2024-08-13,60587.15,2702.44,524.2,146.65,0.577,0.10636
2024-08-14,58683.39,2661.45,523.4,143.71,0.5687,0.1024
2024-08-15,57541.06,2569.89,519.2,142.58,0.5607,0.10021
2024-08-16,58874.6,2592.73,519.7,139.04,0.5638,0.10035
2024-08-17,59491.99,2614.51,541.6,141.93,0.5665,0.10275
2024-08-18,58427.35,2612.15,531.2,142.42,0.5631,0.10004
2024-08-19,59438.5,2636.36,558.4,144.29,0.5985,0.10133
2024-08-20,59013.8,2572.82,569.4,142.27,0.5937,0.10289
2024-08-21,61156.03,2630.71,570.1,142.79,0.5999,0.10615
2024-08-22,60375.84,2622.88,582.9,143.22,0.5976,0.10525
2024-08-23,64037.24,2762.48,591.7,153.26,0.6109,0.11293
2024-08-24,64157.01,2768.0,580.5,160.67,0.6127,0.11258
2024-08-25,64220.0,2746.13,573.9,158.92,0.6,0.10959
2024-08-26,62834.0,2680.49,548.2,157.12,0.5874,0.1052
2024-08-27,59415.0,2457.33,533.3,146.79,0.5666,0.09891
2024-08-28,59034.9,2528.33,537.0,143.95,0.5693,0.09964
2024-08-29,59359.01,2527.61,536.4,140.0,0.5619,0.10037
2024-08-30,59123.99,2526.0,535.2,137.99,0.5667,0.10177
2024-08-31,58973.99,2513.01,532.9,135.35,0.5662,0.10128
2024-09-01,57301.86,2425.72,512.4,128.5,0.5472,0.09509
2024-09-02,59132.13,2538.01,526.3,134.94,0.5677,0.09912
2024-09-03,57487.73,2425.29,518.7,127.54,0.5572,0.09677
2024-09-04,57970.9,2450.71,507.6,133.64,0.5579,0.098
2024-09-05,56180.0,2368.81,502.4,129.41,0.5444,0.09842
2024-09-06,53962.97,2225.23,487.2,125.05,0.5211,0.09254
2024-09-07,54160.86,2273.58,493.5,127.71,0.5248,0.09539
2024-09-08,54869.95,2297.3,503.1,130.15,0.5295,0.09616
2024-09-09,57042.0,2359.5,518.7,135.08,0.5395,0.10376
2024-09-10,57635.99,2388.52,517.0,135.63,0.5408,0.1028
2024-09-11,57338.0,2340.55,530.1,132.42,0.5348,0.10131
2024-09-12,58132.32,2361.76,544.5,136.05,0.5626,0.10269
2024-09-13,60498.0,2439.19,556.4,139.02,0.5728,0.10696
2024-09-14,59993.03,2417.79,553.3,137.14,0.5956,0.1054
2024-09-15,59132.0,2316.1,553.4,131.37,0.5706,0.10281
2024-09-16,58213.99,2295.68,533.7,131.47,0.5866,0.09964
2024-09-17,60313.99,2341.8,546.2,131.54,0.5839,0.10112
2024-09-18,61759.99,2374.75,559.5,134.34,0.5852,0.10385
2024-09-19,62947.99,2465.21,567.0,142.89,0.5868,0.10499
2024-09-20,63201.05,2561.4,569.0,146.66,0.5851,0.10555
2024-09-21,63348.96,2612.4,588.6,149.41,0.5976,0.10993
2024-09-22,63578.76,2581.0,588.7,144.63,0.5871,0.10633
2024-09-23,63339.99,2646.97,604.5,144.79,0.5847,0.10807
2024-09-24,64262.7,2653.2,605.9,152.73,0.5911,0.10979
2024-09-25,63152.01,2579.95,587.4,147.98,0.5831,0.10849
2024-09-26,65173.99,2632.26,596.3,155.55,0.5905,0.11818
2024-09-27,65769.95,2694.43,606.8,157.64,0.5888,0.12351
2024-09-28,65858.0,2675.21,601.1,156.75,0.6138,0.12806
2024-09-29,65602.01,2657.62,595.6,158.46,0.6412,0.12438
2024-09-30,63327.59,2602.23,567.4,152.49,0.6114,0.11421
2024-10-01,60805.78,2447.79,547.3,145.13,0.5967,0.10685
2024-10-02,60649.28,2364.1,542.5,140.18,0.5383,0.10462
2024-10-03,60752.71,2349.8,544.8,136.82,0.5217,0.10507
2024-10-04,62086.0,2414.41,555.3,143.24,0.534,0.10924
2024-10-05,62058.0,2414.66,563.0,142.59,0.5294,0.1094
2024-10-06,62819.91,2440.03,570.3,146.48,0.5336,0.11159
2024-10-07,62224.0,2422.71,564.3,143.96,0.5286,0.10841
2024-10-08,62160.49,2440.89,580.8,143.49,0.531,0.10709
2024-10-09,60636.02,2370.47,570.7,139.33,0.5245,0.10794
2024-10-10,60326.39,2386.49,563.9,139.03,0.5305,0.10603
2024-10-11,62540.0,2439.5,573.6,145.53,0.5388,0.11077
2024-10-12,63206.22,2476.4,576.6,146.4,0.5393,0.11138
2024-10-13,62870.02,2468.91,572.2,147.74,0.5321,0.1114
2024-10-14,66083.99,2629.79,589.1,157.59,0.5483,0.11669
2024-10-15,67074.14,2607.41,594.5,154.76,0.5417,0.11748
2024-10-16,67620.01,2611.1,600.9,154.28,0.5482,0.12573
2024-10-17,67421.78,2605.8,592.9,150.5,0.5441,0.12967
2024-10-18,68428.0,2642.17,599.2,154.94,0.5465,0.13716
2024-10-19,68378.0,2648.2,597.7,159.79,0.544,0.14407
2024-10-20,69031.99,2746.91,605.9,167.4,0.5482,0.14214
2024-10-21,67377.5,2666.7,598.8,166.17,0.5449,0.14367
2024-10-22,67426.0,2622.81,593.8,167.59,0.5339,0.1397
2024-10-23,66668.65,2524.61,584.9,170.85,0.5258,0.13997
2024-10-24,68198.28,2535.82,594.5,177.19,0.532,0.14188
2024-10-25,66698.33,2440.62,575.3,164.9,0.5022,0.13161
2024-10-26,67092.76,2482.51,583.4,170.88,0.5134,0.13747
2024-10-27,68021.7,2507.8,589.2,176.63,0.5168,0.14426
2024-10-28,69962.21,2567.48,601.1,178.29,0.5195,0.16146
2024-10-29,72736.42,2638.8,606.3,179.42,0.5284,0.17586
2024-10-30,72344.74,2659.19,595.6,174.87,0.5229,0.16828
2024-10-31,70292.01,2518.61,576.6,168.69,0.5095,0.16164
2024-11-01,69496.01,2511.49,573.1,166.1,0.5131,0.15916
2024-11-02,69374.74,2494.23,568.6,166.17,0.5103,0.15955
2024-11-03,68775.99,2457.73,557.7,162.53,0.503,0.15139
2024-11-04,67850.01,2398.21,552.5,157.95,0.5035,0.15822
2024-11-05,69372.01,2422.55,563.21,166.62,0.514,0.16999
2024-11-06,75571.99,2721.87,592.22,186.59,0.5418,0.19646
2024-11-07,75857.89,2895.47,598.26,196.35,0.5556,0.19324
2024-11-08,76509.78,2961.75,597.82,199.85,0.5537,0.20197
2024-11-09,76677.46,3126.21,624.66,199.89,0.5593,0.2189
2024-11-10,80370.01,3183.21,627.33,210.07,0.5884,0.27778
2024-11-11,88647.99,3371.59,659.63,222.13,0.6207,0.35136
2024-11-12,87952.01,3243.8,625.33,211.64,0.704,0.37985
2024-11-13,90375.2,3187.16,620.68,215.13,0.6898,0.39903
2024-11-14,87325.59,3058.82,622.3,209.57,0.7736,0.36254
2024-11-15,91032.07,3090.01,619.37,218.45,0.8922,0.3815
2024-11-16,90586.92,3132.87,622.69,215.71,1.1209,0.36421
2024-11-17,89855.99,3076.0,618.9,237.47,1.0543,0.36704
2024-11-18,90464.08,3207.8,618.93,239.79,1.1137,0.37113
2024-11-19,92310.79,3107.44,615.5,237.63,1.1003,0.39067
2024-11-20,94286.56,3069.97,605.39,235.48,1.1041,0.37778
2024-11-21,98317.12,3355.81,621.86,256.37,1.247,0.38664
2024-11-22,98892.0,3327.78,633.0,256.9,1.4726,0.41277
2024-11-23,97672.4,3393.91,650.42,254.89,1.4685,0.43015
2024-11-24,97900.04,3361.2,659.65,252.73,1.4331,0.43023
2024-11-25,93010.01,3414.49,636.2,234.18,1.4142,0.39264
2024-11-26,91965.16,3324.73,613.51,230.69,1.3984,0.38705
2024-11-27,95863.11,3653.28,644.14,241.96,1.4696,0.40093
2024-11-28,95643.98,3578.79,653.83,237.59,1.5421,0.4016
2024-11-29,97460.0,3592.21,654.67,243.33,1.8006,0.42636
2024-11-30,96407.99,3703.6,653.43,237.6,1.9513,0.4216
2024-12-01,97185.18,3707.61,655.99,236.8,2.2937,0.44045
2024-12-02,95840.62,3643.42,647.82,225.72,2.7245,0.42457
2024-12-03,95849.69,3614.51,734.64,233.92,2.5102,0.40632
2024-12-04,98587.32,3837.8,739.53,229.15,2.3574,0.43274
2024-12-05,96945.63,3785.2,717.1,235.84,2.2446,0.42682
2024-12-06,99740.84,3998.87,730.22,236.87,2.4257,0.43467
2024-12-07,99831.99,3996.22,749.72,238.14,2.6099,0.45281
2024-12-08,101109.59,4004.15,742.0,237.02,2.6013,0.46635
2024-12-09,97276.47,3712.0,689.19,216.63,2.2124,0.41403
2024-12-10,96593.0,3628.25,676.8,213.6,2.3709,0.39392
2024-12-11,101125.0,3831.81,711.21,227.29,2.3941,0.41402
2024-12-12,100004.29,3881.61,705.77,226.96,2.3384,0.40611
2024-12-13,101424.25,3906.8,725.72,224.79,2.4217,0.40901
2024-12-14,101420.0,3870.29,715.79,219.93,2.4005,0.39828
2024-12-15,104463.99,3959.09,718.87,224.27,2.4469,0.40659
2024-12-16,106058.66,3986.24,720.58,216.19,2.4841,0.40195
2024-12-17,106133.74,3893.01,717.69,223.15,2.5673,0.39415
2024-12-18,100204.01,3626.8,686.38,206.53,2.3103,0.35824
2024-12-19,97461.86,3417.01,665.62,193.81,2.239,0.31431
2024-12-20,97805.44,3472.21,678.6,194.48,2.2793,0.31793
2024-12-21,97291.99,3338.92,663.49,181.45,2.238,0.32042
2024-12-22,95186.27,3281.83,649.77,180.52,2.2031,0.31262
2024-12-23,94881.47,3422.53,694.16,190.11,2.2617,0.32497
2024-12-24,98663.58,3493.18,696.9,197.09,2.3238,0.3371
2024-12-25,99429.6,3497.0,702.72,197.44,2.2973,0.33433
2024-12-26,95791.6,3335.05,689.4,188.46,2.1559,0.31274
2024-12-27,94299.03,3333.51,691.85,184.22,2.1466,0.31186
2024-12-28,95300.0,3404.0,722.13,195.5,2.1843,0.32439
2024-12-29,93738.2,3356.48,694.71,189.94,2.0942,0.31435
2024-12-30,92792.05,3361.84,705.36,191.38,2.0587,0.31396
2024-12-31,93576.0,3337.78,702.3,189.31,2.0836,0.316
2025-01-01,94591.79,3360.38,707.84,194.28,2.3328,0.32513
2025-01-02,96984.79,3455.67,706.25,208.31,2.4024,0.33893
2025-01-03,98174.18,3609.01,714.88,217.99,2.4547,0.37989
2025-01-04,98220.5,3656.88,713.41,216.67,2.4201,0.39483
2025-01-05,98363.61,3635.99,709.29,213.41,2.3994,0.3823
2025-01-06,102235.6,3687.45,729.42,218.22,2.42,0.38782
2025-01-07,96954.61,3381.31,698.01,202.17,2.2712,0.348
2025-01-08,95060.61,3327.29,696.03,197.48,2.3731,0.3423
2025-01-09,92552.49,3219.2,685.48,184.95,2.2722,0.321
2025-01-10,94726.11,3267.04,693.21,187.68,2.3414,0.33388
2025-01-11,94599.99,3282.83,696.7,188.09,2.5764,0.3412
2025-01-12,94545.06,3267.3,693.34,188.51,2.5046,0.33591
2025-01-13,94536.1,3137.51,688.64,182.87,2.5232,0.33807
2025-01-14,96560.86,3225.63,698.89,187.57,2.6673,0.35591
2025-01-15,100497.35,3451.52,714.59,205.86,3.1429,0.38537
2025-01-16,99987.3,3308.05,708.1,211.14,3.2451,0.37649
2025-01-17,104077.48,3473.63,721.76,219.51,3.2922,0.41525
2025-01-18,104556.23,3307.71,709.52,261.97,3.2697,0.39641
2025-01-19,101331.57,3215.12,683.19,252.42,2.9587,0.3584
2025-01-20,102260.01,3284.0,682.51,242.19,3.1053,0.35456
2025-01-21,106143.82,3327.54,692.21,250.33,3.1738,0.37177
2025-01-22,103706.66,3242.6,695.52,257.36,3.1803,0.36291
2025-01-23,103910.34,3338.21,689.74,253.11,3.1194,0.35206
2025-01-24,104870.5,3310.09,680.45,253.37,3.1009,0.35085
2025-01-25,104746.85,3318.77,686.4,256.41,3.108,0.35352
2025-01-26,102620.0,3232.61,667.37,240.5,3.0223,0.33605
2025-01-27,102082.83,3182.44,679.74,234.89,3.0552,0.33397
2025-01-28,101335.52,3077.72,661.29,227.06,3.0572,0.31871
2025-01-29,103733.24,3113.9,667.97,228.16,3.0683,0.32404
2025-01-30,104722.94,3247.39,677.53,238.31,3.1276,0.33153
2025-01-31,102429.56,3300.99,677.47,231.77,3.0361,0.3289
2025-02-01,100635.65,3117.54,652.94,213.03,2.8778,0.30792
2025-02-02,97700.59,2869.68,617.8,203.51,2.58,0.26808
2025-02-03,101328.52,2879.9,617.21,216.28,2.7001,0.28485
2025-02-04,97763.13,2731.19,572.69,206.64,2.5274,0.26345
2025-02-05,96612.43,2788.25,569.55,196.12,2.381,0.25619
2025-02-06,96554.35,2686.64,571.72,189.54,2.325,0.24789
2025-02-07,96506.8,2622.1,577.71,191.99,2.3968,0.24651
2025-02-08,96444.74,2632.46,612.39,199.32,2.419,0.25288
2025-02-09,96462.75,2627.18,615.81,200.47,2.3928,0.2489
2025-02-10,97430.82,2661.19,618.65,200.47,2.4237,0.25542
2025-02-11,95778.2,2602.59,642.11,197.96,2.4131,0.25305
2025-02-12,97869.99,2738.27,696.93,196.78,2.4734,0.26418
2025-02-13,96608.14,2675.87,664.72,194.25,2.5599,0.26245
2025-02-14,97500.48,2725.95,659.71,199.39,2.7384,0.2718
2025-02-15,97569.66,2693.04,662.21,194.48,2.7619,0.27174
2025-02-16,96118.12,2661.41,673.1,188.27,2.7283,0.26555
2025-02-17,95780.0,2744.05,667.51,177.53,2.6599,0.25819
2025-02-18,95671.74,2671.99,648.18,169.32,2.5628,0.25137
2025-02-19,96644.37,2715.5,653.38,168.93,2.7378,0.2548
2025-02-20,98305.0,2738.04,656.36,176.0,2.6877,0.25474
2025-02-21,96181.98,2663.0,647.47,168.94,2.5721,0.23966
2025-02-22,96551.01,2763.22,668.57,172.07,2.574,0.24656
2025-02-23,96258.0,2819.69,658.42,167.94,2.5763,0.24285
2025-02-24,91552.88,2513.52,614.2,141.81,2.2783,0.21043
2025-02-25,88680.4,2495.7,623.49,144.33,2.3222,0.21158
2025-02-26,84250.09,2336.37,611.57,135.32,2.1982,0.20355
2025-02-27,84708.58,2307.72,605.41,137.68,2.1985,0.20687
2025-02-28,84349.94,2237.59,588.07,148.18,2.1453,0.20184
2025-03-01,86064.53,2217.39,607.93,143.66,2.1916,0.20673
2025-03-02,94270.0,2518.11,623.94,178.71,2.9396,0.23931
2025-03-03,86220.61,2149.01,576.1,142.16,2.3873,0.19913
2025-03-04,87281.98,2171.51,584.01,144.79,2.4543,0.19905
2025-03-05,90606.01,2241.59,598.24,146.28,2.4998,0.20471
2025-03-06,89931.89,2202.2,596.5,143.31,2.6001,0.20153
2025-03-07,86801.75,2141.6,594.77,139.39,2.3855,0.19844
2025-03-08,86222.45,2203.58,593.1,137.01,2.3261,0.19234
2025-03-09,80734.37,2020.41,554.65,126.51,2.1387,0.16809
2025-03-10,78595.86,1865.1,531.49,118.32,2.0216,0.15408
2025-03-11,82932.99,1923.43,551.61,125.35,2.1711,0.16454
2025-03-12,83680.12,1908.2,569.87,126.62,2.2396,0.17244
2025-03-13,81115.78,1864.59,579.8,123.37,2.2527,0.16523
2025-03-14,83983.2,1911.65,587.76,133.54,2.3564,0.17194
2025-03-15,84338.44,1937.17,619.83,135.86,2.3911,0.17594
2025-03-16,82574.53,1887.0,602.2,126.13,2.2938,0.16817
2025-03-17,84010.03,1926.31,631.69,128.01,2.3382,0.17332
2025-03-18,82715.03,1931.54,627.81,125.33,2.2851,0.16802
2025-03-19,86845.94,2056.06,618.7,135.33,2.5469,0.17799
2025-03-20,84223.39,1983.79,630.47,127.6,2.4361,0.16949
2025-03-21,84088.79,1965.75,635.17,128.48,2.3809,0.16727
2025-03-22,83840.59,1980.69,627.01,128.51,2.3711,0.16737
2025-03-23,86082.5,2005.99,623.79,132.84,2.4393,0.1726
2025-03-24,87498.16,2081.2,637.08,141.01,2.4501,0.183
2025-03-25,87392.87,2066.15,629.82,143.64,2.4492,0.19062
2025-03-26,86909.17,2009.52,617.99,137.34,2.3494,0.1949
2025-03-27,87232.01,2003.66,637.36,138.43,2.341,0.19046
2025-03-28,84424.38,1896.9,619.81,129.49,2.2073,0.18024
2025-03-29,82648.54,1828.08,602.99,124.58,2.1351,0.16957
2025-03-30,82389.99,1807.74,602.2,124.82,2.1369,0.16652
2025-03-31,82550.01,1822.43,604.81,124.54,2.0899,0.16666
2025-04-01,85158.34,1904.98,611.13,126.67,2.1387,0.17398
2025-04-02,82516.29,1795.22,590.68,117.42,2.0237,0.16383
2025-04-03,83213.09,1817.23,592.67,117.17,2.0648,0.16231
2025-04-04,83889.87,1816.87,597.71,122.79,2.1302,0.17128
2025-04-05,83537.99,1806.01,593.13,120.32,2.1442,0.16898
2025-04-06,78430.0,1580.76,555.54,105.91,1.9218,0.14927
2025-04-07,79163.24,1553.04,554.6,106.99,1.8987,0.14958
2025-04-08,76322.42,1473.41,553.72,105.4,1.7963,0.14225
2025-04-09,82615.22,1669.51,582.32,119.05,2.0529,0.16031
2025-04-10,79607.3,1522.25,578.03,112.81,1.9658,0.15357
2025-04-11,83423.84,1566.85,585.93,121.41,2.0225,0.16004
2025-04-12,85276.9,1644.18,597.29,132.24,2.1598,0.16763
2025-04-13,83760.0,1597.76,584.28,128.38,2.1196,0.1626
2025-04-14,84591.58,1623.77,584.54,129.42,2.1275,0.15854
2025-04-15,83643.99,1588.78,579.52,126.11,2.0842,0.15356
2025-04-16,84030.38,1577.14,582.8,131.33,2.0834,0.15471
2025-04-17,84947.91,1583.62,590.49,134.83,2.0673,0.15588
2025-04-18,84474.69,1588.6,591.71,134.04,2.0619,0.15759
2025-04-19,85077.01,1613.27,591.73,139.87,2.0877,0.15735
2025-04-20,85179.24,1587.36,592.77,137.86,2.0787,0.15526
2025-04-21,87516.23,1579.57,597.34,136.56,2.0855,0.15939
2025-04-22,93442.99,1756.26,618.51,148.79,2.2139,0.17863
2025-04-23,93691.08,1795.07,605.71,151.1,2.2184,0.17864
2025-04-24,93980.47,1769.65,601.55,152.55,2.2049,0.18254
2025-04-25,94638.68,1784.6,599.91,150.82,2.1812,0.18159
2025-04-26,94628.0,1820.88,607.23,149.21,2.1912,0.18192
2025-04-27,93749.3,1791.29,603.46,147.98,2.252,0.17933
2025-04-28,95011.18,1799.88,606.16,147.84,2.2949,0.17907
2025-04-29,94256.82,1797.81,601.0,146.31,2.238,0.17466
2025-04-30,94172.0,1793.61,599.88,147.54,2.1908,0.17224
2025-05-01,96489.91,1838.11,599.63,150.85,2.2123,0.18065
2025-05-02,96887.14,1842.2,600.69,148.05,2.2093,0.18151
2025-05-03,95856.42,1833.52,599.36,146.71,2.1872,0.17564
2025-05-04,94277.62,1808.86,586.03,143.95,2.156,0.17049
2025-05-05,94733.68,1820.19,597.61,146.72,2.1306,0.17062
2025-05-06,96834.02,1817.0,602.57,146.88,2.155,0.17219
2025-05-07,97030.5,1811.11,602.7,147.32,2.1265,0.17202
2025-05-08,103261.6,2207.39,629.17,164.46,2.3272,0.19817
2025-05-09,102971.99,2345.04,666.29,172.78,2.3439,0.2053
2025-05-10,104809.53,2583.23,663.9,177.89,2.4711,0.25063
2025-05-11,104118.0,2514.57,651.15,173.19,2.367,0.23181
2025-05-12,102791.32,2495.47,660.07,174.22,2.5439,0.23101
2025-05-13,104103.72,2679.71,664.13,183.75,2.5829,0.24078
2025-05-14,103507.82,2609.74,652.47,176.64,2.5503,0.23278
2025-05-15,103763.71,2548.69,651.88,169.16,2.3856,0.21939
2025-05-16,103463.9,2537.12,646.76,167.4,2.3798,0.22111
2025-05-17,103126.65,2475.08,639.51,165.94,2.3531,0.21457
2025-05-18,106454.26,2497.78,651.53,173.3,2.428,0.23304
2025-05-19,105573.74,2528.14,649.62,166.86,2.3803,0.22445
2025-05-20,106849.99,2524.19,650.0,168.59,2.3565,0.22625
2025-05-21,109643.99,2550.99,673.31,173.53,2.3952,0.23404
2025-05-22,111696.21,2664.82,686.57,179.68,2.4311,0.24558
2025-05-23,107318.3,2526.5,656.98,174.01,2.2966,0.22521
2025-05-24,107761.91,2530.4,668.01,175.87,2.3303,0.22512
2025-05-25,109004.19,2551.22,669.44,175.74,2.3417,0.22491
2025-05-26,109434.79,2563.7,674.29,174.91,2.3103,0.22596
2025-05-27,108938.17,2660.81,686.91,176.71,2.3168,0.22598
2025-05-28,107781.78,2681.6,686.89,172.21,2.2742,0.22096
2025-05-29,105589.75,2631.39,675.02,166.71,2.2442,0.21487
2025-05-30,103985.48,2531.34,655.36,156.2,2.1398,0.19357
2025-05-31,104591.88,2528.06,658.01,156.45,2.1738,0.19251
2025-06-01,105642.93,2539.21,660.77,157.68,2.1792,0.19363
2025-06-02,105857.99,2607.41,665.93,156.83,2.1965,0.19507
2025-06-03,105376.89,2593.36,661.59,155.19,2.2446,0.19311
2025-06-04,104696.86,2607.68,663.23,153.26,2.2009,0.18812
2025-06-05,101508.68,2414.01,633.32,144.29,2.0936,0.17105
2025-06-06,104288.44,2476.1,642.7,147.83,2.1598,0.17878
2025-06-07,105552.15,2524.63,650.82,150.06,2.1769,0.18511
2025-06-08,105734.0,2509.83,652.0,152.45,2.267,0.18418
2025-06-09,110263.02,2680.13,665.58,161.16,2.3211,0.1949
2025-06-10,110274.39,2816.4,673.51,165.12,2.3074,0.1985
2025-06-11,108645.12,2771.61,667.43,160.97,2.2704,0.19294
2025-06-12,105671.73,2642.65,654.75,152.32,2.1899,0.1811
2025-06-13,106066.59,2579.19,655.35,148.6,2.1472,0.1804
2025-06-14,105414.64,2530.76,645.61,144.64,2.1394,0.17824
2025-06-15,105594.01,2547.61,648.19,152.97,2.1655,0.17553
2025-06-16,106794.53,2544.17,650.74,150.72,2.238,0.17272
2025-06-17,104551.17,2509.95,648.08,147.57,2.159,0.16936
2025-06-18,104886.78,2525.0,644.77,146.34,2.1705,0.17068
2025-06-19,104658.59,2521.12,644.65,147.04,2.1648,0.17092
2025-06-20,103297.99,2406.49,641.61,140.11,2.1194,0.16234
2025-06-21,102120.01,2295.73,628.97,135.43,2.0632,0.15448
2025-06-22,100963.87,2227.7,615.81,131.71,2.0172,0.15129
2025-06-23,105333.93,2411.66,640.49,144.51,2.1584,0.16376
2025-06-24,106083.0,2448.45,643.53,145.92,2.1898,0.16571
2025-06-25,107340.58,2418.49,646.07,143.57,2.1859,0.16459
2025-06-26,106947.06,2415.96,642.3,139.06,2.1054,0.16001
2025-06-27,107047.59,2423.17,645.71,142.09,2.1419,0.16104
2025-06-28,107296.79,2435.62,648.6,150.72,2.1854,0.16363
2025-06-29,108356.93,2500.09,654.9,153.32,2.2061,0.16944
2025-06-30,107146.5,2485.47,656.9,154.81,2.2362,0.16518
2025-07-01,105681.14,2405.01,646.33,146.88,2.172,0.15778
2025-07-02,108849.6,2570.41,659.71,152.27,2.2336,0.16869
2025-07-03,109584.78,2591.25,663.59,152.36,2.2569,0.17201
2025-07-04,107984.24,2508.04,653.6,147.7,2.2205,0.16288
2025-07-05,108198.12,2516.41,656.16,147.55,2.2178,0.16421
2025-07-06,109203.84,2570.35,663.13,151.86,2.2709,0.17196
2025-07-07,108262.94,2542.29,661.06,148.88,2.2708,0.16792
2025-07-08,108922.98,2615.25,660.63,151.67,2.3108,0.17094
2025-07-09,111233.99,2768.74,668.68,157.05,2.4038,0.18053
2025-07-10,116010.0,2951.29,685.8,164.34,2.5471,0.19507
2025-07-11,117527.66,2958.22,689.99,162.93,2.7322,0.20103
2025-07-12,117420.0,2943.28,685.86,160.69,2.7395,0.19742
2025-07-13,119086.64,2972.03,692.0,161.15,2.8361,0.19855
2025-07-14,119841.18,3013.62,689.12,162.21,2.9582,0.19749
2025-07-15,117758.09,3137.89,689.92,163.98,2.919,0.19919
2025-07-16,118630.43,3371.35,708.61,173.63,3.038,0.2127
2025-07-17,119177.56,3476.87,720.65,175.87,3.4814,0.21826
2025-07-18,117924.84,3546.92,729.92,177.28,3.4135,0.2358
2025-07-19,117840.0,3592.01,733.2,176.96,3.4244,0.24143
2025-07-20,117265.12,3756.69,756.82,181.43,3.454,0.27375
2025-07-21,117380.36,3762.33,766.22,195.72,3.5495,0.27142
2025-07-22,119954.42,3746.21,786.68,205.7,3.5504,0.27093
2025-07-23,118755.99,3628.29,776.74,189.4,3.1838,0.24083
2025-07-24,118340.99,3706.94,770.74,182.87,3.1453,0.23218
2025-07-25,117614.31,3724.96,785.45,186.76,3.1423,0.23673
2025-07-26,117919.99,3741.1,793.29,184.88,3.1662,0.23543
2025-07-27,119415.55,3872.1,844.0,188.64,3.2389,0.24071
2025-07-28,118062.32,3799.0,824.07,183.11,3.1235,0.22615
2025-07-29,117950.76,3793.79,805.1,181.48,3.128,0.22392
2025-07-30,117840.3,3810.0,793.51,177.77,3.0966,0.21999
2025-07-31,115764.08,3698.39,783.14,172.22,3.0224,0.20974
2025-08-01,113297.93,3488.2,757.08,162.71,2.9613,0.20097
2025-08-02,112546.35,3393.94,736.42,158.48,2.7695,0.19098
2025-08-03,114208.8,3496.74,751.21,161.97,2.948,0.19876
2025-08-04,115055.03,3720.99,768.63,169.55,3.0716,0.21039
2025-08-05,114129.75,3612.0,755.13,164.09,2.9623,0.19981
2025-08-06,114992.27,3683.31,769.55,168.09,2.9908,0.20524
2025-08-07,117472.01,3910.31,788.67,175.36,3.3197,0.22228
2025-08-08,116674.74,4009.5,793.5,176.78,3.2859,0.23039
2025-08-09,116462.25,4260.62,798.83,179.95,3.2259,0.23995
2025-08-10,119294.01,4250.57,807.22,182.66,3.187,0.23385
2025-08-11,118686.0,4223.22,805.09,174.84,3.1295,0.22207
2025-08-12,120134.08,4590.52,832.47,191.78,3.2676,0.23582
2025-08-13,123306.43,4749.3,848.01,201.51,3.2744,0.24482
2025-08-14,118295.09,4546.84,840.42,192.47,3.0792,0.22382
2025-08-15,117342.05,4439.47,827.81,185.72,3.0779,0.22886
2025-08-16,117380.66,4421.99,838.71,189.6,3.1055,0.23115
2025-08-17,117405.01,4472.33,855.38,190.99,3.0877,0.23456
2025-08-18,116227.05,4312.99,846.99,182.94,3.0616,0.22262
2025-08-19,112872.94,4075.59,824.11,176.22,2.8608,0.20943
2025-08-20,114271.24,4336.16,869.05,187.94,2.9512,0.22169
2025-08-21,112500.0,4225.3,839.49,180.29,2.8519,0.21473
2025-08-22,116935.99,4832.07,900.21,200.69,3.0744,0.24054
2025-08-23,115438.05,4778.4,880.42,204.14,3.0485,0.23631
2025-08-24,113493.59,4780.15,876.51,205.98,3.0258,0.23182
2025-08-25,110111.98,4376.18,839.32,187.2,2.8584,0.20965
2025-08-26,111763.22,4600.63,863.7,195.86,3.0123,0.21839
2025-08-27,111262.01,4506.71,855.18,202.95,2.9688,0.21892
2025-08-28,112566.9,4511.21,873.47,214.43,2.9665,0.22437
2025-08-29,108377.4,4360.18,862.3,205.08,2.8195,0.21391
2025-08-30,108816.33,4373.7,862.0,202.7,2.8181,0.21595
2025-08-31,108246.35,4391.83,857.65,200.62,2.7757,0.21371
2025-09-01,109237.42,4314.5,845.68,197.32,2.7589,0.21073
2025-09-02,111240.01,4326.5,851.8,209.65,2.862,0.21489
2025-09-03,111705.71,4450.46,854.76,210.77,2.8443,0.2203
2025-09-04,110730.87,4297.55,843.63,202.32,2.7946,0.21241
2025-09-05,110659.99,4307.45,850.14,203.36,2.8147,0.21788
2025-09-06,110187.97,4273.14,860.85,200.16,2.8098,0.21595
2025-09-07,111137.34,4306.19,880.05,206.35,2.877,0.22877
2025-09-08,112065.23,4306.37,878.08,214.11,2.9697,0.24164
2025-09-09,111546.39,4310.09,880.01,217.21,2.9474,0.24063
2025-09-10,113960.0,4349.32,893.77,224.07,2.9834,0.24536
2025-09-11,115482.69,4458.82,902.77,228.73,3.0398,0.25603
2025-09-12,116029.42,4712.16,924.8,242.18,3.1054,0.2755
2025-09-13,115918.29,4666.53,933.68,242.38,3.1193,0.28938
2025-09-14,115268.01,4604.49,926.51,239.76,3.0279,0.27796
2025-09-15,115349.71,4523.74,919.68,234.31,2.9969,0.26831
2025-09-16,116788.96,4501.29,955.65,236.96,3.0376,0.26995
2025-09-17,116447.59,4590.53,989.98,244.84,3.0841,0.28256
2025-09-18,117073.53,4587.66,981.04,247.5,3.0735,0.27857
2025-09-19,115632.38,4468.59,984.1,238.53,2.9901,0.26527
2025-09-20,115685.63,4480.42,1043.77,239.48,2.975,0.26759
2025-09-21,115232.29,4444.97,1047.8,236.16,2.9701,0.26074
2025-09-22,112650.99,4199.08,992.9,220.38,2.8526,0.24122
2025-09-23,111998.8,4164.26,1015.98,213.3,2.8247,0.23709
2025-09-24,113307.0,4152.81,1018.49,211.6,2.9257,0.24107
2025-09-25,108994.49,3874.36,945.9,192.74,2.7435,0.22292
2025-09-26,109643.46,4032.24,960.8,205.17,2.7835,0.23244
2025-09-27,109635.85,4018.38,968.45,203.46,2.8047,0.23077
2025-09-28,112163.95,4142.16,993.01,210.83,2.8674,0.23735
2025-09-29,114311.96,4215.07,1029.79,212.75,2.8801,0.23478
2025-09-30,114048.93,4145.15,1008.51,208.68,2.8468,0.23293
2025-10-01,118594.99,4348.03,1026.5,222.04,2.9485,0.24906
2025-10-02,120529.35,4484.35,1090.22,234.74,3.0389,0.262
2025-10-03,122232.0,4512.87,1189.4,232.84,3.0401,0.25819
2025-10-04,122391.0,4487.15,1150.75,227.86,2.9685,0.25084
2025-10-05,123482.31,4514.32,1167.38,228.56,2.9697,0.25284
2025-10-06,124658.54,4684.01,1223.19,232.35,2.9883,0.26603
2025-10-07,121332.95,4447.7,1304.43,219.97,2.852,0.24682
2025-10-08,123306.0,4525.72,1307.4,229.02,2.8797,0.25564
2025-10-09,121662.4,4368.09,1255.35,220.93,2.8021,0.24849
2025-10-10,112774.5,3829.72,1102.47,188.43,2.3704,0.19349
2025-10-11,110644.4,3746.79,1135.07,177.62,2.3819,0.18527
2025-10-12,114958.8,4152.29,1302.65,197.0,2.5282,0.20717
2025-10-13,115166.0,4240.85,1294.55,208.69,2.6052,0.2138
2025-10-14,113028.14,4125.02,1208.52,202.44,2.5033,0.20437
2025-10-15,110763.28,3985.61,1162.57,193.84,2.4109,0.19621
2025-10-16,108194.28,3894.51,1144.83,184.85,2.328,0.1885
2025-10-17,106431.68,3831.57,1071.15,181.96,2.2936,0.1847
2025-10-18,107185.01,3889.21,1092.43,187.56,2.3596,0.18962
2025-10-19,108642.78,3982.58,1109.88,187.86,2.3908,0.19535
2025-10-20,110532.09,3979.22,1100.19,189.71,2.4948,0.2
2025-10-21,108297.67,3873.05,1057.16,185.63,2.4222,0.19427
2025-10-22,107567.44,3805.53,1071.82,180.12,2.3647,0.18993
2025-10-23,110078.18,3856.8,1126.72,191.35,2.3947,0.19493
2025-10-24,111004.89,3934.88,1109.01,193.59,2.5103,0.19775
2025-10-25,111646.27,3953.82,1116.53,193.84,2.5959,0.19652
2025-10-26,114559.4,4158.46,1138.19,200.03,2.6461,0.20577
2025-10-27,114107.65,4120.15,1138.88,198.7,2.634,0.20038
2025-10-28,112898.45,3979.2,1103.45,194.15,2.6034,0.19362
2025-10-29,110021.29,3902.99,1107.7,193.88,2.5502,0.19237
2025-10-30,108322.88,3805.09,1079.05,184.69,2.4393,0.18268
2025-10-31,109608.01,3847.99,1088.9,187.21,2.5097,0.18644
2025-11-01,110098.1,3873.77,1094.53,186.35,2.5053,0.18736
2025-11-02,110540.68,3906.58,1083.25,187.71,2.5267,0.18638
2025-11-03,106583.04,3603.83,993.54,166.06,2.3096,0.16741
2025-11-04,101497.22,3287.05,936.77,155.03,2.2053,0.16223
2025-11-05,103885.16,3424.29,959.33,162.37,2.3432,0.16719
2025-11-06,101346.04,3315.14,950.4,155.28,2.213,0.16164
2025-11-07,103339.08,3436.05,991.15,161.79,2.3154,0.17877
2025-11-08,102312.94,3401.51,991.03,158.02,2.2863,0.17605
2025-11-09,104722.96,3583.46,996.63,164.53,2.3662,0.1793
2025-11-10,106011.13,3567.85,991.98,167.31,2.526,0.18179
2025-11-11,103058.99,3417.76,958.08,154.63,2.3915,0.17206
2025-11-12,101654.37,3414.92,952.86,153.42,2.3879,0.17018
2025-11-13,99692.02,3231.54,927.15,144.73,2.3225,0.16384
2025-11-14,94594.0,3112.4,915.25,138.92,2.2443,0.15765
2025-11-15,95596.24,3167.88,932.28,139.61,2.2372,0.16316
2025-11-16,94261.44,3095.29,926.56,137.17,2.2149,0.15857
2025-11-17,92215.14,3031.44,907.36,130.99,2.1637,0.15214
2025-11-18,92960.83,3123.66,932.79,140.69,2.2172,0.16173
2025-11-19,91554.96,3025.48,897.77,137.06,2.1098,0.1546
2025-11-20,86637.23,2834.22,866.51,133.67,1.9999,0.14892
2025-11-21,85129.43,2765.85,830.46,128.68,1.9509,0.14029
2025-11-22,84739.74,2770.12,833.78,127.59,1.9509,0.14027
2025-11-23,86830.0,2802.16,843.6,130.58,2.0491,0.145
2025-11-24,88300.01,2953.38,864.92,138.44,2.2276,0.15181
2025-11-25,87369.96,2959.36,862.57,138.96,2.2024,0.15301
2025-11-26,90484.02,3026.56,891.78,143.02,2.2233,0.15474
2025-11-27,91333.95,3015.23,895.74,140.85,2.1999,0.15264
2025-11-28,90890.7,3031.15,887.19,137.33,2.1795,0.15017
2025-11-29,90802.44,2989.16,872.9,135.91,2.2009,0.14837
2025-11-30,90360.0,2991.26,875.31,133.48,2.155,0.14599
2025-12-01,86286.01,2799.07,826.61,126.66,2.0297,0.13547
2025-12-02,91277.88,2996.07,876.61,138.68,2.1532,0.14577
2025-12-03,93429.95,3188.36,920.76,144.67,2.1976,0.15166
2025-12-04,92078.06,3133.26,899.92,139.01,2.096,0.14739
2025-12-05,89330.04,3021.78,883.57,133.29,2.0344,0.13956
2025-12-06,89236.79,3038.06,890.38,132.19,2.0309,0.13975
2025-12-07,90395.31,3059.85,894.37,132.24,2.0442,0.13867
2025-12-08,90634.34,3124.16,897.12,133.25,2.0724,0.14259
2025-12-09,92678.8,3318.04,897.3,137.88,2.1062,0.14797
2025-12-10,92015.37,3324.14,893.43,136.26,2.0418,0.14332
2025-12-11,92513.38,3237.39,885.91,136.41,2.034,0.14033
2025-12-12,90268.42,3084.86,881.58,132.27,2.0074,0.13692
2025-12-13,90240.01,3114.64,896.82,133.14,2.0227,0.13905
2025-12-14,88172.17,3063.5,877.27,129.4,1.9784,0.13408
2025-12-15,86432.08,2964.85,858.6,127.81,1.8981,0.12975
2025-12-16,87863.42,2962.3,875.63,129.15,1.9297,0.13179
2025-12-17,86243.22,2833.49,843.07,123.27,1.8627,0.12633
2025-12-18,85516.41,2828.57,830.07,119.6,1.8076,0.12207
2025-12-19,88136.94,2979.5,856.17,126.27,1.9092,0.13222
2025-12-20,88360.9,2977.93,854.17,125.81,1.9335,0.13194
2025-12-21,88658.86,3002.02,858.64,126.03,1.9223,0.13112
2025-12-22,88620.79,3009.49,858.66,125.93,1.9043,0.13258
2025-12-23,87486.0,2965.02,844.3,124.01,1.8734,0.12928
2025-12-24,87669.45,2947.47,846.58,122.53,1.8628,0.12856
2025-12-25,87225.27,2903.95,829.64,120.06,1.8326,0.12365
2025-12-26,87369.56,2927.99,834.72,122.26,1.8437,0.12211
2025-12-27,87877.01,2949.05,845.04,124.73,1.8735,0.12435
2025-12-28,87952.71,2950.91,859.32,125.27,1.8654,0.12393
2025-12-29,87237.13,2937.9,852.46,123.28,1.8508,0.12288
2025-12-30,88485.49,2973.69,861.65,125.01,1.8776,0.12336
2025-12-31,87648.22,2971.64,864.3,124.65,1.8423,0.11747
2026-01-01,88839.04,3004.19,864.39,126.9,1.8799,0.12683
2026-01-02,89995.13,3125.45,881.25,132.29,2.0069,0.14188
2026-01-03,90628.01,3127.11,878.63,133.37,2.0182,0.14315
2026-01-04,91529.73,3144.7,895.43,134.12,2.0909,0.14953
2026-01-05,93859.71,3224.99,910.31,137.9,2.3478,0.15171
2026-01-06,93747.97,3296.84,917.64,141.08,2.3042,0.15055
2026-01-07,91364.16,3168.72,900.3,136.39,2.1657,0.14642
2026-01-08,91099.99,3106.65,892.26,138.37,2.1232,0.14194
2026-01-09,90641.28,3088.4,896.86,135.97,2.0958,0.14071
2026-01-10,90504.7,3086.72,907.93,135.84,2.0907,0.13965
2026-01-11,91013.65,3123.45,904.32,139.7,2.0745,0.13801
2026-01-12,91296.2,3095.75,905.78,139.22,2.054,0.13662
2026-01-13,95414.0,3325.82,943.73,145.51,2.1655,0.14828
2026-01-14,96951.78,3354.92,948.47,146.69,2.1394,0.14718
2026-01-15,95604.8,3318.69,931.2,142.4,2.0789,0.14004
2026-01-16,95550.94,3296.28,938.16,144.89,2.0678,0.13813
2026-01-17,95147.77,3310.56,947.12,143.72,2.0631,0.13788
2026-01-18,93673.14,3284.03,932.51,137.87,1.9914,0.13164
2026-01-19,92631.0,3189.55,923.6,133.44,1.986,0.12916
2026-01-20,88427.66,2939.88,884.2,125.8,1.89,0.12336
2026-01-21,89454.73,2982.27,883.36,129.54,1.9476,0.12654
2026-01-22,89559.67,2952.69,888.06,128.47,1.9236,0.12437
2026-01-23,89600.26,2956.41,891.63,127.43,1.9196,0.12477
2026-01-24,89225.34,2953.22,887.17,127.21,1.9143,0.12423
2026-01-25,86670.36,2816.89,866.02,118.85,1.8356,0.11945
2026-01-26,88347.08,2930.35,879.41,124.24,1.9041,0.12236
2026-01-27,89250.0,3026.77,898.36,127.19,1.9158,0.12619
2026-01-28,89299.99,3010.78,902.91,125.35,1.9111,0.125
2026-01-29,84650.16,2822.59,868.69,117.82,1.8076,0.11728
2026-01-30,84260.49,2707.38,858.81,117.59,1.7352,0.11581
2026-01-31,78741.09,2451.95,781.38,105.58,1.6472,0.10426
2026-02-01,76968.21,2270.15,758.54,100.79,1.5908,0.10426
2026-02-02,78738.61,2347.02,773.94,104.55,1.6198,0.10792
2026-02-03,75770.21,2233.72,754.78,97.89,1.5791,0.10602
2026-02-04,73165.83,2148.26,697.27,92.12,1.512,0.10383
2026-02-05,62909.86,1826.83,608.3,78.35,1.2146,0.08849
2026-02-06,70580.26,2063.38,657.21,87.46,1.4698,0.09848
2026-02-07,69289.38,2087.08,647.0,87.59,1.4231,0.09823
2026-02-08,70330.38,2089.74,639.93,86.99,1.4308,0.09663
2026-02-09,70138.0,2105.02,636.39,86.77,1.437,0.09611
2026-02-10,68841.29,2022.67,619.85,82.99,1.3999,0.09277
2026-02-11,67082.52,1941.18,608.11,79.3,1.3697,0.09112
2026-02-12,66272.17,1947.85,614.29,78.4,1.3635,0.093
2026-02-13,68853.96,2048.72,618.94,84.33,1.4071,0.09667
2026-02-14,69822.95,2086.59,632.77,88.06,1.5094,0.11104
2026-02-15,68832.58,1966.58,615.16,86.16,1.4753,0.10269
2026-02-16,68892.43,1998.33,627.19,86.45,1.4876,0.10102
2026-02-17,67503.52,1991.66,617.74,85.08,1.4743,0.10066
2026-02-18,66461.0,1955.91,604.8,81.61,1.4219,0.09855
2026-02-19,67003.73,1949.08,607.83,82.5,1.4068,0.09837
2026-02-20,68020.01,1968.88,625.91,84.67,1.4292,0.10011
2026-02-21,67975.93,1973.35,625.61,85.17,1.4304,0.09841
2026-02-22,67643.4,1957.82,614.8,82.79,1.3932,0.09558
2026-02-23,64656.02,1856.3,596.41,77.9,1.3518,0.09266
2026-02-24,64058.15,1851.94,583.6,78.99,1.3482,0.09137
2026-02-25,67988.04,2057.48,629.42,88.06,1.4339,0.10095
2026-02-26,67485.18,2027.68,625.74,85.91,1.4027,0.09701
2026-02-27,65872.1,1929.84,614.03,81.85,1.3562,0.09337
2026-02-28,66973.26,1964.51,617.14,84.35,1.3762,0.09405
2026-03-01,65776.47,1939.71,617.96,83.6,1.3524,0.0919
2026-03-02,68830.06,2027.35,637.79,86.64,1.39,0.09356
2026-03-03,68338.0,1982.8,633.56,86.97,1.3607,0.08997
2026-03-04,72666.77,2127.28,657.99,90.85,1.4309,0.09893
2026-03-05,70890.72,2072.86,647.85,88.77,1.4037,0.09356
2026-03-06,68114.02,1978.68,627.31,84.7,1.3633,0.09129
2026-03-07,67262.91,1969.59,620.26,83.22,1.3567,0.08993
2026-03-08,65971.2,1937.1,611.98,81.59,1.34,0.08915
2026-03-09,68432.16,1992.98,634.64,84.96,1.3631,0.09049
2026-03-10,69948.63,2036.51,642.0,85.88,1.3863,0.09452
2026-03-11,70191.86,2051.97,651.46,86.58,1.3847,0.09288
2026-03-12,70541.34,2073.52,651.72,86.84,1.3846,0.09475
2026-03-13,70930.0,2092.22,655.73,88.18,1.3989,0.09596
2026-03-14,71211.95,2096.16,657.7,88.03,1.4063,0.09604
2026-03-15,72815.24,2178.3,673.77,92.3,1.4487,0.09738
2026-03-16,74884.67,2352.97,679.71,96.2,1.543,0.10304
2026-03-17,73909.36,2317.39,668.61,94.62,1.5182,0.10015
2026-03-18,71246.54,2203.39,652.27,90.08,1.4647,0.09526
2026-03-19,69930.0,2137.81,639.15,88.89,1.4475,0.09354
2026-03-20,70510.73,2146.22,642.11,89.84,1.4452,0.09416
2026-03-21,68918.12,2084.87,630.7,87.56,1.4086,0.09135
2026-03-22,67859.0,2053.89,626.41,86.2,1.3848,0.09015
2026-03-23,70906.45,2152.03,639.11,91.43,1.4323,0.09415
2026-03-24,70556.74,2156.23,638.3,90.8,1.416,0.0951
2026-03-25,71336.53,2169.02,647.66,91.7,1.4145,0.09618
2026-03-26,68820.31,2060.43,628.86,86.53,1.3609,0.09205
2026-03-27,66407.28,1992.75,613.95,83.11,1.3257,0.09011
2026-03-28,66377.03,1994.74,611.08,82.09,1.3333,0.091
2026-03-29,66010.93,1984.64,606.09,81.44,1.3278,0.09045
2026-03-30,66797.37,2026.48,609.29,82.54,1.3242,0.09083
2026-03-31,68284.48,2105.43,617.43,83.2,1.3411,0.09232
2026-04-01,68113.92,2140.35,610.81,81.18,1.3478,0.09219
2026-04-02,66901.99,2057.17,583.52,78.94,1.32,0.0904
2026-04-03,66964.3,2053.83,588.31,80.4,1.3184,0.09156
2026-04-04,67300.42,2065.52,593.36,80.83,1.3153,0.09207
2026-04-05,69034.18,2110.17,601.5,81.89,1.3263,0.09238
2026-04-06,68853.66,2107.16,600.11,80.03,1.3212,0.09061
2026-04-07,71924.22,2240.01,620.1,85.56,1.3787,0.09492
2026-04-08,71069.93,2190.0,601.16,82.57,1.3428,0.0924
2026-04-09,71787.97,2190.2,603.03,83.33,1.3438,0.0926
2026-04-10,72962.7,2245.05,605.54,84.83,1.3559,0.09368
2026-04-11,73043.16,2284.99,607.05,84.93,1.3546,0.09309
2026-04-12,70740.98,2191.65,592.19,81.53,1.3247,0.09084
2026-04-13,74417.99,2369.46,614.71,86.51,1.3756,0.09411
2026-04-14,74131.55,2322.44,613.75,83.72,1.3617,0.09297
2026-04-15,74809.99,2359.95,622.59,84.9,1.3922,0.09488
2026-04-16,75154.29,2348.17,635.77,89.05,1.453,0.09921
2026-04-17,77072.0,2419.0,643.12,88.76,1.4757,0.09941
2026-04-18,75691.76,2350.32,629.9,86.16,1.4323,0.09479
2026-04-19,73801.79,2263.27,616.06,83.47,1.3942,0.09302
2026-04-20,75840.97,2313.85,629.26,85.28,1.4243,0.09521
2026-04-21,76336.15,2327.14,631.72,86.03,1.4334,0.09518
2026-04-22,78178.23,2374.07,637.47,86.87,1.4294,0.09565
2026-04-23,78257.48,2330.26,638.54,86.12,1.4386,0.09714
2026-04-24,77437.13,2314.99,636.21,86.18,1.4334,0.09843
2026-04-25,77625.0,2319.5,628.53,86.18,1.4238,0.098
2026-04-26,78657.55,2369.44,635.76,86.93,1.4307,0.09922
2026-04-27,77371.32,2303.67,626.83,84.82,1.4007,0.09895
2026-04-28,76342.77,2289.42,624.55,84.06,1.3805,0.09935
2026-04-29,75780.0,2252.9,617.39,83.04,1.3691,0.10408
2026-04-30,76346.57,2257.51,615.38,83.09,1.3679,0.1065
2026-05-01,78231.13,2295.63,615.34,83.76,1.3858,0.10853
2026-05-02,78686.85,2316.97,618.03,84.26,1.3937,0.10851
2026-05-03,78568.57,2322.65,617.27,83.91,1.388,0.1083
2026-05-04,79861.01,2347.16,622.63,84.1,1.3918,0.1101
2026-05-05,80905.52,2360.77,630.42,86.29,1.4126,0.11484
2026-05-06,81447.01,2350.84,647.74,89.16,1.4249,0.11245
2026-05-07,80006.0,2291.06,637.02,88.42,1.3869,0.10783
2026-05-08,80193.17,2307.06,649.36,92.01,1.4182,0.10952
2026-05-09,80678.4,2326.44,649.75,93.13,1.4205,0.10874
2026-05-10,82210.07,2371.27,663.55,96.47,1.4734,0.11246
2026-05-11,81745.65,2339.87,670.6,97.37,1.4776,0.11132
2026-05-12,80504.47,2274.96,664.95,94.28,1.437,0.11015
2026-05-13,79313.61,2258.65,671.68,91.17,1.4273,0.11269
2026-05-14,81089.99,2283.25,678.27,92.15,1.4852,0.11546
2026-05-15,79113.21,2224.66,672.38,89.24,1.434,0.11336
2026-05-16,78148.05,2180.77,656.2,86.54,1.4136,0.10937
2026-05-17,77457.67,2131.0,649.48,85.24,1.4016,0.10899
2026-05-18,77001.87,2130.08,643.53,85.38,1.39,0.10477
2026-05-19,76834.36,2111.93,640.02,84.29,1.3616,0.103
2026-05-20,77552.23,2129.44,649.5,86.17,1.3672,0.10371
2026-05-21,77615.52,2133.76,658.58,87.36,1.3739,0.10568
2026-05-22,75539.5,2065.85,650.44,84.4,1.3345,0.10234
2026-05-23,76752.01,2117.68,656.26,85.75,1.3583,0.10307
2026-05-24,77064.96,2099.85,656.57,85.27,1.351,0.10227
2026-05-25,77322.01,2113.01,663.15,85.06,1.3503,0.10214
2026-05-26,75930.01,2073.77,656.43,83.72,1.3292,0.10105
2026-05-27,74449.3,2024.84,648.84,82.44,1.3076,0.10049
2026-05-28,73617.51,2009.9,638.24,82.11,1.3156,0.09957
2026-05-29,73460.78,2014.54,643.1,82.04,1.33,0.0997
2026-05-30,73884.38,2022.44,718.74,82.73,1.3408,0.10061
2026-05-31,73674.39,2007.01,710.55,82.44,1.333,0.10041
2026-06-01,71408.9,2006.73,693.1,81.28,1.2972,0.1011
2026-06-02,66760.83,1859.84,650.69,74.23,1.2117,0.09275
2026-06-03,64142.75,1813.05,620.63,71.61,1.2012,0.09139
2026-06-04,63885.99,1770.77,604.53,68.88,1.1688,0.08858
2026-06-05,61056.47,1583.4,572.22,63.64,1.0978,0.08148
2026-06-06,60884.62,1569.69,574.53,62.2,1.0934,0.08192
2026-06-07,63332.01,1690.51,604.44,66.5,1.1556,0.08628
2026-06-08,63085.99,1690.49,601.86,66.82,1.1683,0.08634
2026-06-09,61730.0,1639.52,593.44,64.96,1.1375,0.08479
2026-06-10,61510.99,1621.59,586.53,63.19,1.097,0.08294
2026-06-11,63625.99,1673.46,605.76,66.93,1.1428,0.08608
2026-06-12,63580.01,1666.41,603.83,66.82,1.1325,0.08598
2026-06-13,64458.01,1681.18,609.65,68.94,1.1507,0.08788
2026-06-14,65746.45,1725.62,616.79,71.28,1.1861,0.08889
2026-06-15,66328.74,1796.13,617.87,73.98,1.2382,0.08814
2026-06-16,65675.01,1792.99,604.94,73.52,1.2173,0.08717
2026-06-17,64509.4,1750.6,601.63,72.05,1.1868,0.08593
2026-06-18,62958.01,1711.11,578.48,69.71,1.1465,0.08352
2026-06-19,63543.91,1711.19,581.42,69.74,1.1359,0.08357
2026-06-20,64298.01,1741.08,588.03,73.22,1.1499,0.0837
2026-06-21,63311.99,1706.94,584.23,72.46,1.1248,0.08224
2026-06-22,64020.01,1728.19,590.15,71.95,1.1295,0.08247
2026-06-23,62734.57,1667.13,578.08,69.71,1.1103,0.07889
2026-06-24,61077.99,1622.17,564.67,68.11,1.0736,0.07612
2026-06-25,59794.0,1567.84,560.62,67.72,1.0435,0.07491
2026-06-26,60097.27,1578.68,567.64,71.9,1.049,0.0758
2026-06-27,60029.0,1573.99,557.2,70.5,1.0475,0.0745
2026-06-28,59577.01,1571.96,551.07,71.38,1.0485,0.0732
2026-06-29,60260.21,1613.07,559.52,75.16,1.059,0.07344
2026-06-30,58624.71,1572.01,546.52,73.67,1.0401,0.07208
2026-07-01,60024.0,1609.58,550.44,77.46,1.053,0.07222
2026-07-02,61560.0,1700.57,558.96,80.73,1.0881,0.07418
2026-07-03,62583.26,1758.21,573.81,82.34,1.1348,0.07754
2026-07-04,63144.01,1780.64,575.37,81.8,1.1574,0.07766
2026-07-05,63650.0,1785.65,589.87,81.59,1.1572,0.07787
2026-07-06,64042.02,1799.56,586.01,81.94,1.145,0.07666
2026-07-07,63363.99,1771.45,576.82,80.58,1.112,0.07418
2026-07-08,62290.0,1743.54,568.66,77.83,1.0908,0.07243
2026-07-09,63230.0,1745.16,568.72,78.04,1.0932,0.07289
2026-07-10,64161.72,1796.85,575.43,78.13,1.1046,0.07412
2026-07-11,63819.0,1787.76,574.65,76.79,1.0967,0.07321
2026-07-12,63780.0,1806.8,573.91,76.92,1.0858,0.07272
2026-07-13,62334.52,1776.72,567.49,75.01,1.0675,0.07197
2026-07-14,65043.98,1891.87,581.87,77.87,1.1117,0.07445
2026-07-15,64756.28,1917.86,580.55,77.29,1.1133,0.07409
2026-07-16,63830.2,1864.71,572.45,75.32,1.0871,0.07236
2026-07-17,63931.67,1841.93,568.09,75.04,1.089,0.07256
2026-07-18,64834.22,1862.61,570.65,75.52,1.0929,0.07253
2026-07-19,64722.54,1872.23,571.06,76.38,1.0978,0.07243
2026-07-20,65255.51,1904.77,571.27,77.85,1.1124,0.07219
2026-07-21,66556.16,1930.09,573.95,78.12,1.1436,0.07339
2026-07-22,66114.49,1934.25,571.08,77.97,1.1421,0.07299
2026-07-23,65098.97,1878.38,567.41,75.88,1.1077,0.0692
2026-07-24,64139.99,1861.44,564.9,73.96,1.0919,0.06957
2026-07-25,64375.0,1874.89,568.94,74.52,1.0977,0.07172
2026-07-26,65399.99,1954.72,575.32,76.76,1.1131,0.07338
2026-07-27,63755.86,1892.53,566.28,74.2,1.0661,0.07038
2026-07-28,63915.0,1922.23,571.29,73.83,1.069,0.07089
2026-07-29,63984.28,1910.72,571.99,73.68,1.0737,0.07014
