date,BTC-USD,ETH-USD,BNB-USD,SOL-USD,XRP-USD,DOGE-USD
2021-01-02,,,,,,
2021-01-03,,,,,,
2021-01-04,,,,,,
2021-01-05,,,,,,
2021-01-06,,,,,,
2021-01-07,,,,,,
2021-01-08,,,,,,
2021-01-09,,,,,,
2021-01-10,,,,,,
2021-01-11,,,,,,
2021-01-12,,,,,,
2021-01-13,,,,,,
2021-01-14,,,,,,
2021-01-15,,,,,,
2021-01-16,,,,,,
2021-01-17,,,,,,
2021-01-18,,,,,,
2021-01-19,,,,,,
2021-01-20,,,,,,
2021-01-21,,,,,,
2021-01-22,,,,,,
2021-01-23,,,,,,
2021-01-24,,,,,,
2021-01-25,,,,,,
2021-01-26,,,,,,
2021-01-27,,,,,,
2021-01-28,,,,,,
2021-01-29,,,,,,
2021-01-30,,,,,,
2021-01-31,1.0710170030977324,1.6108943064786898,0.8224439115629197,2.1037353024609553,2.025478270705149,6.383607234778961
2021-02-01,1.02304810621154,1.6069455578959557,0.9641384286851564,2.103520294378948,2.279057723090794,6.07285146748536
2021-02-02,1.0377736013829613,1.4384786875035311,0.9359050893376982,2.053265457875459,2.2794772945997477,6.082163002476754
2021-02-03,1.0486338080806887,1.4572669605039654,0.9365015004680167,2.0307807816990686,2.283511890357168,6.097557254767369
2021-02-04,1.0331242294563516,1.463902833572755,0.9618211157824865,1.9565325065173793,2.2971763741681865,6.189199516693658
2021-02-05,1.0029027886113766,1.4514979310369465,1.1500598918969787,1.885754514095898,2.2818401673356554,6.220976483924995
2021-02-06,0.9755510608264282,1.4571869948564427,1.1663615406251964,1.8533951344911346,2.106793347297631,6.230503445048909
2021-02-07,0.9704237266947673,1.4664860709321847,1.1898330071959369,1.5763486907310729,2.118781705062343,6.2827721797404665
2021-02-08,1.1543705106354054,1.4829394692149886,1.2843536046078727,1.6436489140177035,2.1312178538985767,6.285630514037412
2021-02-09,1.1377279862664036,1.4795632141068449,1.5897930832677827,1.6479648486768517,2.131436942676126,6.308846355110258
2021-02-10,1.110328945316865,1.375220347686292,1.5974725358342623,1.6318295800222542,2.1019585425320315,6.279679097380039
2021-02-11,1.1163509983079987,1.363531732805595,1.6160763335716009,1.5718321645139486,2.104107513976009,6.266771592788024
2021-02-12,1.0797712704850597,1.3496836273318766,1.62809939639308,1.5601077736117201,2.1460920709396047,6.2714110422991425
2021-02-13,1.0712894164634728,1.3293856476977577,1.643773929340968,1.5472468684819871,2.1377239073173975,6.2855019875155085
2021-02-14,1.0440993572302764,1.3107081511207548,1.6298464072425305,1.5437599717408734,2.1426552836358406,6.295126048467859
2021-02-15,1.0419395746017843,1.3074945948506778,1.653568032930533,1.5431413494869677,2.1686856070890213,6.3170090878259515
2021-02-16,1.0420298941415587,1.307701164335322,1.656235235039303,1.5508193522998177,2.18376538300617,6.324534595555633
2021-02-17,1.0550507155210906,1.3103316463733705,1.7929166795907214,1.5500502340098605,2.183770275878477,6.3401334357325965
2021-02-18,1.051932722440523,1.2930913993814508,1.8010800614881985,1.54347639597726,2.1853462211362653,6.34722926670242
2021-02-19,1.0750121527165197,1.293111109455596,2.4523826368644217,1.7181572177732076,2.1889567042221425,6.3596850807358845
2021-02-20,0.9219018003627709,1.012750123892555,2.6718245137137497,1.5900850441063628,2.1898434423193742,6.338561057363088
2021-02-21,0.9074895126518846,0.9643917112365957,2.6907889820544333,1.5870139362176132,2.19433825249575,6.338981851020261
2021-02-22,0.934961841944153,1.0237655399184165,2.7428407495184324,1.7688138463803211,2.193131266223453,6.347457325767892
2021-02-23,1.0218423579061162,1.0447307792428346,2.834459736074898,1.7682993598452925,2.3000007096067128,6.376101162703722
2021-02-24,1.0206015750858204,1.0255541599087463,2.8298785595035953,1.7831103518184475,2.2987284151761127,6.378750777722536
2021-02-25,1.04779987268187,1.0751520159554375,2.864926010022524,2.0044532185338104,2.319986158594828,6.409215236680844
2021-02-26,1.0142043375016285,1.0184434599571912,2.879730071766248,1.9561710460517339,2.30322894317828,6.38375105361559
2021-02-27,0.9735167054858603,0.9908964835461834,2.8825488798242977,1.9729752154282985,2.299707005676639,3.2046569095426936
2021-02-28,0.9781177646430934,0.9885901590660499,2.911261642419983,1.9764711644152209,2.3023173645321156,3.109371658607041
2021-03-01,1.0211112495483312,1.0481723131642788,2.9515640124064495,1.993867723900111,1.6949787101824743,2.5680952416973715
2021-03-02,1.015277228428727,1.051967587844158,2.9719739455236365,2.029904402462048,1.6496212673122779,2.4049597371369282
2021-03-03,1.019305645241031,1.0558036088431748,2.957875208418862,2.0266861101572946,1.2950451075375016,2.3915930357440933
2021-03-04,1.0238566770580169,1.0056394223059058,2.9703349760271403,2.0375226665200246,1.3138631837463777,2.3554611848135094
2021-03-05,1.0087449208474368,0.9447844907329699,2.978411438450154,2.0398364741814987,1.3169328496422628,2.287153792825105
2021-03-06,1.0043375046364582,0.9731607917201544,2.9812853720390757,2.01710100227827,1.2570109308647395,1.9305910712217522
2021-03-07,1.0065034077546726,0.9502265120940865,2.9363541601940923,2.019342059764219,1.2561576438520166,1.8796900107640633
2021-03-08,1.0072834551366627,0.9680436979610929,2.937435260571975,1.9826213892106936,1.2551087529245026,1.8548782597133735
2021-03-09,1.0127827521789463,0.9574711491891887,2.963130469822585,1.9815240199227608,1.2383387502662135,1.533961958295307
2021-03-10,0.8153304294301958,0.9281744332635283,2.9572032025456028,1.9362086014325934,1.2258098193063067,1.5348432250768203
2021-03-11,0.8207167610584021,0.9292504973358913,2.811215710369953,1.96518529830933,1.2122795486368128,1.4871544945607438
2021-03-12,0.8086935224380543,0.9351215161684988,2.7925550534370074,1.9515640036428767,1.1966232982369858,1.479020991388844
2021-03-13,0.8076150417371326,0.977020374229265,2.7845687482988,1.955116651577407,1.1942064105942531,1.5481377964416716
2021-03-14,0.8193053983579711,0.9823133049859584,2.7848031596665175,1.9712159342918798,1.0751515535098977,1.5681685710128637
2021-03-15,0.8506494852675186,0.9868147066806034,2.7869807452060713,1.9614262521469021,1.06023531676283,1.5605840761557723
2021-03-16,0.8485572178840579,0.9866976884097636,2.787039210030891,1.9692308305503297,1.0664489525662533,1.554124918194065
2021-03-17,0.851711094562833,0.9863382713229216,2.7784751529301914,1.97123951933197,1.0438317362968765,1.5111244004453959
2021-03-18,0.8547299599232304,0.990883552990038,2.783950170396205,1.950999162276734,1.0278130221526705,1.498242538084827
2021-03-19,0.832568117007844,0.9840332707031749,2.673162028823899,1.9503352374946743,1.0215675476632788,1.471180088871971
2021-03-20,0.8309765906451078,0.9686036182878384,2.61581671206959,1.9353278760886374,1.1104496702753537,1.3435943679727103
2021-03-21,0.7846398905682985,0.9685405535892319,1.8140337399745556,1.7455540814446138,1.0906722506122595,1.3251396132160882
2021-03-22,0.8116766412762881,0.9860861483970261,1.5422692634723083,1.6635513462210523,1.0503413759052183,1.3342922753591513
2021-03-23,0.8053711195603475,0.9846535408210872,1.438612351976564,1.6422553726783706,1.0280746706316461,1.3324336936305883
2021-03-24,0.7893689975777164,0.958874873054575,1.401110509720926,1.365666799182116,1.1210212391353662,1.3289216577254264
2021-03-25,0.7063775437787834,0.8639971996189241,1.321377090784661,1.3586461337790738,0.964589621109647,1.262244498792009
2021-03-26,0.7445992172725799,0.8917420401199163,1.3141405623314393,1.3692260594076384,1.0188411598859668,1.1133873233351044
2021-03-27,0.716074066220975,0.8265573385946179,1.2939779140950154,1.198680981024807,0.9877618337724836,1.0143842781370165
2021-03-28,0.7117921248972835,0.8225800768313689,1.274705692679451,1.2330672269180023,0.9840675974012332,1.015642859251787
2021-03-29,0.7167421723250765,0.8569925495874005,1.2759600035743306,1.2315197879030753,0.9881907616448513,1.0152150292622653
2021-03-30,0.710185942241329,0.8480952480578009,1.3073394623566028,1.229635546330358,0.9688427309012452,1.0043120141658066
2021-03-31,0.6404075374245841,0.7903716527332099,1.1416873780621704,1.1473927463599825,0.9453652030434346,0.9910560177461624
2021-04-01,0.6322488694522026,0.7611373861989433,1.1624709575782,1.1145407992944145,0.9394340198674241,1.1086136105893538
2021-04-02,0.6214788511145908,0.7869612396431802,1.1621654323970154,1.1182069347438657,0.9548074297947199,1.1460501381011554
2021-04-03,0.6152801986967119,0.8192899940355252,1.1640949279051132,1.1472706795816576,0.9506669047185347,1.1542321249931544
2021-04-04,0.6173112382115838,0.8213470121773973,1.183210590511141,1.134448843034536,0.9701175684339801,1.1578804164774577
2021-04-05,0.6181470505271986,0.7857875365307807,1.1902278894671388,1.1487634081956501,1.5736935018011502,1.1632745518926921
2021-04-06,0.6107596092737545,0.7746749096751182,1.2103676612572711,1.1654889316775379,1.664943935769573,1.1846160582801835
2021-04-07,0.6204817912130657,0.7980001493253035,1.2485287731965775,1.165395201994119,1.817905995313493,1.0310953504242901
2021-04-08,0.6126955156161255,0.8191937335448882,1.1156056573663033,1.1419052309379358,1.8662078370896171,1.0031657388403459
2021-04-09,0.6101107290589021,0.8041944060995188,1.1164363228286815,1.1186830652447048,1.860602081146193,0.9939894096862878
2021-04-10,0.6063081959719904,0.8086684202652709,1.115575995633251,1.0739056256704578,2.081175330057689,0.9996945673244313
2021-04-11,0.6051299605020007,0.7967187190454903,1.0841497244137963,0.9947433124341156,2.07678298503738,1.1254836041894174
2021-04-12,0.557185844653254,0.7459386544431594,1.1396404738747423,0.9896199453949248,2.0828985065644847,1.0601522387488813
2021-04-13,0.5802796331606486,0.7670567853462721,1.1687871565650967,0.9740330672016203,2.1363760301667662,1.4172495108939227
2021-04-14,0.5389000316126954,0.773384696395754,1.1542931182342484,0.9855800743303443,2.1294728470655313,1.6304390532198965
2021-04-15,0.5345724955555099,0.7772930218300647,1.162529093602888,0.9679640470732852,2.1525971515146076,2.1045508845279315
2021-04-16,0.5341139430046964,0.7951824783096585,1.2006930836423568,1.0483718158986237,2.233483292070325,3.1023024994601855
2021-04-17,0.5342169165047237,0.8077331345480334,1.1862703531518386,1.0543980048277684,2.234473529536701,3.2896391344477993
2021-04-18,0.5836083317022077,0.8218201276436818,1.2255145483937262,1.3524907753027535,2.2743653673269724,3.2981872939413748
2021-04-19,0.5842255119338478,0.8337323353084469,1.2274705996022595,1.3632683073278873,2.2847383250239544,3.352587349448066
2021-04-20,0.5851365145395135,0.8647359875721796,1.3054135363369685,1.3637615628764888,2.2794698530070643,3.520672914603093
2021-04-21,0.57270564613171,0.8293706585570123,1.3351507676878833,1.3636387993177217,2.3063192578043856,3.517424614043844
2021-04-22,0.5887011924300782,0.826746953232221,1.376905680661177,1.4374239510293043,2.3571146074283926,3.586878934881139
2021-04-23,0.5749328990999578,0.7982297910816858,1.366161526460075,1.437036416556607,2.2859883278198163,3.589175350196486
2021-04-24,0.5757051464130494,0.8459452136392691,1.364066536359479,1.4190847972120273,2.3340838047415966,3.5841440795253794
2021-04-25,0.5186861079024583,0.830579395502587,1.3458891153640902,1.4368191593260033,2.3214905352585,3.6110191614673357
2021-04-26,0.6221728162687493,0.8728789051540716,1.347394498387971,1.4693062626071427,2.4774166549594225,3.6087885328956073
2021-04-27,0.6259378173209337,0.8767095102181608,1.3502726427546345,1.4624306611310744,2.474396749916545,3.60527663722721
2021-04-28,0.614368351342253,0.8527113223475081,1.3559786864851768,1.461260363151147,2.4841721840735644,3.623900218731612
2021-04-29,0.6143647891629682,0.8535116897581749,1.3166457435529,1.487653023104138,2.4809602995136695,3.641184776734657
2021-04-30,0.6713124389287134,0.8476335206729573,1.3046581614411,1.4888295656515043,2.5063181648664017,3.6372650727269926
2021-05-01,0.6713659808337408,0.8631133610835049,1.2772420505700814,1.539531048224901,2.503592680383993,3.6378726843370384
2021-05-02,0.6750453905808652,0.8288257797702296,1.2782628998834662,1.5706086517495323,2.5218380862812184,3.6242860909455863
2021-05-03,0.6665364391834508,0.9232636301069373,1.2712110774121599,1.5358909639905334,2.5088068842977935,3.6234667318638327
2021-05-04,0.707846029118967,0.9580030679213029,1.331090842314149,1.568427981046157,2.549552901747503,3.648811044350206
2021-05-05,0.7581613140130045,0.9882682655870211,1.3360860848860274,1.5603861233857357,2.2846733474472307,3.670554122322175
2021-05-06,0.7578243381227264,0.991464951557592,1.3187157808532652,1.554322522587763,2.2103937860334826,3.734946255437736
2021-05-07,0.7493876905212722,0.9404294978416757,1.2865389223115886,1.550206995070399,2.1008702176909724,3.701438159095788
2021-05-08,0.7437794984837789,0.9919583186109057,1.2452065087299227,1.5559986999657036,2.0540623964666254,3.7429070658629042
2021-05-09,0.7447706419151063,0.9890559439469481,1.2225849419276078,1.5639580442209238,2.0490152644165116,3.7903276079527513
2021-05-10,0.7522615830516814,0.9898158718568033,1.2366033939953753,1.5654534976844436,1.8055983375099331,3.9402626331916566
2021-05-11,0.7544548832956425,0.9964174538578153,1.1990847678694692,1.565477362955389,1.8168831938503474,3.928410840010855
2021-05-12,0.8815594640119648,1.0636992131972887,1.2042015100420238,1.5696732050588889,1.871416299048498,4.043003184179757
2021-05-13,0.8489415018339362,1.0580188853973114,1.1800584096033504,1.5819666958559206,1.7418771988655566,4.0019807503506595
2021-05-14,0.8498881107408992,1.0818796549568226,1.1940419988971636,1.5729896480619074,1.7430133295569181,3.9498071335753875
2021-05-15,0.8708271205933794,1.1686226476001196,1.2176806833907872,1.5680331140717478,1.7560085768861888,3.764830099804831
2021-05-16,0.8680719402451897,1.1603087033849313,1.19466636130927,1.5307909739201229,1.7028334612570566,2.9130980504367257
2021-05-17,0.8882300585377388,1.196211443594474,1.2444453051796054,1.5269565289555436,1.70658156463426,2.75757226508983
2021-05-18,0.8655237636299971,1.1849020033207367,1.2215449171618287,1.3827889216990767,1.6894265448571029,2.7297528544461627
2021-05-19,1.0045669306359097,1.668186897951326,1.8926849557165824,2.191808598244662,2.2063190105913364,2.9124825919649564
2021-05-20,1.0760465024534456,1.7051594063956557,1.8974649570867979,2.340378065027122,2.2335065747691014,2.8489091393369517
2021-05-21,1.0989639713377506,1.7694233156766481,1.9761698891468145,2.392142651241774,2.2866838783676595,2.872312250086196
2021-05-22,1.095998243139354,1.7800315497722419,1.9803506827544242,2.4347906826134107,2.2835833091639373,2.8167082428452708
2021-05-23,1.1205038124719615,1.8066665275638136,2.0130743516567167,2.5661649831274946,2.3251669664926378,2.8420454477995727
2021-05-24,1.2026642305996313,1.971663871952333,2.272220153685227,2.7021566277903193,2.444674080705225,2.89434624124487
2021-05-25,1.2020581198756632,1.9668811026576034,2.27005257267949,2.643958955286685,2.445100385700752,2.8896435172827006
2021-05-26,1.1485882801168867,1.9563269358528466,2.290880390738413,2.708576362011028,2.243996030851793,2.8800980666514135
2021-05-27,1.1439868774022268,1.9578475846000856,2.2764017498978846,2.712286820683458,2.245724836204777,2.8885761741198475
2021-05-28,1.165890615158571,2.005460970142588,2.304325566749888,2.75213941596941,2.2578140545850185,2.8382385935146552
2021-05-29,1.166742095458612,2.0135462790219827,2.2933526055811635,2.75269714872489,2.262814471412798,2.8324508523592935
2021-05-30,1.1336505379796924,2.0214781810858455,2.304438365297525,2.759076695603922,2.2275879126765368,2.808416814150632
2021-05-31,1.1515866670932537,2.0607297954714903,2.331995971151445,2.7496009997691004,2.288794909766619,2.7711219289041966
2021-06-01,1.151333622955346,2.0623441789298154,2.3359263121327087,2.7494959968565222,2.2846389598267005,2.806242323062598
2021-06-02,1.155823269253254,1.9890406349528147,2.3471069735049457,2.774966188210061,2.2863878853800674,2.7850091790206877
2021-06-03,1.1532217469156376,1.9921544224400052,2.3425423183984355,2.8214415291785757,2.260466902875022,2.6945335122346825
2021-06-04,1.1237867186226136,1.975102525709061,2.3413451452751244,2.820609554426669,2.195831707179529,2.596945132872279
2021-06-05,1.1262593640586605,1.975726182926851,2.341681342910285,2.82796280501036,2.1980875196529546,2.5718483890622976
2021-06-06,1.1237064553646192,1.9808103211999848,2.343372247157428,2.837231306946338,2.203446620228043,2.4833933698867576
2021-06-07,1.1255775374594177,1.9321082944983956,2.352356863692008,2.849938185656053,2.2196846603347558,2.496488090154334
2021-06-08,1.1262362322196364,1.9322447732996237,2.3471771098741923,2.862702863644553,2.2226329168326635,2.476044996801749
2021-06-09,1.2124471973812592,1.9406403851911143,2.3632132933766936,2.8613209159431943,2.2175719662365623,2.359015296647627
2021-06-10,1.2081866027713004,1.9289042948206967,2.3507425452607325,2.8587019527434063,2.206108182385114,2.3355785410487466
2021-06-11,1.1347724221218811,1.9157724419512634,2.322548878794594,2.8917791298136777,2.1520162011783164,2.2011709865761215
2021-06-12,1.1423655203307939,1.916958649451388,2.321488462626792,2.8849578078916687,2.1297427978615318,2.038962003343462
2021-06-13,1.1983944189578752,1.8962612593790475,2.3249779335852896,2.889556522979183,2.141089486123668,1.9767600084408186
2021-06-14,1.191346228263902,1.870554758984586,2.319678711640235,2.8903112662758983,2.124539060786068,1.959079303222616
2021-06-15,1.191421280982841,1.8704485359524763,2.319046752743947,2.8767386609659407,2.12453326402947,1.9572122798672873
2021-06-16,1.1814572149681788,1.8631806702627876,2.3044957725329076,2.8769603786329982,2.1188795233818456,1.9547635459195976
2021-06-17,1.1807446285541245,1.8586294984678813,2.306681857226197,2.7972153359106566,2.102145500139983,1.9547960120759285
2021-06-18,1.0696878930325044,1.4903009403938752,1.793563540155385,2.2690457785576164,1.5809233067770798,1.490310017410637
2021-06-19,1.0068245540936729,1.4173979126972862,1.7037506133171607,2.1061012876879137,1.5266080990045872,1.3209248528741362
2021-06-20,0.9648993766559097,1.3545940550355382,1.5803659909004935,2.0578829671029792,1.4391655564253678,1.276704602586824
2021-06-21,1.0475897632400901,1.4696899359125015,1.744236977786472,2.1489468327591754,1.6246028206504803,2.0026780002715663
2021-06-22,1.0208000559270711,1.4381643529154138,1.677778295479135,1.9739665749150288,1.5974042507899773,1.9984032679867663
2021-06-23,0.9437610509744618,1.1728254479800677,1.4118157072464657,1.83265358109657,1.4724301857343118,2.0369701578119184
2021-06-24,0.9504891025060074,1.1699215683094037,1.4208769035324758,1.82524942287189,1.49116543702614,2.0817244434036786
2021-06-25,0.9948531186379413,1.174252361656724,1.4046032118534186,1.7461934019730256,1.4976302062638742,2.105439871866566
2021-06-26,0.9990961161634971,1.1708356151641806,1.4036360266626664,1.745864146613046,1.4933363480935773,2.106327737718048
2021-06-27,1.0006842459534937,1.1389074286207825,1.3577361465702449,1.680650707215268,1.4909320985655274,2.1141144859665513
2021-06-28,0.9953395581658127,1.1406083267474256,1.333368774079534,1.669667031930656,1.47166016436675,2.114253096965343
2021-06-29,1.0000599842651006,1.136666319766309,1.3189826574533745,1.6665185848245756,1.4770306218170626,2.1168614618325106
2021-06-30,0.9906787873942391,1.055892784648115,1.2843842235290766,1.6060057925543703,1.3788523844745408,2.0994670391307024
2021-07-01,1.0010383578780078,1.0828899204913054,1.2910673140882114,1.6100918489117333,1.3917554224516895,2.043252755757971
2021-07-02,0.9973489185043752,1.081232960921843,1.228735752310612,1.5776068012343105,1.3886851417231236,1.973517306502595
2021-07-03,0.9885900423679153,1.0684836168238032,1.2109203352636673,1.479884433451872,1.3908556519164785,1.9706212097026543
2021-07-04,0.967487137696376,1.065318778401416,1.1843427043396262,1.466925622793011,1.3822753785322845,1.964040822776167
2021-07-05,0.9726001136380992,1.0783803267174998,1.184651448629927,1.4548687543387424,1.3889888173622045,1.9717953384210942
2021-07-06,0.9739285385486234,1.0922108035688767,1.2055776092777537,1.4430441199178912,1.3867997440310538,1.9736284439289993
2021-07-07,0.9476371466418393,1.0826209260014994,1.166587503029175,1.4273262561879114,1.354952154791297,1.9447958013230322
2021-07-08,0.9532163939290988,1.1199312557285765,1.1797326561192518,1.4403627501169969,1.359089838477674,1.9582559503950394
2021-07-09,0.8675977263626796,1.1101851278356014,1.1586047937040311,1.4380185433997976,1.344883936537622,1.9618551204048906
2021-07-10,0.8659979922570751,1.0972755348006458,1.1386997550364768,1.444744884603559,1.334445453523951,1.9580457914994813
2021-07-11,0.8675262372051055,1.087868980846729,1.1401408587795188,1.3805317393629546,1.3373693113311333,1.9595957370196615
2021-07-12,0.8593932185019083,1.1004184057853994,1.1415534406114176,1.3870050469172388,1.33711258132991,1.96150951346205
2021-07-13,0.7872506168365876,1.0859187215651895,1.1188704435241965,1.376675686714876,1.314228210902433,1.9546139593786194
2021-07-14,0.7722682821986236,1.0857481035888803,1.1173995689622354,1.4022167006473794,1.3130339752111861,1.9521712065497596
2021-07-15,0.7760699510960307,1.0905615782380478,1.1213505623516138,1.4340427810553513,1.314557141225148,1.9590574323825263
2021-07-16,0.7645111941643037,1.0686134118215989,1.1158369133028656,1.454534702366304,1.3107024876745061,1.9676003152031654
2021-07-17,0.765475318752889,1.0703821933494153,1.1133847516015616,1.4593052163869658,1.3079973496213742,2.0008565804190117
2021-07-18,0.7403940090419651,1.0531588112964878,1.1043935663672095,1.4475530414122098,1.3006897127566304,1.9992978707853464
2021-07-19,0.7457494452947845,1.0559079567792191,1.1313114399176465,1.4657497975284668,1.301327633046347,2.0015352171404106
2021-07-20,0.7523476529999843,1.045896520078763,1.143594624945298,1.4687694663885023,1.304503504309777,2.0015371313416637
2021-07-21,0.6885260968285524,0.9427707352727498,0.9102510142133584,1.1973200915633355,1.045429074340382,1.3057891137364888
2021-07-22,0.6815289767528007,0.9435747718368652,0.901446537593259,1.2032783374377298,0.9852674618972121,1.286048172006813
2021-07-23,0.6854257783372945,0.9446848431003101,0.796299879547477,1.1085060384581733,0.8254523915192195,1.0499935921968027
2021-07-24,0.6808413012095901,0.9485010383311303,0.7833145805389576,1.1078346750689625,0.8016008654707917,0.9542075086305203
2021-07-25,0.6020016245807618,0.8797481937365164,0.7066626448628975,1.0696636663826005,0.7275797723925398,0.8909395300377005
2021-07-26,0.6214083480621105,0.8804153622827191,0.706293640543912,1.0614359066321348,0.7331593592043307,0.8875571652778563
2021-07-27,0.6036545753533467,0.8449187811428036,0.701295917418761,1.0280803243584136,0.7208671274032372,0.8428114964082789
2021-07-28,0.6034372844480786,0.8290200729511745,0.701040027354117,1.0188156332129852,0.8463582429729493,0.8400416410349544
2021-07-29,0.5899899561172826,0.8274706330082258,0.6909632181434915,1.095201433238236,0.7885882391658394,0.8322068065777729
2021-07-30,0.6055691877697845,0.8174449210968268,0.6925907566109669,1.0907061166305145,0.7886007083982839,0.8304563568029933
2021-07-31,0.5837192946685227,0.7688618644354577,0.6673969024932258,1.1573737553189438,0.7468179933689457,0.8213124481742189
2021-08-01,0.6061209598987557,0.7667495805599095,0.6672518344706191,1.185066748416707,0.7554676898727198,0.8213226856461142
2021-08-02,0.6067631873006528,0.7620934803772176,0.6577380130694814,1.1883368376808257,0.7529904039068601,0.8203127893831689
2021-08-03,0.6125580021105309,0.764756838389092,0.6554734041729949,1.1925042437574984,0.7553415291520045,0.8259427045515552
2021-08-04,0.5988155022535204,0.7837412112948184,0.6610228516567034,1.1943372762619413,0.7214788247197395,0.8080682459232225
2021-08-05,0.6031250259837523,0.7716555496518133,0.6320707294474679,1.196089890420212,0.7195232653431879,0.805562691224379
2021-08-06,0.6167720950881629,0.7729037359112163,0.6286528568464649,1.188138376420532,0.7171131056660057,0.7965543943878285
2021-08-07,0.6112141567705801,0.7396468988799829,0.6084748071663352,1.1279376887315133,0.7478096942071684,1.138758237574191
2021-08-08,0.6150617486791163,0.7700661036922981,0.6254137807435327,1.1430005954267106,0.770425045986018,1.1696897653586305
2021-08-09,0.6318154526612997,0.7734650229252011,0.6357989386844437,1.128471796239364,0.7773993696398066,1.1839596822241334
2021-08-10,0.6363934469132968,0.7764242530863759,0.6527756884991494,1.1384268029803317,0.7847184344737789,1.1838636522077393
2021-08-11,0.6175370794876184,0.7408323290379095,0.6653523425463649,1.1235672068794325,0.9622540862411981,1.1749158189855495
2021-08-12,0.6254673453219414,0.7320330978287073,0.6608296506231511,1.1025064026811737,0.9797532754466356,1.1636907648689139
2021-08-13,0.6628586840348935,0.7728527522189126,0.6882283282617382,1.1127175656087724,1.0454244788265405,1.1883003394233056
2021-08-14,0.6537319349525226,0.7575842697986213,0.6886294144581797,1.0503676021040558,1.1356554850300802,1.156345915649838
2021-08-15,0.6478983598102094,0.7436386885440701,0.6633387610081718,1.1627523293078939,1.1293685888804252,1.1941398502614093
2021-08-16,0.6597094872160129,0.7811387877338636,0.6605188282719205,1.2396419976889803,1.1814213147086907,1.2070031393559875
2021-08-17,0.6736099389169286,0.806349147511762,0.6786684542116524,1.2340749760481373,1.2315929970591115,1.2301086309063964
2021-08-18,0.658334669535001,0.7838245165934269,0.6150457647104247,1.2070014674571332,1.2048226218307252,1.210145884088367
2021-08-19,0.6452193090761099,0.7840969745864022,0.6121397500593289,1.1798308392966603,1.1857684859161963,1.2065126239586905
2021-08-20,0.6226445602996136,0.7129118794821031,0.5435244928597471,1.1430960663493475,1.1715847831542896,1.16260928173197
2021-08-21,0.6276303616663476,0.7235762780055954,0.5503362569638439,1.1946493879661824,1.1923898337669632,1.1754784016256055
2021-08-22,0.6201693285726649,0.7148018980488212,0.5521368722844046,1.2056761134518075,1.1935017729174342,1.178166285526747
2021-08-23,0.6203755000442569,0.7141989849360878,0.6395240901979247,1.201711775046121,1.190620516942374,1.1781767913171861
2021-08-24,0.6393702204461815,0.7438191533650312,0.6876822235435711,1.244282872584578,1.2556578648328565,1.2413978184470393
2021-08-25,0.6251363784418692,0.7438408830595674,0.7082274217880062,1.2392832238361717,1.2562219583308893,1.2401034598663279
2021-08-26,0.6265696827978978,0.7641752366706971,0.7446112175370061,1.2334417318335185,1.3145498298411993,1.2866038590985835
2021-08-27,0.6419625983625682,0.7804346242131808,0.7461350546010986,1.3017914161598703,1.2945416781140662,1.3185649794324594
2021-08-28,0.6425473312330459,0.7789821667619784,0.754361712493597,1.2867359081099852,1.3086819896570234,1.3252862297395207
2021-08-29,0.6207344003306944,0.7768329015320744,0.760400399153192,1.3027781850310345,1.3098797759358713,1.3288731353512073
2021-08-30,0.6332667449486841,0.7742050407989419,0.7810044776783337,1.3329194126860127,1.31945749107129,1.3360524369287199
2021-08-31,0.6132044638590928,0.7950571044064605,0.7802240112665603,1.2893847218815544,1.32726155583032,1.333556383718387
2021-09-01,0.6159676224913083,0.8678047187733222,0.7913031707035207,1.2674026589629668,1.3301967800090941,1.341997158370642
2021-09-02,0.6052708459980808,0.8526039624812429,0.7864892331434058,1.3197899617598612,1.3176234390727517,1.331766174371135
2021-09-03,0.5958260430284502,0.8215550216285609,0.7828762727525959,1.355346483517165,1.3180236277871167,1.3312662423782577
2021-09-04,0.5919335238805838,0.8213616307057664,0.7830628465117,1.399312351405569,1.3271424437738113,1.330099031976379
2021-09-05,0.5836654383116988,0.8205200296821198,0.7830747328535149,1.400494509807555,1.329621151191475,1.3359039544311262
2021-09-06,0.5726652676014772,0.7715942975877652,0.7839353659687758,1.43555018384399,1.3149796398022056,1.0456313566416864
2021-09-07,0.7107460440664648,0.896945678103109,0.9919963293411961,1.3943507108711521,1.5177281138709966,1.2114233491711235
2021-09-08,0.688035093941093,0.8846096170456319,0.9876897228061998,1.4001645260055169,1.5179707734107764,1.1900830196862777
2021-09-09,0.6865217677872664,0.8882911616943117,0.9761004292817643,1.421155272933465,1.5155743955016192,1.1913380210850844
2021-09-10,0.6969518185759856,0.9192871188854012,0.9783127263619625,1.4577031313672706,1.4004585262759768,1.200019347307106
2021-09-11,0.6918462728680067,0.9110759656710431,0.9772857138915899,1.453079134344362,1.3919551541187882,1.2003924402900106
2021-09-12,0.643428006087106,0.8707348803699624,0.95673890216638,1.4699129735929748,1.3321879310114861,1.1700363790975474
2021-09-13,0.6464253259420624,0.8776348106066569,0.9681267182777002,1.4768483679947562,1.2122993655803649,1.1800349226845803
2021-09-14,0.6683688393743584,0.8900453075568644,0.9761846835500697,1.4244061888029396,1.2182976434944366,1.0507110506847974
2021-09-15,0.6668822036227218,0.8866357336103577,0.9861634680403801,1.3719130437925677,1.1914135196321531,1.0437530904339467
2021-09-16,0.6601082622285899,0.8717795608223681,0.9801080863377033,1.3953637059418242,1.1644776695425585,1.025113689763055
2021-09-17,0.6612822851297709,0.8918014537162917,0.9909093758930115,1.3660121173743855,1.157453464763069,1.022583650158161
2021-09-18,0.6466791595740098,0.8732941133442054,0.9442672856613289,1.4189393111988884,1.1224097754402114,1.0046232107328503
2021-09-19,0.6230060867803958,0.874869484463283,0.9231635100060271,1.4775317027585115,1.1202193506611196,0.9983598002713922
2021-09-20,0.7010121945001871,0.9565311901803643,1.0018611084848645,1.5556700763273559,1.1949485854300523,1.0551346611333194
2021-09-21,0.7207766843522686,0.9875144486719554,1.0156991298789806,1.580176627544847,1.2025844994373927,1.0579285766143325
2021-09-22,0.7637986491300873,1.057337240333792,1.001020759547888,1.6714192369907366,1.307560459088092,1.1432375792522065
2021-09-23,0.7631499995921698,1.0491356146383364,0.9886183608704642,1.638625671394204,1.2705979301228525,1.1020377474096514
2021-09-24,0.7713078154952082,1.0775964368021347,0.983092768779254,1.6751956408405384,1.2773034796676437,1.1205600445298818
2021-09-25,0.7577020559658426,1.068334559691327,0.9728557350808936,1.6808259813358475,1.2408574629183933,1.087550318767109
2021-09-26,0.7384937310935691,1.061640019461747,0.9598277754309216,1.6034506864852047,1.1751350007277144,1.024880065453857
2021-09-27,0.7416026635433718,1.071763191403846,0.9607549785278687,1.5805559763853179,1.1710739456193517,1.024353969983789
2021-09-28,0.7454864671992864,1.0802100750414227,0.9608957872887544,1.5835310816532633,1.174174019443566,1.0242379947432398
2021-09-29,0.7390649266350248,1.082425217781783,1.0296954282527795,1.4947923816299917,1.1800870932295886,1.0245880601356356
2021-09-30,0.7661129345810934,1.0764008209861158,1.0496243446646167,1.4975286692183032,1.1509381174445128,1.0267969003387853
2021-10-01,0.8271366658681254,1.0615730151698148,1.076534377787466,1.559025852717357,1.1876251534059723,1.0559209272356056
2021-10-02,0.8271539680145997,1.0658030134128793,1.0780784941852681,1.487372714125144,1.185554738620134,1.0556774534265176
2021-10-03,0.8264024250465479,1.0555032364858883,1.0777813175030693,1.4207091116371962,1.1820095798772654,1.0580781975386448
2021-10-04,0.8300361960075487,1.0551676722958894,1.074747623611514,1.41265946047852,1.1796565804706296,1.1063925265206151
2021-10-05,0.8352199044668123,1.0628940006489767,1.0825468287035613,1.4133272437498086,1.1785331632934335,1.1016853133203133
2021-10-06,0.8706622454249288,1.065301815047936,1.0824066297458665,1.3402494200631396,1.1535360422321868,1.1027322433814897
2021-10-07,0.7678759322675381,0.9550804082502844,0.903718524232625,1.3246280957473477,0.9034819401033606,0.8924714579190449
2021-10-08,0.7637480825845958,0.9534526203564949,0.9176431743794522,1.280618032169902,0.8991980004807667,0.892418085030019
2021-10-09,0.7650782000011557,0.950165068064049,0.9163909406124155,1.2803095546979897,0.9491796263555666,0.891758828806367
2021-10-10,0.7529152309449796,0.9354753900790358,0.9130571088556502,1.28760017819494,0.9463676017332154,0.912085618668478
2021-10-11,0.7681182505519791,0.9417674417324269,0.9157395518166008,1.2882611987826116,0.9437270527188781,0.9127366049039515
2021-10-12,0.7760825661505156,0.9331510679292485,0.9454758293661962,1.3016785947191842,0.9420746554177784,0.9044913126367764
2021-10-13,0.7704758862585691,0.9300048575819018,0.9510000919203176,1.3018634371353428,0.9285920182046671,0.8878154840279597
2021-10-14,0.7578988383303925,0.9330973239445767,0.9440220087308192,1.2846849155507045,0.9233259925573416,0.8846998160062443
2021-10-15,0.7909887485498298,0.9195076984696787,0.9351356313163461,1.319268464779624,0.9205104064796401,0.8786441606362022
2021-10-16,0.7924748994612391,0.9190278208448773,0.9357288004496873,1.316770556496756,0.9152665895522571,0.8766128162029234
2021-10-17,0.7900371226197597,0.900678368986358,0.9213242606764371,1.3124310094868912,0.9208337643184641,0.8763673505900389
2021-10-18,0.7888510141908349,0.9067481830135564,0.9251191731843689,1.2213994874901597,0.9212852714284019,0.8872418098768915
2021-10-19,0.7867031543115076,0.9044701220821908,0.924321808173241,1.1675139455361314,0.9169769389780654,0.878712028905136
2021-10-20,0.6928555837028326,0.8289425738823262,0.8163006409281539,1.132068827757929,0.801640052512209,0.7867812094961596
2021-10-21,0.6992117507697093,0.7831903829681229,0.8237121013051851,1.12049531688229,0.8000249198922155,0.7965832149068363
2021-10-22,0.6850983402687062,0.7137576440743376,0.764866074079534,0.9620885636657529,0.647317854479831,0.7014380700915525
2021-10-23,0.6817223345814305,0.7249981653831785,0.7649434869153926,0.9620382443448063,0.6471467395116882,0.7060711947496117
2021-10-24,0.6531868985471239,0.670044842412789,0.7089133270139187,0.9138557013377323,0.6094351492536006,0.7186765266910973
2021-10-25,0.6561685990372824,0.6725796203146505,0.703767305114061,0.9087739304665957,0.6091097630693161,0.7368167445417263
2021-10-26,0.6862744800541283,0.671014058233446,0.703008659648014,0.9329377500379328,0.6094671585399375,0.7477626125684521
2021-10-27,0.6923331783675604,0.6789792209661193,0.7396192953450909,0.9875141396922835,0.7192373307730894,0.7907274740825336
2021-10-28,0.6839562589710966,0.7060130066592403,0.7901173642417847,0.9895077203764026,0.7362778540570092,1.1096296614742438
2021-10-29,0.685764395594542,0.7083093089871426,0.761138759637033,0.9898424653617491,0.7301614416541329,1.125046142741566
2021-10-30,0.673172152245501,0.7066498255045827,0.7488916401467763,0.9913444144087057,0.7254732673926046,1.1585831382048755
2021-10-31,0.6069782978618256,0.6378876517108015,0.7018894614343619,0.8922334113054209,0.6631244597012093,1.1307664995578335
2021-11-01,0.605524272636425,0.6357050903594081,0.7170952184229026,0.8819847065149454,0.6668043879211067,1.1349826652664823
2021-11-02,0.6138550479879866,0.661703619834529,0.7171645652185347,0.9169431150525724,0.6770502537504989,1.1346503594835833
2021-11-03,0.6142039795377264,0.6586457503586804,0.7162842477856949,0.9542772270626536,0.7079974219659372,1.1023820692942017
2021-11-04,0.6096547556554537,0.6570662256227474,0.7154416270105789,0.9490603849551308,0.6985261543851932,1.09724357690653
2021-11-05,0.5623463916443437,0.6604811308673858,0.7564655845808814,0.9283273900014576,0.7111109052433237,1.0972935743851229
2021-11-06,0.551123655640355,0.6603672275169178,0.7676890209116942,0.9644177596756365,0.7107769369876097,1.0844669519240548
2021-11-07,0.5576399227651588,0.659742538433463,0.739257930644079,0.9798689952755132,0.7361482001302786,1.0856810922047802
2021-11-08,0.5939826557266675,0.6692526253396742,0.7393199859037594,0.9776395429098995,0.6934027527604678,1.101493357285487
2021-11-09,0.5949428798267707,0.6454495201376071,0.726785679656196,0.957972287303496,0.6922142878352768,1.0710579579983903
2021-11-10,0.5879742380482439,0.6483998611311489,0.745628007837552,0.961062954765311,0.7212861088643225,1.10245382812328
2021-11-11,0.5783803500913902,0.6437823728580535,0.7153857718857838,0.9539050948926653,0.7142658552809291,1.0999860097477472
2021-11-12,0.5763281798709418,0.6426408409936224,0.6966801756978505,0.9501108490594659,0.7156376464805236,1.0970815154899904
2021-11-13,0.5761437837752367,0.6266983102292889,0.702132897209687,0.960953797061255,0.71552318384291,1.097069352055704
2021-11-14,0.5228466999955877,0.6257610136409442,0.7023802104844833,0.933260989219337,0.7153332669540008,1.097051540282182
2021-11-15,0.5319886445892182,0.6270162218241121,0.707057556496253,0.918885657933029,0.7167525140803143,1.1006515452266152
2021-11-16,0.5688613246464068,0.6960231206907882,0.7654399588782609,0.9798242675813216,0.7537629577142805,1.1391570000350646
2021-11-17,0.568380847609033,0.6894545816253923,0.7663569652911475,0.9749668331278041,0.7531762172740246,1.1302410781899974
2021-11-18,0.5869733887258148,0.7277700934118359,0.8270203905559403,1.0692418328663753,0.7737379317473376,1.1570587977150109
2021-11-19,0.5832948134385285,0.729171707974923,0.8760668153079889,1.0347225546350538,0.7713467272654407,1.1653839385093652
2021-11-20,0.5585136591277274,0.7276751723304049,0.84895640665356,1.0050356697329244,0.7509394555049255,1.1530513481497595
2021-11-21,0.5557130302491404,0.7357041419150456,0.860936375198917,1.0183449828713673,0.7619691249036753,1.1575216299163629
2021-11-22,0.5714402030303043,0.7319328901909815,0.8778459908051484,1.0489982906647028,0.7647072586273174,1.1556540103930497
2021-11-23,0.5780958139615451,0.7580210690282564,0.8902939540679251,1.0506436935076449,0.7715684081507436,1.1093744821241784
2021-11-24,0.5619352661239382,0.7520123575842083,0.8896747946492399,1.0776694425625908,0.7778154196072407,1.1111114956855381
2021-11-25,0.5541205422373198,0.7739036593914372,0.9214611519367986,1.066153668501161,0.7777162945253063,1.109325094115313
2021-11-26,0.6324513769896787,0.8536773361033921,0.945124414633804,1.0734792392356578,0.7747804353738384,1.1253547954367797
2021-11-27,0.6214478326051768,0.7945724534559081,0.8980285836467572,1.0542113223700689,0.7413047652879792,0.7411899879991977
2021-11-28,0.6359321392940114,0.8053667969203286,0.86478526838238,1.0601892695878568,0.7420379789466407,0.7395396541328347
2021-11-29,0.6370368894749987,0.8107514990445979,0.8657317558396942,1.0581569816560932,0.7470497517216171,0.7268543794837768
2021-11-30,0.6380196692406684,0.8218249109735019,0.8649320632176836,1.0541636200068583,0.7411306115642501,0.7068277935610995
2021-12-01,0.6382555860931582,0.8228200298077863,0.8503801530437932,1.1062788181935423,0.7391978476953258,0.7051212490592154
2021-12-02,0.6230725140977896,0.796924184569289,0.8523025183230106,1.073270998693306,0.7249410994990562,0.7033165392798746
2021-12-03,0.6457152613063339,0.8304327262617363,0.8626122983256066,1.0717325634386354,0.6989073796500059,0.7150721039479027
2021-12-04,0.7028943160833775,0.8324559338375137,0.8758100530408002,1.082355297457713,0.7490007821749898,0.8037996379821174
2021-12-05,0.7042151798553933,0.8352268590267488,0.8253501145684276,1.07473764150656,0.7556990977831494,0.8088370329758277
2021-12-06,0.7089265393033802,0.8445558167575651,0.8278026304317094,1.0166798161170065,0.7670019656571351,0.8260232613768013
2021-12-07,0.6982605379819387,0.8412207443694604,0.8252503430195499,1.013182160305384,0.7253102258628696,0.8190035149982673
2021-12-08,0.6479491453192171,0.8345541762555593,0.8444013342447989,1.0193014804020608,0.7326643465100134,0.7866355741335228
2021-12-09,0.6709730108976734,0.8736930779150746,0.8659035269716767,1.0385370746156752,0.7329384724840149,0.7985599999982831
2021-12-10,0.6671519517748945,0.8872291952139202,0.8651636821530476,1.0653606635384913,0.7471075481544488,0.7771127879229087
2021-12-11,0.695966211049789,0.9028845667253852,0.864654518142191,1.0733242996593813,0.7697221830858979,0.7825801436802796
2021-12-12,0.7003096466953628,0.9039694806565196,0.8659900754885103,1.0736232969587005,0.7701582680787502,0.7847320844648541
2021-12-13,0.7301923112038963,0.9502619321230298,0.9057616651434256,1.0996103219190556,0.7958916980098295,0.8092405779629606
2021-12-14,0.7407866630308814,0.9548975120433674,0.9081508201807702,1.1150487776717315,0.8136213832149582,1.0915000425213532
2021-12-15,0.7407982939229313,0.968146152138833,0.9116929619913652,1.1844723298066713,0.8213132229900135,1.101282162950392
2021-12-16,0.7226042829426099,0.9291776467943877,0.8818287010849971,1.1538073602663141,0.7913020726837299,1.0784298962987284
2021-12-17,0.7259887644855637,0.9284605303958521,0.8802783974641795,1.15355655386971,0.7889232767696347,1.0787774492178093
2021-12-18,0.7075482530559103,0.9000153982344532,0.8333698547019688,1.096154319393038,0.7914090366970074,1.0617817624539394
2021-12-19,0.7011162399376641,0.8617777602338337,0.7701612387529334,1.0345104131759189,0.7708540798097269,1.038494511634446
2021-12-20,0.6909923950699036,0.8555732877222565,0.7551529919937837,1.0371507293279645,0.7983268707254809,1.0377721090668346
2021-12-21,0.7107878341501281,0.850751470975847,0.748808941411213,1.0209383549328266,0.8385409698144679,1.040703442873401
2021-12-22,0.6992957000633148,0.839292499914003,0.7360371985554985,0.9988014335908553,0.8371201831312042,1.0415892520295478
2021-12-23,0.7147463258392919,0.8193119534078317,0.7156037712443183,1.021204303976324,0.844080724407536,1.0654940651626088
2021-12-24,0.7147836197696946,0.819238679165932,0.716467316664713,0.9896095920580654,0.8887493596172752,1.0581338240340972
2021-12-25,0.7034324419883538,0.7921138111921849,0.6542849655843831,0.9880088643183771,0.8897398142680966,1.0601783351476537
2021-12-26,0.6290768575752829,0.6866730156806674,0.5882912752828645,0.9435070405051872,0.8112850562423484,1.0132129906430642
2021-12-27,0.6248419280897357,0.6853859858019026,0.5943106956208627,0.9443964534239524,0.8114380015004945,1.0114027517399566
2021-12-28,0.6357506569700535,0.6956991990265432,0.6157188148545985,0.9934969430283073,0.8571060797933666,1.0425377630056758
2021-12-29,0.6359928188018633,0.6947398378070291,0.6198426847252597,0.9975361246131678,0.8612450917545204,1.0356446646293818
2021-12-30,0.6396961237339942,0.6811489059850026,0.6215935131829966,0.9945606855419411,0.8671727339047779,1.0395451010951602
2021-12-31,0.6401263791777343,0.6810941968582492,0.6200197976931553,0.9219519432565833,0.8672923205465415,1.0375651284667595
2022-01-01,0.6541255243046507,0.68898675171404,0.6331932974387854,0.9429298328633842,0.8725504080412685,1.040561538878223
2022-01-02,0.6322989039564698,0.6558772676764616,0.6212435664629347,0.8861063386154382,0.8555110344248742,1.0311264119591315
2022-01-03,0.560901975596089,0.6535298113319338,0.6145836747953969,0.8764337974524234,0.8075378287902651,0.9538221142943265
2022-01-04,0.5617159860037161,0.6494094637529623,0.6124422730229114,0.8751828360036316,0.7896047889758242,0.9446893583328986
2022-01-05,0.5820962149846856,0.6699740339843702,0.618129345408294,0.9148642971419184,0.8144744354010239,0.9549801904940538
2022-01-06,0.581513267969926,0.6790120586518379,0.6175997232218434,0.9170175448300305,0.8144413547684315,0.9553958935434879
2022-01-07,0.5909764089595756,0.6911867753781807,0.6053802241955162,0.9600402375478687,0.7899276088557924,0.9576549907592184
2022-01-08,0.5594648720990769,0.6558250043462011,0.5862073941960446,0.9517806491853853,0.7930276129691675,0.9426876560252557
2022-01-09,0.5600801321415018,0.6468227189983535,0.589348765365451,0.9170428352146001,0.7570242865936166,0.9379288267616138
2022-01-10,0.5297733019703632,0.6173297782697549,0.5856385216255888,0.9144806450645544,0.7360547391660082,0.944910776115977
2022-01-11,0.5341436227210429,0.6478520330486176,0.6740156757152955,0.9239684061014741,0.7521622463080567,0.9825924857384924
2022-01-12,0.49295426359171773,0.6010603673737539,0.63259918374147,0.895827292451053,0.722322656907513,0.9681398992785163
2022-01-13,0.484701652250046,0.6070933137041328,0.6353270028938929,0.8925641068068015,0.7238342980310404,0.7049930700600867
2022-01-14,0.48507923845894,0.5914985414737122,0.6392038509394624,0.8086003327108722,0.7204986725944312,0.7192806940272359
2022-01-15,0.47914055802401456,0.5920815651928386,0.6342940531196231,0.8106078721549839,0.716110323985172,0.7022672492731101
2022-01-16,0.4678879986228451,0.590864974490213,0.6353157219324204,0.8110984369348176,0.7152861569696524,0.7130977505122367
2022-01-17,0.46765705625696646,0.5965121425274654,0.6519271890563706,0.8123481414530572,0.705870394276196,0.7191502161173373
2022-01-18,0.4683005354980772,0.5972388644759051,0.6519517683837945,0.8146256201341325,0.7053018383378489,0.7265021047768713
2022-01-19,0.469537468416622,0.5983675905969097,0.6540486075007723,0.8188936691258721,0.6771870872373758,0.7289447343881735
2022-01-20,0.4448723279908958,0.5945053558558935,0.6699210450641506,0.8234198173701015,0.616682973513464,0.735980075594443
2022-01-21,0.573632426340083,0.7832345519470241,0.8072932421218245,0.917239159265512,0.7293818988982527,0.7932028743651502
2022-01-22,0.5465308179108566,0.7814521449026686,0.8188798167477785,1.0239456001726568,0.7231294605210107,0.7708106791672203
2022-01-23,0.5676447603762059,0.8177318021088371,0.8688698898105011,1.0556961804995024,0.716404077389711,0.8105767481876341
2022-01-24,0.5730772912380141,0.8158728210291607,0.8686204792818605,1.067889248678609,0.711096280284919,0.8051910847054866
2022-01-25,0.573345658702265,0.8200044812368741,0.8849214748633523,1.0710767722200918,0.7154644414018008,0.8234142182162228
2022-01-26,0.5728991711792113,0.8217883485612624,0.8725306332151478,1.0699669410516133,0.7137486280098752,0.8245265183057535
2022-01-27,0.5429936016861769,0.8048621242097759,0.8785240892266658,1.0369261303315345,0.6659641773612934,0.7869871208193823
2022-01-28,0.54608494685921,0.8273485368682888,0.8730774496875342,1.0459342479270053,0.6588660251473973,0.7809262288319888
2022-01-29,0.5450933743152359,0.827544885188215,0.8733414929658613,1.070365779704456,0.6503874623240095,0.7785844023766422
2022-01-30,0.5432792812051729,0.8285413913313834,0.8766245800769884,1.0708368760874087,0.6528450480574562,0.7822163802198691
2022-01-31,0.5312847870994876,0.8334737179466866,0.8642998830340142,1.0821054962236485,0.6538467249836594,0.7823008675800528
2022-02-01,0.533173288588514,0.8447918168333384,0.8719629925514635,1.160565153417488,0.657722786432003,0.7819062647363357
2022-02-02,0.5507916548260368,0.8504014046888353,0.8760972955904549,1.1782126409417106,0.665177267155702,0.7871692778636138
2022-02-03,0.5542549828414459,0.8505025926597947,0.8806793775583625,1.1795112056775872,0.6716662011244632,0.788480874636871
2022-02-04,0.6599974162787934,0.9184750221150049,0.8997304022574115,1.224162859428244,0.7013964524009633,0.8094382314089461
2022-02-05,0.6596127491054502,0.9114586851557753,0.91082727879101,1.2245235537760275,0.7035265001443203,0.8089997310744167
2022-02-06,0.653157426642826,0.8882118743261206,0.8957600637366581,1.1854550921865954,0.7090715730030477,0.8200964955312174
2022-02-07,0.6633469022141489,0.8838715318441898,0.8917839546616648,1.177229861528967,0.9929150060480258,0.851069403612161
2022-02-08,0.6633573313615404,0.8806100294305677,0.9137350590661364,1.1816002066925595,1.0073302384136258,0.8669831166889009
2022-02-09,0.6635811950400269,0.8879035709365839,0.9168105797706961,1.1776309718482183,1.0051089072767376,0.846548502835894
2022-02-10,0.6640067617788528,0.8912476374049156,0.8622599475480325,1.1906188326877694,1.0165450702199283,0.8302698311929669
2022-02-11,0.6632235539883762,0.8925257129610275,0.8461624546364822,1.1844955950767593,1.0515554776966303,0.8181865311299366
2022-02-12,0.6545196190118325,0.8836395279613688,0.8448154553623597,1.1824166122158017,1.079840036466867,0.7919043956046676
2022-02-13,0.6531951723098425,0.8804503517163913,0.8351186962289023,1.1830504960504298,1.0825723319452674,0.7585028671768455
2022-02-14,0.6545702653026093,0.884070656173702,0.836382509810361,1.1940778883628391,1.082595665378683,0.7572965382905054
2022-02-15,0.674432223796081,0.9346899327521822,0.8764800121926414,1.2480676984852095,1.1025489466765026,0.7639284310336542
2022-02-16,0.6725777987396176,0.9257791697161005,0.8629514384486536,1.2403963438455945,1.1015016530295334,0.7590838335113969
2022-02-17,0.7292483992357378,0.9617641461871278,0.8851397849369842,1.2648852829775907,1.1417269649521546,0.7891560272641129
2022-02-18,0.7285407781804805,0.9675227998656565,0.8835367190179532,1.263977519909865,1.1415900970510908,0.7874399300711507
2022-02-19,0.7241279758987963,0.9638073489391241,0.8698067285284031,1.2571769687958216,1.1476380736629495,0.7810381536274947
2022-02-20,0.6281757059929745,0.8126863961807664,0.7451192823139933,1.1849851686350859,1.0759449001547388,0.7231815503990162
2022-02-21,0.6267197240512946,0.7842391680538818,0.7407282003589265,1.0699879398342675,1.1134393524932675,0.7233918017203513
2022-02-22,0.6264640796900006,0.7692183204073695,0.7197305544330835,1.0617089445688068,1.1037316136512905,0.692346364153577
2022-02-23,0.6327714053776557,0.7594039050332355,0.7149301049388763,1.026673484667329,1.1067201141705931,0.6916536338577424
2022-02-24,0.6398090084542556,0.7592617837592711,0.7032688985215648,1.0404732181018364,1.1066473506156929,0.679727267015423
2022-02-25,0.6439560353865975,0.7898787227680772,0.7108379781105197,1.0448105948941384,1.1566236924591076,0.6887199793675257
2022-02-26,0.6435959926820962,0.7866598156252892,0.6970214924496866,1.0442582524871493,1.159085415741306,0.6882058458961513
2022-02-27,0.6555080676874033,0.8014999476912704,0.7074917179621845,1.0573836757492496,1.1705183463676483,0.698233241352315
2022-02-28,0.8074083207676377,0.8849998222634267,0.7827771951316765,1.1734124736968639,1.1983253098460893,0.7604911560042952
2022-03-01,0.8107678778137223,0.8863981594624657,0.7816388510325412,1.1688229210975607,1.19207068670219,0.7551797161629779
2022-03-02,0.8121099342084706,0.8819459772235727,0.780758049294163,1.1491139098495609,1.194327942201046,0.7525255238475187
2022-03-03,0.8226585689925283,0.8852930636661324,0.7790176518190267,1.1037856556836299,1.1981936704380263,0.7562035094932651
2022-03-04,0.8562064986254563,0.9168075248382823,0.805145473001178,1.1059175876163045,1.2026672073791203,0.7694368666462084
2022-03-05,0.8557168081737264,0.9185009026756392,0.8092735290276493,1.1079515790503003,1.2151887899548315,0.7728849418968622
2022-03-06,0.7691137301883506,0.8468509710508971,0.774158252709516,1.0551016423607702,1.202446489628515,0.7342403865154497
2022-03-07,0.769688045844148,0.848243865407209,0.7651765289473654,1.0562914682154696,1.202226417532667,0.7402199567508742
2022-03-08,0.7678906431046942,0.8568207699972001,0.7627601793893082,1.0549083222768998,1.1994905269439835,0.7151426604302591
2022-03-09,0.8109653396365943,0.8771695436393513,0.7619619160006543,1.0852660054501855,0.996679870516558,0.6759091163911042
2022-03-10,0.8374829446982661,0.8884215604548524,0.7567639219585179,1.0963560459279096,0.9840353304269571,0.672427423830133
2022-03-11,0.8378675468065226,0.8737606677761149,0.7434159158329559,1.096482445223866,1.035686467839145,0.6692108663376267
2022-03-12,0.8362771283654713,0.8584499944896873,0.7415774187704539,1.077469859725504,1.0225719324845228,0.6529073036251177
2022-03-13,0.8365411558075337,0.8466689908756502,0.7385076359439496,1.035823475233348,0.9860908011746696,0.643600245412077
2022-03-14,0.8565387310714837,0.8549134713653642,0.7480609958318173,1.0442478529703918,0.9460182731356147,0.6521684845998381
2022-03-15,0.8569560453477311,0.8552066741320363,0.7469285683082226,1.0430292182379066,0.9443887564187539,0.641572552714117
2022-03-16,0.8720117676764233,0.8779400004650889,0.7570278998101686,1.055622312435404,0.9522358364756157,0.6627021034096873
2022-03-17,0.8551887129175707,0.8252638727788193,0.7159900745136736,1.000136795854092,0.9263426935995183,0.6400601331188049
2022-03-18,0.8576940973654141,0.8401201944308728,0.717682701724026,0.9992452404447344,0.9249017922567649,0.6486399356540787
2022-03-19,0.8109131071062268,0.7958614861938026,0.6873849152354292,0.9606259991994891,0.8806411175812121,0.6222953763915585
2022-03-20,0.8136041698241768,0.7908001600856108,0.6915136526601567,0.9610821245880018,0.8807882067518,0.6325791514531584
2022-03-21,0.8139853326419293,0.7910229214576098,0.6931906843415655,0.9593423462244423,0.8758424726518905,0.6282247997165931
2022-03-22,0.8054348780017191,0.7710436608346328,0.6737583122225158,0.9620629485636183,0.8519061752618344,0.6309437062373761
2022-03-23,0.7929188636305005,0.7680868581983956,0.6290056056726073,0.9200703925818953,0.7647550952011364,0.6290892843187631
2022-03-24,0.7902373396528284,0.7674685869375394,0.6099411423356818,0.9450188410798152,0.7610159370481078,0.6501154949407392
2022-03-25,0.7824756505337055,0.7618418595711982,0.6040825437800718,0.9523560404540083,0.7545774434517641,0.6605443444047141
2022-03-26,0.7781713118093316,0.7623003561745678,0.6021381247038111,0.9403191661707967,0.7544370639442559,0.6663943141797288
2022-03-27,0.7921378178506395,0.7479147935319258,0.6003254977776623,0.947692566255632,0.6796167634496391,0.693276452038822
2022-03-28,0.7915402044839324,0.7481195964633164,0.5999336299931092,0.9427705323425463,0.6717177779148983,0.6967426097867502
2022-03-29,0.7761056743135935,0.7099391880848528,0.5807992646142405,0.9339050121703223,0.653986924327609,0.6812814506629592
2022-03-30,0.6259029193014243,0.6096809411136007,0.4895560265124815,0.8213192390947671,0.598044366321682,0.6226691438674103
2022-03-31,0.6312476954347047,0.6202747210674986,0.4920131719039219,0.8197110848014211,0.6321730642758325,0.6370054446083256
2022-04-01,0.6319102580542811,0.6406313110993358,0.5126556624116829,0.8699018074948022,0.6294883205366142,0.6407166606602671
2022-04-02,0.6208068758509175,0.6211880434621043,0.5167186421066211,0.8466274283422084,0.6235370549300042,0.6376228548442788
2022-04-03,0.5432388643237527,0.5437098398468264,0.4463407655494868,0.7841708664959746,0.5931311131052471,0.6275131887002772
2022-04-04,0.5432747187073841,0.5443973470337222,0.44143176871356793,0.8033265319884144,0.5705985483807442,0.6261694141303902
2022-04-05,0.5421704290399902,0.5319796141618539,0.42966755995760336,0.7860545419404343,0.5528713787030047,0.7887581974864323
2022-04-06,0.5763296220489303,0.5940850028426428,0.4803227541981791,0.8929247473751217,0.6126489795396272,1.040345909151606
2022-04-07,0.5738195918094315,0.5882309802615323,0.4945756315712402,0.9020938694658847,0.6239453471325966,1.0409374136360463
2022-04-08,0.5144667012159493,0.5635091429489815,0.5027937980173228,0.9286392989188462,0.6066869403396946,1.0406337409566189
2022-04-09,0.46408876638566204,0.535486469330174,0.45838467321001186,0.8975894687999876,0.590863091359503,1.0287102882386805
2022-04-10,0.4622133879803451,0.5342050359297881,0.4661869421182078,0.8930220415875818,0.5043721679054642,1.028712055781379
2022-04-11,0.5182892844735616,0.6024030261194002,0.5135871814432627,0.9847816120010273,0.5733720313201145,1.0951130952177401
2022-04-12,0.5104428021025468,0.5961805086229129,0.5235090929605998,0.9787165912466151,0.5747821462840467,1.090825052489311
2022-04-13,0.4900179768945735,0.5964683535612185,0.518213867971775,0.9758851505886798,0.5717922696647499,1.0897493043312532
2022-04-14,0.5004516740897224,0.610335908703972,0.5246970055295422,0.9897345853374692,0.5711576811703435,1.0904662474353548
2022-04-15,0.47663050352705116,0.57955380831442,0.5115508602365272,0.9722876322252628,0.6256449585410299,1.0848444554640237
2022-04-16,0.4765765116313996,0.5784189685052482,0.5091712989700103,0.9721928701170771,0.6259465222599191,1.0867877897047675
2022-04-17,0.47409649185557795,0.5655639083051578,0.5165537860793074,0.9735380286122061,0.6389440541261368,1.0926850966584203
2022-04-18,0.4835113003417657,0.5705629796264375,0.5229601448395653,0.971897357561569,0.6363531212986494,1.0866620540842709
2022-04-19,0.48107692956823,0.560561377636629,0.516893714298837,0.9768167761072792,0.6347331450930004,1.0770415720348585
2022-04-20,0.4806745687805369,0.5612048534441683,0.5170245848671734,0.9837723049420366,0.62581579548737,1.078891174596058
2022-04-21,0.4717741093931634,0.5648036451832508,0.52602960655165,0.9932526879464202,0.630329219530709,1.084075902193348
2022-04-22,0.47301982322303343,0.559688948202239,0.5250137809346108,0.9816810662548303,0.6324506672401448,1.0656664051713367
2022-04-23,0.462171126430702,0.5530397694268925,0.5244481878283417,0.9452343389398166,0.6324257624606249,1.0515237168558849
2022-04-24,0.460723277974114,0.5530841038428098,0.5238606288846944,0.9374303397575283,0.6298176835429521,1.0411586174610672
2022-04-25,0.4704393086936655,0.5609872571101642,0.523992990372324,0.9329355008546821,0.627128766150149,1.2147072222551705
2022-04-26,0.46767602318834994,0.578873229891528,0.5310318434212817,0.9321914140053456,0.6593011902577154,1.2950689839315361
2022-04-27,0.48224364573705747,0.5876691407238354,0.5344801702278217,0.9378966855798291,0.662762384077594,1.2956465971228912
2022-04-28,0.4847850594557532,0.5858814053457081,0.5534785766613957,0.9155865380401494,0.6629614306104349,1.2960339401618053
2022-04-29,0.49157650975671474,0.5997314207802015,0.5601901088178061,0.8744356893659779,0.6754106385526171,1.2972757739921108
2022-04-30,0.48664609492735833,0.6004663717824853,0.5679609925081001,0.9314101372387447,0.6679400397215186,1.3062627864648737
2022-05-01,0.4900660211694679,0.5832533659410216,0.5589042686245127,0.890927436260187,0.6833308372095989,1.3121363885226263
2022-05-02,0.4905410550500799,0.5864954946110098,0.5547211773547693,0.8917553305835387,0.6874957753068393,1.3115600748499858
2022-05-03,0.4884870541670934,0.5812238693710353,0.5423202550298811,0.8758621943724035,0.6774265389514632,1.2953043674397577
2022-05-04,0.5272496599941081,0.6216778097232738,0.5727914483698605,0.9303761643051346,0.7274866678211994,1.3069694616190928
2022-05-05,0.5890693167483371,0.652037993927309,0.6080306068717041,0.968095634108901,0.7659523572816813,1.1958977336280108
2022-05-06,0.5669288868872967,0.6101866612500214,0.5792200888399472,0.8983609409216367,0.734575958406107,1.011792864191914
2022-05-07,0.5659813652242112,0.6064940126528402,0.5712250211641657,0.8765796191118533,0.7237951301670594,1.008760942056116
2022-05-08,0.5741605496189703,0.6208249057532341,0.5673280450841456,0.8561965463646892,0.7170258215960242,1.009484462299891
2022-05-09,0.6988259097414162,0.729951473164452,0.8378585631167911,1.0496241918074587,0.864386586630423,1.2096969113036515
2022-05-10,0.7142893774271246,0.7613208864290736,0.890308062765633,1.099072829909706,0.894786913157864,1.2268075731252972
2022-05-11,0.7136176282303578,0.8195364313775103,1.0251619011773099,1.3853034255399843,1.0984866465181822,1.4269322731159106
2022-05-12,0.7090103623176577,0.8310014837358476,1.0026036811060424,1.4195367652110986,1.1060088803787143,1.4192138283190252
2022-05-13,0.7000007019500125,0.828106352396871,1.044799270554208,1.4722639335522412,1.1694782204985357,1.443920370245088
2022-05-14,0.709105107495599,0.8359710684506717,1.0509768202319647,1.5075074696737483,1.1704733044501685,1.4389950593874847
2022-05-15,0.7254600181025302,0.8555699266888015,1.07160405970096,1.57934255634673,1.1445922941228404,1.4499608218983608
2022-05-16,0.7378120272629121,0.868203524897832,1.0800406548985486,1.5957593892123745,1.15148531277657,1.4575250870264087
2022-05-17,0.7440939217753679,0.8822239709108076,1.0880184907474668,1.619798434897686,1.165367216026265,1.4638480595321568
2022-05-18,0.7513945420064356,0.9115099928040522,1.0959162683604358,1.6603882476636727,1.1728431911580086,1.4795314986048491
2022-05-19,0.7801829795587276,0.9369233023583903,1.1258520794424745,1.6522313222987086,1.1861565498605322,1.488061986924022
2022-05-20,0.7853638853843493,0.938313842364274,1.126000421196943,1.655560400331273,1.1857342620074474,1.4887682625754912
2022-05-21,0.7875261680041216,0.939971120465161,1.1333118582314936,1.6616867527030292,1.1904044485111889,1.4898298107497971
2022-05-22,0.7984263004980992,0.9543978981203134,1.1375985868952152,1.6771106543892909,1.1971425375303895,1.493040276187715
2022-05-23,0.8055786066377412,0.9575305837884702,1.1374255888160922,1.6817578534963573,1.1996885027881985,1.4939851863132985
2022-05-24,0.8110666812425301,0.958718664533329,1.1469262627811136,1.6856399072154555,1.2030926261071246,1.4957074081050823
2022-05-25,0.8021205547099209,0.9468656153355947,1.1446152259127846,1.6796192175421232,1.2031856701729828,1.3152564831077085
2022-05-26,0.7828796735730024,0.9569430347786525,1.15913543611586,1.6969687361407924,1.1862671756119252,1.2554598693521226
2022-05-27,0.7715545450399312,0.9470804880156781,1.1565166179408406,1.6881943833761295,1.1809373240619094,1.2700627474974244
2022-05-28,0.771984420638246,0.9588252336587726,1.1480183755203401,1.7224542162385872,1.1853238561750372,1.2720624898631283
2022-05-29,0.773832596059673,0.9593091206826799,1.1442543200910347,1.7275555756878018,1.1821480607051411,1.2758417304315175
2022-05-30,0.8235230994158205,1.0328044754469203,1.1560455630740452,1.7208596048285358,1.2158923189602775,1.2954420029504041
2022-05-31,0.8180059067205927,1.0212575469612264,1.1476728039791935,1.6983349603567466,1.2050354038825501,1.2816608330496169
2022-06-01,0.8423310290227893,1.0341188224295168,1.1660176442102583,1.7408566762029998,1.21204215520379,1.2907090850917897
2022-06-02,0.8474664630945046,1.0365344598368451,1.171992516138286,1.7475841182153002,1.217517347992947,1.2970219387130864
2022-06-03,0.8232556356259617,1.0074105178540342,1.15787293468897,1.7130473415929572,1.1859356980325444,1.2776881239552451
2022-06-04,0.7816247419993776,0.9965866882217181,1.1441189669158194,1.7051399989740814,1.168037079745226,1.2752523702640681
2022-06-05,0.7816114958220451,0.997653389164997,1.1436133309523764,1.705483610726531,1.168099728050555,1.2746848139912657
2022-06-06,0.8027832670775481,1.008049956551217,1.1391658643470604,1.7560874986514698,1.1705516479030669,1.279066156041623
2022-06-07,0.7917000045107068,1.0022244860129623,1.1375226039691795,1.764555565026543,1.1725932424776497,1.2789341348936
2022-06-08,0.6698754779174347,0.9175579055887992,0.941103744838481,1.6530310417533836,1.0604348740661609,1.096290412724298
2022-06-09,0.6607232054517099,0.8946391345511702,0.9010864835481915,1.6298369264923769,1.0399628952430024,1.0705075090008431
2022-06-10,0.633087861505319,0.8404106419119334,0.6985923228002888,1.360846395961996,0.7714005630547498,0.7155113049448997
2022-06-11,0.6382060411159608,0.8590029046922161,0.7297005698324444,1.3227700083018619,0.7490610788391989,0.7515575597965558
2022-06-12,0.6779125106093148,0.87338666457459,0.7013216519559204,1.3103509069104113,0.6827834965989449,0.7715387670491566
2022-06-13,0.8774068108043073,1.0256298244158664,0.8262023236871182,1.2856007386958894,0.7477881723577637,0.9218834558603521
2022-06-14,0.8586662310335643,1.004733525959632,0.7979396138302136,1.2067988521405961,0.7306213200441252,0.9101689774461497
2022-06-15,0.8553704457751558,1.0050118883208914,0.8098699777757437,1.3416132148941118,0.7593668553942221,1.0215675175793937
2022-06-16,0.9070549406322893,1.0865274151078101,0.8659482996294425,1.3872984681001748,0.8003463569227038,1.0915999756725039
2022-06-17,0.8938587835830404,1.0685452074615762,0.8569484831544604,1.3338701329270393,0.7733469417264853,1.0775343212821833
2022-06-18,0.8890154109300311,1.0624312032501015,0.8586795060495602,1.3323635859353042,0.7660176384557297,1.0806081091645723
2022-06-19,0.9466805484078252,1.182721778127649,0.9303329233221564,1.3546548835800094,0.8018115494927358,1.1990661926459945
2022-06-20,0.9449106207099631,1.1807156534747343,0.918837070131366,1.358866443032384,0.7991695320384908,1.1976003745662953
2022-06-21,0.9363718391967967,1.1671341709578076,0.916376828823863,1.3545904899789605,0.8004974662186096,1.247762288020822
2022-06-22,0.9350869516980594,1.178974355856584,0.9173958421857233,1.354632795395145,0.793820038529284,1.260690327721701
2022-06-23,0.9583470743897816,1.2346841061330722,0.9436241364467485,1.4203586033038942,0.8101178970258247,1.2700945878547916
2022-06-24,0.9599297180211142,1.2706291023648943,0.966706276893917,1.4611919503427204,0.8765110610229949,1.2840867623350156
2022-06-25,0.963229337416489,1.2522433265584791,0.9406099113486578,1.420822082384397,0.8690731099460928,1.2718527724976179
2022-06-26,0.9634367975400726,1.2521487132962483,0.9423148034330516,1.429191853762363,0.8680985042851639,1.2813174404140506
2022-06-27,0.9595306797567252,1.2399841905066582,0.9374686230866969,1.4057410454195538,0.8679022692645421,1.281361589511085
2022-06-28,0.9555701455379204,1.240164666217943,0.9401555924528838,1.431531253044135,0.8803592741329032,1.31253895748485
2022-06-29,0.9034959339060601,1.1738108650581554,0.9167839125135011,1.4201116439785981,0.8360069470633918,1.3056875304707267
2022-06-30,0.9016478115050168,1.1736414228862486,0.9171398134781594,1.4182349355297548,0.8361030639984082,1.3113129029405886
2022-07-01,0.8866961768067856,1.1620888791368154,0.8967097249764374,1.3504702673397626,0.8350066398078742,1.2992283522885306
2022-07-02,0.8785642636359828,1.1615320755626963,0.8891753637047473,1.349902188383869,0.8309633686277769,1.2959704192227934
2022-07-03,0.880158336512571,1.163431349718263,0.8876306992990007,1.333596210383996,0.8289938642564847,1.2942469084050128
2022-07-04,0.9031707991670209,1.1962720003782632,0.9139678945180171,1.3760466275943275,0.8340616338503336,1.2979886281640907
2022-07-05,0.902326145042531,1.1948970096665836,0.9141771518886305,1.380846113021616,0.832874905477124,1.301346511778059
2022-07-06,0.8835839035529924,1.2046054078087935,0.9255189038086461,1.346310067023363,0.8343178462903341,1.30167596499276
2022-07-07,0.9115702983952507,1.2201294747463491,0.9271396464518101,1.3289776300949017,0.8410498380230963,1.3057602140336613
2022-07-08,0.9099689195631437,1.2203278224850145,0.9272085823788159,1.3286578871414272,0.8400280830465958,1.3066916971537912
2022-07-09,0.9103640771607631,1.2208981737353306,0.9283082681164637,1.3244445503142428,0.8424941776379763,1.3070554925857634
2022-07-10,0.9103535232393314,1.2060159709861349,0.9340531869878806,1.3059739023355954,0.8493979301758746,1.3000033213570992
2022-07-11,0.9167247147035821,1.1945971227221759,0.9224768132039695,1.3083610968341228,0.8336233290402217,1.3078230661455494
2022-07-12,0.8979832149227918,1.1884042200857943,0.905725223280814,1.2581582760326397,0.8197339400475836,1.269690264727535
2022-07-13,0.720855008555106,1.072635053928234,0.7932106990161414,1.2514616256922781,0.7596042554641453,1.1418866098007032
2022-07-14,0.72302996885349,1.1006401818471354,0.8014980062378296,1.2625470885653938,0.7597983936443994,1.139681963485186
2022-07-15,0.7203504765104999,1.1031020248139405,0.7854744636472433,1.1347198353946253,0.7221089127864124,1.0552307867288386
2022-07-16,0.6283664991577231,1.0191035169444929,0.7009996884940456,1.0208005151937753,0.6610498858038656,0.9486415422048314
2022-07-17,0.6322357466391537,1.021046009967891,0.6985632434081301,1.0267170630353468,0.6619759373347923,0.9485764664364157
2022-07-18,0.6223908245596902,1.1051625327138437,0.6375561755559701,1.092841053305491,0.6730397075870461,0.9340187209195479
2022-07-19,0.5759060155607452,1.0387155334735119,0.5728652801310405,1.0772340018620084,0.6469488255951378,0.818970685786451
2022-07-20,0.5771845019331033,1.0414620554702074,0.5957797305806019,1.1046615517325855,0.653151120227123,0.8188203506260282
2022-07-21,0.5775837713200677,1.0440242135822946,0.5998191041968258,1.1025896219146156,0.6507319681208739,0.7565627737850458
2022-07-22,0.5664207560195607,1.0120982104646676,0.5921634942890494,1.0996159031169308,0.6524655460131675,0.7318893329311961
2022-07-23,0.5382946884624314,0.9767137241513307,0.556138708410726,1.0326490292535646,0.6382700907274764,0.7223786437762405
2022-07-24,0.5382667891160619,0.957638379906889,0.5333357918363725,0.9812856797385909,0.5554448784428621,0.7059023234595667
2022-07-25,0.5758463895734844,1.0341507248004247,0.5854571648109936,1.0524335442076347,0.5981294701366223,0.762993227498645
2022-07-26,0.5709267772329637,1.0232674647297342,0.5817272811242776,1.0266675746887473,0.593980908296747,0.7266086145511172
2022-07-27,0.6273056038930994,1.0976553470459933,0.6497907766208849,1.0892469988706746,0.6344699358111088,0.7747080876158029
2022-07-28,0.6314268100304431,1.0906852756254657,0.6393574809673576,1.063491701723288,0.6247259909337383,0.7170826205899048
2022-07-29,0.6303603229432431,1.0756105858184675,0.6471638159873228,1.05735714666105,0.6211653881142185,0.6946089200553375
2022-07-30,0.6294516648902462,1.0703776084058882,0.6545327380482105,1.0639805314035597,0.644474797814697,0.6761149844699683
2022-07-31,0.6179046465589155,1.0705625474044276,0.6558652139486613,1.0672386462968246,0.6139849727246055,0.6815027274966996
2022-08-01,0.6178563796218266,1.0813424535653804,0.6566773668961214,1.0704473864053223,0.6144071223796674,0.6816457380509202
2022-08-02,0.6211325715433705,1.082118410837782,0.6568889931580099,1.0862238008792413,0.6195516631304376,0.6887409512158396
2022-08-03,0.6048581407410571,1.0659633739159662,0.6508100080247902,1.0447574537623723,0.6172451128520949,0.6790116708589005
2022-08-04,0.6059865365307058,1.0633021738374706,0.663033216706529,1.035862533717578,0.6149923942864355,0.6721010202036481
2022-08-05,0.6106380494373255,1.0810533748202003,0.6578587686451698,1.0348874151569676,0.6128688761811537,0.6816429995433797
2022-08-06,0.590915713753546,1.0842803329559996,0.6590263160632762,1.0284439411356265,0.6089295059323466,0.6756745102836981
2022-08-07,0.5913591783951475,1.0792185794379596,0.659599638230313,1.0285507229151714,0.6081515435195859,0.6718833189351759
2022-08-08,0.5974940111276346,1.0847620656794643,0.6596888346570604,1.0360816525064582,0.6091398258130064,0.6740432167780055
2022-08-09,0.5929208669170635,1.0859593789490851,0.6403605862214976,1.0407155511918522,0.5821105742910613,0.6664478095331717
2022-08-10,0.576564684441682,1.078394924344299,0.6140735509538073,0.9926669930267913,0.5786248871395089,0.5965259536571962
2022-08-11,0.560408739649166,1.0471074935806766,0.6098358598275803,0.9866204093972444,0.5761149169513324,0.5832717899406561
2022-08-12,0.5448189186911413,1.0337006291830793,0.5994258708305671,0.9827818109787357,0.5653639224068178,0.5763142196153143
2022-08-13,0.543554010183139,1.0184529977527395,0.5989103745159218,0.9662178070651383,0.5586934435528588,0.5763373732344679
2022-08-14,0.5445107253405962,1.0271858611887839,0.6077656099423171,0.9791137220709452,0.5597575919270893,0.6889114074750665
2022-08-15,0.5447260823570729,0.9903674545344926,0.5931825785006101,0.9670238465447029,0.5372484185506838,0.7316791849989255
2022-08-16,0.5408202042523933,0.9900959048426027,0.5941710210083063,0.964067042352875,0.5308356621649096,0.8334292199646384
2022-08-17,0.48333039856658744,0.8227433672011509,0.573007606036815,0.8939915946481188,0.486667339788565,0.8619553280835915
2022-08-18,0.4609650145732655,0.815714444862246,0.5833577452063351,0.8893795548355087,0.4894016994220105,0.899873998673521
2022-08-19,0.5928187190293606,0.9558810436315237,0.6142353115143366,0.9251263525787109,0.5999884965627413,0.9641614144025034
2022-08-20,0.5962057972233986,0.9514084120699433,0.6093580627726118,0.91904541786555,0.5994880028673036,0.9677854222315353
2022-08-21,0.5970115039568142,0.9509790274084658,0.6416402656208685,0.9072505067164249,0.6008858574834235,0.9586359374727476
2022-08-22,0.5963629703802853,0.9506898987247681,0.639994703265362,0.9110816556401649,0.600615640363089,0.9594361422409207
2022-08-23,0.5964119950052124,0.9484450230405338,0.6403414978129189,0.9066181780635804,0.6017719664672665,0.9592910153337929
2022-08-24,0.5614903967085078,0.8706091984174734,0.5898333385521576,0.8255994957110809,0.5569137546680454,0.9078475332041753
2022-08-25,0.562226008546593,0.8729601491732579,0.5890129952114268,0.8260003923831168,0.5577940584134954,0.9086473437596212
2022-08-26,0.5341431288489062,0.8699099159281419,0.5828391690690704,0.8148332579207903,0.518928528503806,0.9210903694972244
2022-08-27,0.512156849949377,0.8468251477406302,0.5790320191695194,0.7719550341998495,0.4982584529782259,0.9149852884605519
2022-08-28,0.5160801006841621,0.8576718340506443,0.5408403396167607,0.775524764528115,0.5100915352487572,0.9190657547887867
2022-08-29,0.5376173358938439,0.9128308974774416,0.5505061015716249,0.7941046704165939,0.4875131137845145,0.9261885146219889
2022-08-30,0.5404762231754932,0.9138477992335252,0.5504193073398358,0.7924022005314004,0.48686340285508223,0.9311603795754463
2022-08-31,0.5436917946377199,0.9122043490654426,0.5511890379311863,0.7928909828045261,0.4874045239281786,0.9306050378245977
2022-09-01,0.54393910251385,0.9154227337771136,0.5511881711392195,0.7829873039506435,0.4894509332942249,0.9287594121423615
2022-09-02,0.5440741036338322,0.9153334064710863,0.5235144211417644,0.7782997265960463,0.48945046162651024,0.9293538980879307
2022-09-03,0.5439027240941919,0.9158865521030498,0.49272700176989004,0.776661605556391,0.4886850314801213,0.9297235506507574
2022-09-04,0.531798482914057,0.8735746471202258,0.4899626218760012,0.7688753952373046,0.4855754843465991,0.919572928689952
2022-09-05,0.5308222642570163,0.8742248351398603,0.4900858795727358,0.7692599048205998,0.4852241208727131,0.9183862347002427
2022-09-06,0.552824122244145,0.8824805675329248,0.5079757271169696,0.7744315176747399,0.497440798450587,0.9416734160060604
2022-09-07,0.552301011099094,0.8826923977284761,0.5584761621716595,0.7914541654438438,0.5250817931918635,0.9491143295220602
2022-09-08,0.5476831880481884,0.871076960657187,0.5596298546589022,0.7899954054898221,0.517417901731852,0.9484342828084344
2022-09-09,0.648349680694757,0.8349560839334784,0.5829000433108819,0.7741098661628246,0.5301153303188525,0.95674703395308
2022-09-10,0.6510707362753978,0.841715980624542,0.5834659137992201,0.7749331465103936,0.530252679484031,0.9583774736018745
2022-09-11,0.6473021477798135,0.8275505729063464,0.5805861417361762,0.7354643356922493,0.5304159719471306,0.9554451895108688
2022-09-12,0.6552259837343406,0.8299017515777989,0.5799542035138056,0.7745033928415241,0.5329452458397367,0.9547633949251587
2022-09-13,0.7449880930478714,0.8751209352893806,0.6084404004800127,0.8734328331463994,0.5967635103467167,0.8811888594934709
2022-09-14,0.7455599234325879,0.8888417872957818,0.6086344574945206,0.8844447661467831,0.6061399468226403,0.8677794894923004
2022-09-15,0.7488628509543706,0.9569471372055276,0.614705795074037,0.8878363362022474,0.6235000295095843,0.7333415229491326
2022-09-16,0.7478001651799264,0.9577945287170201,0.6116607812199704,0.870107349857524,0.6979611946735786,0.7095186208247009
2022-09-17,0.7513680099176627,0.9631174968102775,0.607977736941178,0.8853449719608528,0.723185690453543,0.6856575276692158
2022-09-18,0.6649031348149991,0.9012654767062792,0.5866100202062192,0.8624667886806,0.649609939243189,0.6572217649166974
2022-09-19,0.662862452184007,0.9086360869154957,0.5887102282443847,0.8806101673115992,0.6952912482980457,0.6552213679162237
2022-09-20,0.6677253789596688,0.9094191698910451,0.5454563204456961,0.8791043878999575,0.7328792572627676,0.6550305789698714
2022-09-21,0.6706048870903862,0.9272111775770648,0.5456345556233879,0.8775203150258873,0.7586449574987695,0.6568280496842408
2022-09-22,0.6963659277646445,0.9536327185263694,0.5689311055653603,0.90240856383745,1.0470777934367665,0.6764024323164815
2022-09-23,0.6962656043129347,0.9540329281429538,0.5689990244027652,0.9103625031970514,1.0507130991530533,0.7140081730117138
2022-09-24,0.6969483900542193,0.9477128358656451,0.565446624064081,0.909631251182376,1.0657784254659854,0.7110832055555093
2022-09-25,0.6640708907851208,0.8642842638869339,0.5035125029903993,0.8363656531836576,1.056263301302054,0.65925033407216
2022-09-26,0.6688856889628838,0.873289084344455,0.5037172842644222,0.8510466452848122,1.0740087068337019,0.6592386549386253
2022-09-27,0.6642015176563212,0.8611255523676811,0.5057141869455192,0.8513677737716339,1.0818206108886579,0.6533423575223063
2022-09-28,0.6538194825802467,0.8038471445549904,0.5058428026736492,0.8246112167340072,1.0784933133660477,0.6421090918894757
2022-09-29,0.6498137039102911,0.8026215291275073,0.5040171143203236,0.8199709748415929,1.1016074009842207,0.6300234963203346
2022-09-30,0.6488679061178515,0.7980988795148641,0.5030454431174785,0.8238019448573316,1.1058871235494006,0.631703928817792
2022-10-01,0.6487979212099605,0.7930634783467331,0.5035277016815018,0.8289129802786618,1.1084719459764347,0.6317229797047874
2022-10-02,0.6495996437081295,0.7963683507472249,0.5037654569468258,0.8288524434412149,1.1339122969124888,0.6348998278816977
2022-10-03,0.6583161507621427,0.8099106686057171,0.5043313811858923,0.8331067898725941,1.1345709577924779,0.6352138643078346
2022-10-04,0.6695088945705595,0.8159299329443529,0.5155937833796461,0.8345584326746324,1.1379052375050447,0.705938456897219
2022-10-05,0.6692505265882767,0.809177286972542,0.5153339598510728,0.8346318810038594,1.1376954020294352,0.7079512684588988
2022-10-06,0.643019774248564,0.8015642419665856,0.48538544319651894,0.8241081503345999,1.1242425670180756,0.6737749265988
2022-10-07,0.6420058933615661,0.7822497652882485,0.44281481992265476,0.8015241975320991,1.124375490235783,0.6669192956238826
2022-10-08,0.6423521237859265,0.781582499319536,0.4486184701018632,0.7963957802944618,1.1255087502461292,0.6682383112020098
2022-10-09,0.5310876709403365,0.7561620588826142,0.41862541728613134,0.7891441453635643,1.119763225843758,0.6480758626754204
2022-10-10,0.5294386636741211,0.7436471127115448,0.42312488044692403,0.7937414538972644,1.1612073188100387,0.6639930295440456
2022-10-11,0.5275723532473332,0.7434009602799602,0.42316858382794625,0.8024438877666721,1.1635443414903168,0.6651502633061852
2022-10-12,0.5174720985786417,0.7443066562905428,0.4231565343053577,0.7620042367988529,1.1637173015311888,0.6650974978128014
2022-10-13,0.3762144592670655,0.6906109135033567,0.37252835035012627,0.6305228495073946,1.1242605847967522,0.6193369627398199
2022-10-14,0.37719145396027526,0.6720278192962413,0.3723766610805759,0.6184820331056727,1.123377798286549,0.6152317295986195
2022-10-15,0.3670386007829349,0.5713158572689947,0.3581019733052723,0.611855614509539,1.1077748366678815,0.5970166988639838
2022-10-16,0.36850404914874035,0.5742381485503817,0.3591640448785792,0.6119617336876519,1.0790479393262333,0.5867526437086277
2022-10-17,0.3680827916231736,0.5716322792816229,0.3573249262285995,0.6038977421804443,1.0652674374865778,0.5813375221270892
2022-10-18,0.3489813806570321,0.4669109991419024,0.31675358806368115,0.5493709649039048,1.0536540596658277,0.507826870143115
2022-10-19,0.35004354050928194,0.4574934456602619,0.30848503914898373,0.5397481238136151,1.0371563707430125,0.5081384592307107
2022-10-20,0.32858037117678807,0.43754878906786093,0.30202242171072613,0.5342092234340973,1.0086184636274471,0.5098858968168118
2022-10-21,0.31898115153680184,0.38455617342550674,0.3005060293036539,0.529432762391719,0.9952563913589862,0.5037397026006735
2022-10-22,0.26699302493890326,0.3169422635736035,0.26133031769556053,0.48422932741177344,0.6628343588292344,0.48265124655657715
2022-10-23,0.2744248455010843,0.34372179228244343,0.2709075563176992,0.49258324315179125,0.6453101951903695,0.4310639304138141
2022-10-24,0.2691203924538361,0.347085681132708,0.2704011467360945,0.5030552144235522,0.6427228413461592,0.4337161838228993
2022-10-25,0.2976935184225752,0.4442380296728387,0.2984429531313385,0.5876720818559219,0.6452046852868467,0.46965351428670565
2022-10-26,0.3101524551132768,0.492459498286182,0.3057940744856258,0.564621837526708,0.6263229112535058,0.6791576673166853
2022-10-27,0.32111480885701954,0.5096970063067721,0.304749791311837,0.5568867950268348,0.6034596455470981,0.6990276587433667
2022-10-28,0.31957112108527874,0.5153740021507004,0.31136200700058064,0.5802598980331474,0.6101752203498567,0.750420524042427
2022-10-29,0.3199916503344173,0.5298425694560136,0.31805189869968004,0.582075580636642,0.5362583355337904,1.4679041648816642
2022-10-30,0.3200487112746184,0.5352978717130185,0.33186253611875643,0.5780106209394907,0.540595868626467,1.4809312042859535
2022-10-31,0.32033413584165205,0.5346185390078902,0.3513598278955206,0.5728581454988437,0.5420724279165118,1.485178489116561
2022-11-01,0.3157445773395938,0.5212135170125672,0.35309998397234815,0.5726888615281114,0.500936365206587,1.5066804548355606
2022-11-02,0.3064792434925345,0.5343899926547078,0.3570959102072936,0.5855078969676197,0.5015163375700613,1.5799631436519976
2022-11-03,0.28011413410584834,0.5275523244705524,0.3540093017970172,0.5694855681515287,0.48483043501610884,1.5792904547949578
2022-11-04,0.3202864759602479,0.5762541251200964,0.4274497848234331,0.6552582810092412,0.6136144809393969,1.5737990473857937
2022-11-05,0.31811165123170615,0.5790349465974457,0.42004167691508965,0.7217233772383057,0.6204452633764619,1.571485356154054
2022-11-06,0.31530468623986513,0.5935407038798882,0.43497885093205557,0.8454304783837804,0.6152807898044282,1.6069958720931516
2022-11-07,0.31998498313591517,0.5906541315840454,0.4251525048628583,0.9089939274953459,0.6161986614017079,1.6134673497891783
2022-11-08,0.49035059166756984,0.8294808622039105,0.44282948719918447,1.126026152762287,0.7573889947357417,1.8356593017745684
2022-11-09,0.7190283775023671,1.0623939080768525,0.8469599557503775,2.1923592870197344,0.9797720837448978,1.9329424921219835
2022-11-10,0.8091361502681738,1.2152241883034818,0.9593616943102647,2.363751871465475,1.166372538938239,2.0313839976550305
2022-11-11,0.8144185372907758,1.2149269262607836,0.9747144660892373,2.368040925698358,1.1673880023311844,2.043692368467545
2022-11-12,0.8134447790901042,1.2179407966679028,0.979886730803642,2.3932859250858063,1.1785923795752484,2.0446147050560386
2022-11-13,0.817699597538662,1.2214629661495047,0.9830307856560991,2.4077590814687593,1.1895260757526571,2.049535110044435
2022-11-14,0.8216004873700692,1.2221504211143912,0.9832721742803792,2.426853566675194,1.2547489946775854,2.0489268874534035
2022-11-15,0.8234290520215571,1.2193136147763268,0.9822590080300545,2.427612378365795,1.261423002533129,2.0487714587223964
2022-11-16,0.8211467617810453,1.2209228512072738,0.9837551147207756,2.4197180311249324,1.2641657934246944,2.051574240370102
2022-11-17,0.821203166844676,1.220613904739264,0.9845221379038543,2.4203972208572226,1.2645755901756872,2.0522308479684024
2022-11-18,0.8211431416110254,1.2198753104447704,0.9878245902740787,2.419605505185041,1.2611496301521337,2.049816528588946
2022-11-19,0.8212953278797692,1.2200623094679324,0.9872076512186766,2.419692140063208,1.2614365261374274,2.050438821541504
2022-11-20,0.8235606361586726,1.2377247098483233,0.9932616653381918,2.4182477354000564,1.269283209493693,2.0825637704640734
2022-11-21,0.8278791707577803,1.2399222899581732,1.0024957067366667,2.416806193429924,1.2695926664405128,2.0872192087684613
2022-11-22,0.8319258641144582,1.236316379490476,1.015542257178189,2.419152426209181,1.2755917207213399,2.0933602210004945
2022-11-23,0.8377403236861498,1.245508881497461,1.091174915083572,2.4922495817073242,1.2740946499142358,2.0941705444452965
2022-11-24,0.8234362666511104,1.2079396588029025,1.0845839886265147,2.465308985002309,1.2877141796646923,2.0876517046683327
2022-11-25,0.8106279674815036,1.175907825673265,1.0824036003995472,2.461735401514205,1.2870444896512798,2.055790552176293
2022-11-26,0.8087558756828203,1.1733828826548303,1.087435171550436,2.465041183052696,1.2893788495919767,2.0483329744293757
2022-11-27,0.8052908707845312,1.166994157194007,1.0809088290163944,2.4523487083900957,1.2841930349306745,2.0578244972890185
2022-11-28,0.8028474785150489,1.1537582740144727,1.0909098383664442,2.447283274498704,1.284939300534468,1.57733850300587
2022-11-29,0.806627653524723,1.1673808338400908,1.0857077996812636,2.4471803033868067,1.2871130645427473,1.5944422662537772
2022-11-30,0.8256390244323623,1.1933176446705158,1.0784409872520784,2.4665161488079597,1.2896399855785563,1.5816430641564478
2022-12-01,0.8255661729524708,1.1930183589222487,1.0820319041182223,2.4666444991317804,1.2920093473122327,1.5278225969466932
2022-12-02,0.8259515396490373,1.1897353269596413,1.0819079951456692,2.4705910864647724,1.2888141189428706,1.4884069115578527
2022-12-03,0.8257192460137306,1.1959691906059466,1.0761266609160258,2.468458949353158,1.2890784313968462,1.4849572322325246
2022-12-04,0.8077918405090234,1.1703730236386678,1.0398359424109573,2.441685083773274,1.2242096319622469,1.4901586434578953
2022-12-05,0.8061727443512147,1.170627949741114,1.0395245177063313,2.4077682652922023,1.2227605189181123,1.4913927849087818
2022-12-06,0.806745939026638,1.1676982310359976,1.0359131799215386,2.395839994316673,1.215765428137043,1.4674894508649343
2022-12-07,0.8067096092695375,1.1706474225171601,1.0373300820396611,2.385685398218379,1.2165588557819509,1.4715137843778274
2022-12-08,0.7310601966499208,1.042461955107631,1.0380520966727789,2.310186925047611,1.1284629082857238,1.2275416550233795
2022-12-09,0.4918667285772518,0.7892914033879912,0.7529285470393154,1.2973955810052877,0.8798827243195035,1.0608679018578273
2022-12-10,0.34272571422343634,0.5402921024804112,0.6000265838993061,1.0044136276529831,0.6538986199692689,0.84500150422738
2022-12-11,0.3256484594425979,0.53976910149139,0.5804279249972077,0.9791708252233488,0.6498092973160824,0.8340934378950379
2022-12-12,0.32180727752116395,0.5335505277734482,0.5822611589165838,0.8889577645692196,0.6209801033624448,0.8314186139056368
2022-12-13,0.3213109323304298,0.5357705004581489,0.5788981100385892,0.8289804188570881,0.5747349598162507,0.820460804602187
2022-12-14,0.3168799784496852,0.5346872305881356,0.5804296214821183,0.8036646252227485,0.4638054512466003,0.8279664023503543
2022-12-15,0.3266376703782676,0.5466439385360929,0.5911134978685427,0.7998260347132156,0.4569521742083006,0.838322650105087
2022-12-16,0.35682618101440006,0.6094519006164801,0.7042147001499717,0.9295535507194894,0.5098290124711807,0.9256833977353406
2022-12-17,0.3580728125866471,0.6113254879664453,0.7257266441718956,0.9226973862753227,0.5066312890747956,0.9411675647162379
2022-12-18,0.35817248839583093,0.610237712651329,0.7331748199064253,0.918629309361788,0.5075961738572559,0.9414015923444752
2022-12-19,0.3637076014078443,0.6113974270611674,0.7464732295720287,0.9200607833897645,0.516918026792561,0.9955259293871849
2022-12-20,0.36479854541857526,0.5854130088330036,0.7587367283165366,0.9119099287828399,0.4828923816206415,0.9604806658207067
2022-12-21,0.34635841004125933,0.5734508781639798,0.7496089965458677,0.9031787982909387,0.4819383701562743,0.9556302705465138
2022-12-22,0.3337371238852376,0.5659402508897486,0.727395400275987,0.8899889789670699,0.47085633974396784,0.9479174185998832
2022-12-23,0.32457544500250496,0.5504538747003985,0.5946713817973243,0.7194316376444115,0.47047531126146946,0.9367432925757772
2022-12-24,0.3247433447483886,0.5477493504381437,0.5933140775226045,0.7185956195440198,0.4278499543093055,0.9368405316489993
2022-12-25,0.3242340138293915,0.5475968606505484,0.5924902506744713,0.7098083326545744,0.42427279394422,0.8723563358788986
2022-12-26,0.3241949248968829,0.547954662948543,0.57484970778255,0.7072262431919117,0.46708304955429253,0.8723649618451786
2022-12-27,0.3275421947288249,0.5490226834850571,0.5779658197530684,0.7085141245695262,0.46765563574832436,0.7802005882539332
2022-12-28,0.32584747925289276,0.5469994234987299,0.5601486370237441,0.805291562821984,0.47589375739725814,0.7849816743776142
2022-12-29,0.3227161018490743,0.5283943287481597,0.5604056535009478,0.8041717326391737,0.4821886722944013,0.7409476756103156
2022-12-30,0.28388325891297866,0.47779910247950297,0.5542048967638583,0.775469913744312,0.4734139823961311,0.709584028094577
2022-12-31,0.2818824353378644,0.4760039406139687,0.5495642362305633,0.7675859242943125,0.4692984157516258,0.7133717058551231
2023-01-01,0.2812143284931623,0.47250328042571793,0.5485346614277162,0.7636867051837437,0.4694491459096995,0.7124843906244506
2023-01-02,0.278592338123345,0.45096235125755213,0.5492678134880427,0.8873706593010325,0.4787389853805586,0.7182051711836792
2023-01-03,0.27438999529586905,0.4363836956991366,0.5490079957955364,1.0723451922766527,0.47871595628231334,0.6913386568423933
2023-01-04,0.27581735332209706,0.4508058650110334,0.5825165253484106,1.0720511017644705,0.48128304523322324,0.7108824691385276
2023-01-05,0.2745198569702604,0.4497361355980584,0.581659259471074,1.0645714399608406,0.4866360963083155,0.7119052201055193
2023-01-06,0.27069558203215743,0.43768319777922693,0.5811422676125747,1.0452320973420655,0.48992179603262426,0.7055471127045353
2023-01-07,0.2582032523871386,0.4158329821871215,0.5752406427645127,1.0489786853509853,0.4773430647286038,0.6930749632361788
2023-01-08,0.2605093215809159,0.419259154687705,0.6036470031443842,1.1045339011352728,0.47693850364520257,0.7002781842307512
2023-01-09,0.2607108998270936,0.4265004008788126,0.6032389829238606,1.175380462409751,0.4796743433463535,0.7114899635354284
2023-01-10,0.265726976970129,0.42765869677729096,0.6050367899714718,1.1741028933006037,0.4787596858109722,0.7134250341909222
2023-01-11,0.2820470876452554,0.4466944527769182,0.6036250952873957,1.1729838847975276,0.5242658089812762,0.710461317090199
2023-01-12,0.30997075034888966,0.4356079249014387,0.6018512599127144,1.1662194748648915,0.5192824009924331,0.7175521952236363
2023-01-13,0.36258099731948246,0.4399617632835916,0.6014745336778972,1.2089666426464354,0.5227453047943436,0.7361600060513047
2023-01-14,0.38135728069763764,0.4720269318751878,0.5982264474508305,1.5370723275832523,0.5246579490614333,0.7323567892112646
2023-01-15,0.34063920531594966,0.3479996402782009,0.42453662502667233,1.459777084231839,0.46228430525973263,0.6065786474248306
2023-01-16,0.34159585429226064,0.34758062984998367,0.4078497982598739,1.4601044481240515,0.46166949035259003,0.598287985833028
2023-01-17,0.3416392795716024,0.3495918539889704,0.3944746786824327,1.4674450400124928,0.4581108344787912,0.5984876791596736
2023-01-18,0.34552350243059066,0.3751076024148312,0.39478074372301225,1.5096617966813868,0.4500595083740977,0.5047571327497594
2023-01-19,0.3406356422905284,0.3619356088443475,0.377388952374724,1.509850411540096,0.45863155965354746,0.48297087116393783
2023-01-20,0.40750812582051943,0.41372040404631905,0.37895642616007963,1.6017902784418152,0.48275875418967124,0.5106198808463001
2023-01-21,0.4062657528554844,0.4260062780052611,0.38975104760734436,1.6066087854807203,0.4927422188084923,0.49937588349345846
2023-01-22,0.40657729840951623,0.42635361003865413,0.39002679766131076,1.6095702590094632,0.4932615057739706,0.5167471856725127
2023-01-23,0.4058873506789511,0.42665663220707273,0.3868162232994054,1.6000728866366518,0.5231851089550776,0.5167681452724624
2023-01-24,0.4120582078275477,0.46487336088807096,0.3928655051330308,1.6280530354357612,0.5391898729554632,0.5485457503815933
2023-01-25,0.4128270501068834,0.47444085881228,0.3960587449804646,1.6339649892432908,0.5109212680947421,0.5560592453337793
2023-01-26,0.40707272171165026,0.47092698280253303,0.39929768057235543,1.630019566128301,0.517310849220998,0.5456128591334001
2023-01-27,0.40158367436029246,0.4626771401325421,0.3952597054550412,1.5354305715658658,0.5009827498981319,0.5133269089443024
2023-01-28,0.4037855669933151,0.47143421279236264,0.398218643381982,1.5374409663275022,0.4793365771352297,0.5133474310208175
2023-01-29,0.4070338142044324,0.4865490731592671,0.40869772017860473,1.5481230864274405,0.48001229320845884,0.49271241358924994
2023-01-30,0.44166715655849037,0.5271900161755012,0.4320874073017652,1.5989060956250298,0.5114457724608489,0.49821159282587457
2023-01-31,0.4411501373544844,0.5269217404233218,0.42945704896034176,1.5997447463933958,0.5188092023843472,0.5638895153825566
2023-02-01,0.4432428590464579,0.5344565554145947,0.42991317729712664,1.5659523372238722,0.5148375293375524,0.5745928813401767
2023-02-02,0.44817217920489305,0.5343627059931487,0.4314407109641642,1.4878387846480636,0.5127111084599574,0.5883369902527213
2023-02-03,0.45076792893758305,0.5272900741568449,0.4098138956568895,1.486910188562456,0.5124623163739863,0.581530900522314
2023-02-04,0.4520674993057413,0.5256746537124817,0.40835002334223003,1.4901934422604153,0.49992823733954,0.5756325827674499
2023-02-05,0.4623200601204116,0.5371790126333973,0.41198022068134194,1.5023445868949241,0.5138424994113368,0.5997967496850459
2023-02-06,0.46497565320956147,0.5389354922152317,0.4169446854235124,1.504496175576827,0.5188212474779033,0.6112843047265802
2023-02-07,0.4665347688441117,0.545195446647163,0.3929543084855108,1.4815426559426623,0.5259455075582922,0.6163016702096004
2023-02-08,0.47233062950044447,0.5473680684467305,0.39641694229615493,1.4425879286658414,0.5302592826804869,0.6227505599932321
2023-02-09,0.5185677022327586,0.6036427282592742,0.4739583086309576,1.5197928370124199,0.5523660696419931,0.7215985052930904
2023-02-10,0.5155312396510255,0.5968789152073941,0.46611469947729584,1.5224741196402694,0.5108051280872496,0.7221051324370629
2023-02-11,0.4922158439237007,0.5961721207802276,0.4674191087257001,1.5252967181567392,0.5106900577180118,0.7185032853056663
2023-02-12,0.45721812253798344,0.5940924208074659,0.46317833407232145,1.4934537119831353,0.5065643547766151,0.6947433730430889
2023-02-13,0.42438342876052015,0.5471510495951666,0.4931241137354249,1.1169121495372247,0.4994823222229322,0.6842110446484241
2023-02-14,0.4285357230226709,0.5598077816343633,0.49286996044818004,1.1166967506281675,0.5035581357200208,0.6863658310465719
2023-02-15,0.5287008763125519,0.614335778458981,0.5480075103344652,1.1555374591712964,0.5320983053238546,0.7169496068793771
2023-02-16,0.5449527182489872,0.6194573279586102,0.5689316847882957,1.176913887546761,0.5542850242595705,0.7391049872862571
2023-02-17,0.5544102412105887,0.6146422883516752,0.5537962875242819,1.134481489738283,0.5567336874284589,0.7355213387329317
2023-02-18,0.5524665985507977,0.6096360235771251,0.5477424236811017,1.1313938015427942,0.5410369619222894,0.7338460632374773
2023-02-19,0.49915245030306954,0.5647326422146277,0.5382869635387781,0.9677548215061718,0.5145959665188299,0.7140525233981919
2023-02-20,0.5044189156911018,0.561961209650826,0.5343708872394715,0.9778269979692694,0.5213035426159978,0.7128436973910177
2023-02-21,0.5082252284747654,0.570045388391628,0.534932794348911,0.9931153808133839,0.5237689976806721,0.7073491374925565
2023-02-22,0.509781365946723,0.5712599167510818,0.5345503021271122,1.0001912628563325,0.4839669007718612,0.7072169226934767
2023-02-23,0.509007720222006,0.548255652865633,0.5335918916432018,0.9727501043699189,0.47072437115534327,0.6838790172237076
2023-02-24,0.518558337651511,0.5431229656350741,0.5327546874728967,0.9452910580312615,0.46984519415546777,0.6887518437153097
2023-02-25,0.5185113705552128,0.5433803870685162,0.53221151900341,0.9504536882991937,0.4664705541634632,0.6887516434519603
2023-02-26,0.5217711177027423,0.5526542991124582,0.5358746448012461,0.9611552826676918,0.46479099819431696,0.6907716405260735
2023-02-27,0.5218036806752385,0.5496800502000676,0.5375144430329017,0.9629593056058878,0.4638258846165306,0.6907095807560014
2023-02-28,0.51292610487997,0.5297844616076871,0.5227530214406012,0.9195079830515885,0.46028557615315935,0.6827734075445021
2023-03-01,0.4988436955115236,0.5159142903898774,0.5114611415653011,0.8813828311011275,0.43476363022038955,0.6828101168247563
2023-03-02,0.49772826131122033,0.5163755526823589,0.509074927229826,0.8843690014936675,0.42259863949169896,0.6084254760730757
2023-03-03,0.5171718382957184,0.5300778498192817,0.5159395660203467,0.8714720296561942,0.416268345087892,0.6230683340459942
2023-03-04,0.5163198174338197,0.5300087453838559,0.5091027333003766,0.8695855534469911,0.41670841612290005,0.6213159113145047
2023-03-05,0.51665233009284,0.5276268853783199,0.49731328284878346,0.8667640177148266,0.4189452216808011,0.6140530206347361
2023-03-06,0.5165384359409255,0.527554580644801,0.49733445752947747,0.8670594568538024,0.42074912272707576,0.6007595819116944
2023-03-07,0.5143228184773841,0.5223058678088016,0.4983385325027022,0.861281523730883,0.423540463755875,0.5906026397827365
2023-03-08,0.5192887464130065,0.5253280844277551,0.49794119659983854,0.911883478420196,0.428462481360024,0.5980859883213753
2023-03-09,0.5560610733574909,0.5515296946019344,0.49699480823106545,0.9065387040468131,0.4461943752314887,0.6245604793166296
2023-03-10,0.5558180923455532,0.5509745238792031,0.4966576024766596,0.9268413033712566,0.44395907722232153,0.6229041797503894
2023-03-11,0.5320021727726727,0.5190959220190624,0.4401573223520845,0.8243986397537217,0.42624731885743894,0.530169177572823
2023-03-12,0.591810235913378,0.572321428151626,0.46895649279514773,0.9155840347992639,0.4332882455160089,0.5873744449763996
2023-03-13,0.6715937185463772,0.6026074480017125,0.5236251685269817,0.9080873302205537,0.43309842324589254,0.5965788936872501
2023-03-14,0.6745119679288202,0.6004227509635827,0.5230098620112127,0.9042470868095921,0.4259417680416371,0.604544002054204
2023-03-15,0.6779168135584893,0.6107218804902304,0.47721209848131124,0.9397965290348138,0.4432115028837035,0.6457090908701927
2023-03-16,0.6815245736073267,0.6026267389616076,0.5382203648406813,0.9249153024739234,0.4326839901695302,0.661132320288401
2023-03-17,0.6817794270959866,0.5924897445256735,0.49258842229301164,0.931494909351881,0.42105732819786357,0.644041861072159
2023-03-18,0.6729814945867306,0.5900320834370776,0.47591057019874583,0.9016933750318928,0.39713145997675176,0.6406877058178427
2023-03-19,0.6695639257648723,0.580428274199322,0.4702125828018474,0.8970377926898445,0.4000935512070573,0.63329575514602
2023-03-20,0.671204473798776,0.5891000237192721,0.4719548131209018,0.8968248097239744,0.4150293673696547,0.642935753757879
2023-03-21,0.6686115302951403,0.6029126092928178,0.46783290567932573,0.874076012948339,0.9019836978007285,0.6957344418086774
2023-03-22,0.6765182631907238,0.617258860112952,0.4895174641381605,0.8624523159892861,0.9821175573220414,0.7009968809424538
2023-03-23,0.683360295567415,0.6282288510233762,0.4946724851389367,0.8592469271574764,0.995008193535132,0.717214293888415
2023-03-24,0.6921489729701104,0.6414079131920049,0.5018315470678276,0.8842275995369736,1.0072693842681473,0.7267216021542564
2023-03-25,0.6903977308928984,0.6417398298848911,0.4992017171347418,0.884380056459639,1.012314023821418,0.7258563836133028
2023-03-26,0.6790125956403477,0.6360070888279022,0.4968167950645993,0.8836707987936966,1.0066236140026688,0.7146291249960822
2023-03-27,0.6907209857886103,0.6478446004829065,0.5379491275260195,0.8939733845899012,1.0287482346968366,0.7171966418637291
2023-03-28,0.6894164915653097,0.6501737209139619,0.5339712022791832,0.8878342776626122,1.0516862921684724,0.7157314672703645
2023-03-29,0.6990057721778349,0.6502908107142717,0.5316310173097417,0.8930502565603817,1.0616723736868412,0.7215180507195943
2023-03-30,0.697711745654307,0.6461717528927639,0.5305902463984111,0.8893886181874793,1.0656558965614997,0.7234606708932706
2023-03-31,0.69656048110818,0.6366982170309662,0.530501819135328,0.8899622642864436,1.0653016808205749,0.7341820876969326
2023-04-01,0.6953824268416375,0.6349826933472789,0.529753682760397,0.8868158511089733,1.0849078224546589,0.764331605320986
2023-04-02,0.6695684512988811,0.610403722254649,0.5162981269325364,0.8868905646510002,1.0845824449069648,0.7555678134055295
2023-04-03,0.6730408293879708,0.6101689613146898,0.5199592441322062,0.8841935318274536,1.0987494065789192,1.0049912209603298
2023-04-04,0.6732090272789018,0.6172547021862769,0.519813855912415,0.8880124837651622,1.094293890435048,1.0066178914756476
2023-04-05,0.673050314879803,0.6189471966177061,0.5200428732834249,0.88609538976888,1.0943653187829503,1.013389584821027
2023-04-06,0.6717522685395145,0.6247498657919551,0.5207105094446856,0.8856381002259904,1.0937546051232487,1.0584485519718114
2023-04-07,0.6644850605582564,0.6194314920222248,0.5204299289864046,0.8164892228456322,1.093266524810632,1.0570947290483537
2023-04-08,0.6121343371132679,0.56777538062525,0.5021287026291429,0.788228847635633,1.0774424869838015,1.0186187909922855
2023-04-09,0.6074913698145983,0.5649674800687592,0.5021812056681768,0.7737460495949865,1.077095878829588,1.019262605788979
2023-04-10,0.6188920317241091,0.5630370921851964,0.5034026598913399,0.7781994611679299,1.0734720637680946,1.01986386103625
2023-04-11,0.5801633001481747,0.5196338347151122,0.4851187557278982,0.7520657953169172,1.0739744950126446,0.999969308206068
2023-04-12,0.504531183911991,0.4868763232398716,0.4302376472244995,0.759512588073563,1.080237863940478,0.996508312102075
2023-04-13,0.5024452511334626,0.5089971090114344,0.4328549443541941,0.7607174802057791,1.0797285339569338,1.0042546553702711
2023-04-14,0.49601855754899465,0.5086448074791372,0.4334068456636747,0.6944589533306655,1.0663121073218804,0.9688202453252516
2023-04-15,0.4919101734277668,0.5099517288919438,0.35399688146131986,0.703320225717528,1.0683232463398344,0.961525296022683
2023-04-16,0.3843580498231514,0.4636558011021907,0.37202052298401944,0.651930307823182,1.0635810737951765,0.9486098218730603
2023-04-17,0.39416271722027574,0.46644482287472483,0.3710566271803018,0.6586379515998446,1.0648150467679443,0.929864836681595
2023-04-18,0.38677373076403576,0.46681546873911495,0.36770087697712117,0.6523635359985389,1.0678784101840237,0.9318973528636018
2023-04-19,0.4322216524479567,0.5516179584308886,0.42627418930222655,0.7311292245915182,1.105124889918342,0.9534299906968715
2023-04-20,0.4355690805117923,0.5369548900020603,0.42769350549946655,0.7320851736838647,0.7778216525946661,0.9423146148970282
2023-04-21,0.4398352777585583,0.5496089823009641,0.40548934298812933,0.7266094465360745,0.7037401276283618,0.9645258605021175
2023-04-22,0.4249976654831645,0.5295425438140463,0.4128749725472016,0.7219945297450551,0.7015534705940172,0.9544766966872614
2023-04-23,0.4124530221207079,0.5132399668023178,0.40514314293421605,0.6794846370768243,0.6871768403912448,0.9472633183057741
2023-04-24,0.4125900258555855,0.5147656383229086,0.40514913953859355,0.678064882887932,0.6754267719390062,0.9467909986050486
2023-04-25,0.41961566683891854,0.5130268085017066,0.40662314486495776,0.677959598448354,0.6771019598852311,0.9475283284122143
2023-04-26,0.4045267096693965,0.49705386340253516,0.3618989762390086,0.6618459798400101,0.636834698679936,0.9460803284960377
2023-04-27,0.42247333815648863,0.4902879908091664,0.3612097038342585,0.6758962817993426,0.5827204389347542,0.9472891260627523
2023-04-28,0.40210291754253763,0.49089724177840355,0.3697141913714951,0.684191414006601,0.5575993535674955,0.9443055045958109
2023-04-29,0.3998620070914335,0.49148492969190155,0.3696887093617534,0.6767595992542347,0.5547422964911767,0.9425503712784851
2023-04-30,0.3966383154248858,0.49485425040828174,0.4040880657765916,0.6752922690797772,0.5540117752969264,0.9399494073342878
2023-05-01,0.4223187900548299,0.500851181781179,0.4158022829820465,0.687492287856159,0.5261699244267127,0.9149429980151366
2023-05-02,0.4274621344838053,0.5031723654208546,0.423136247293762,0.680911742082316,0.5214916954501366,0.9070068263058626
2023-05-03,0.4263435291985297,0.5061160394288067,0.42105190265618847,0.6806549289662767,0.5011577396565908,0.5772575558458561
2023-05-04,0.42508951475523066,0.49667787001725916,0.4216638433006042,0.6823737280203406,0.498017080483611,0.5781209695728601
2023-05-05,0.43199951665852854,0.5349379402936967,0.42128747096152697,0.7019752933561403,0.5004694952221362,0.5822224640630086
2023-05-06,0.4396300136117557,0.5599540025969376,0.4242094235906421,0.7151927002753511,0.5037515042709365,0.5324894025110538
2023-05-07,0.4425998045618435,0.561893416740161,0.4235978989539345,0.7157691230529019,0.5005105908233224,0.517744253476664
2023-05-08,0.45305262068435326,0.5628662569427024,0.4316739371995418,0.7341332712985743,0.5211741269335892,0.5493748384843243
2023-05-09,0.45022400175706084,0.5625213217344204,0.43136186090070305,0.733074917921302,0.5212087815503282,0.5435199167332625
2023-05-10,0.41830349709444137,0.5537818974168517,0.427220995918668,0.7269471148084579,0.5114855023558158,0.5376003749692151
2023-05-11,0.4171210059303396,0.5594009137516078,0.431179419355925,0.6505517407697189,0.5143708196331667,0.5390249602999158
2023-05-12,0.4165597224137162,0.5573461976154984,0.43095229666615814,0.6509286303298096,0.5211496849873754,0.5403179017560694
2023-05-13,0.4106004274751716,0.5272815597536403,0.42813683742823766,0.6416433462440423,0.5169970010820427,0.5098823155137059
2023-05-14,0.4111736519672707,0.5004702824362163,0.4256034444468013,0.6397961701779201,0.5096585916011722,0.5051423303129441
2023-05-15,0.41367545518472576,0.5030398630508196,0.42312342276612797,0.6356190171699946,0.5112537927627587,0.5045172122343812
2023-05-16,0.413442864772401,0.49996530623697627,0.39052057005631946,0.6024811707025899,0.5304541170735129,0.5014485151664941
2023-05-17,0.40722930400793456,0.49661624407696275,0.3870201278913684,0.6025751047774225,0.5318643474306131,0.513060479722853
2023-05-18,0.393197731777288,0.4927357452963836,0.38738052530760736,0.6087170000734465,0.516939977833302,0.4975905301696548
2023-05-19,0.3509249595706779,0.4032040613314132,0.3241762764169322,0.5272848872452941,0.44370265886030485,0.4482942891547765
2023-05-20,0.3471859860669994,0.4030286453249151,0.32206988800455877,0.5237399167997092,0.4292191725455734,0.4243197805604569
2023-05-21,0.32796368816961025,0.3656816662963777,0.32277450745136155,0.5149377004707932,0.38872891561001965,0.36375132571044927
2023-05-22,0.3198026512821533,0.36307235173843716,0.2992414054006842,0.5050954509806036,0.34827171869791224,0.35488720288380593
2023-05-23,0.32287027000781915,0.36974184739608656,0.3048288090217022,0.5129075235034904,0.34518418270140766,0.3504642461385493
2023-05-24,0.3425439321527784,0.382184443038991,0.3143898556462112,0.5301658066859624,0.356377785883118,0.3644105134251748
2023-05-25,0.32645171140351176,0.37921369807045535,0.30211976559160797,0.5202091651409845,0.35012657718495677,0.3604175021811964
2023-05-26,0.3279913045915982,0.382043007507464,0.2957659643136279,0.5127347427474754,0.36354973682265335,0.35868328780087605
2023-05-27,0.2985688451623335,0.37279170087346813,0.29593978291185213,0.520866459028015,0.3623832869467885,0.3607840976193769
2023-05-28,0.34070622269471296,0.4011614097399793,0.2997829690590977,0.49873911495719553,0.35807848457515223,0.3649327908013479
2023-05-29,0.34258915278043406,0.40105454236019367,0.3000967177582424,0.49940354763505346,0.368757971455968,0.35897904273584047
2023-05-30,0.3425261495656853,0.3949287243306226,0.24416911326200494,0.5118470137832447,0.4022847983257634,0.35136375165325356
2023-05-31,0.3181915070911967,0.3908033354859732,0.2325288345359517,0.5028694419474533,0.40044338621380376,0.35145743776101296
2023-06-01,0.3110866633450987,0.3843936210626567,0.22247802111116782,0.5020944209754329,0.4083790851273213,0.351349195490126
2023-06-02,0.3132811413211447,0.3880421365016959,0.21816480813108757,0.5207895553246095,0.4225387190748555,0.35428262654666287
2023-06-03,0.3132613629523597,0.3853919875620599,0.21756164585865442,0.5151966575477376,0.4245164731286837,0.35171682129367265
2023-06-04,0.3004433215384973,0.3192960878694394,0.21473923713879176,0.4960627971289962,0.434862571215181,0.3398711398663258
2023-06-05,0.340696622119532,0.3068933163336057,0.39191311190946565,0.5639680267846026,0.4702250492019738,0.42845826448857
2023-06-06,0.39827176564323863,0.3360749992817874,0.3983059751176382,0.5681503393279563,0.47916940433812044,0.47871112497364704
2023-06-07,0.4037727232389837,0.3479813720731192,0.4764409632917189,0.6243758955941002,0.4517905666480333,0.46338109978540093
2023-06-08,0.4046589885510021,0.34899257695831487,0.4799981522425127,0.6268963048440385,0.45161526527906287,0.4634803566521526
2023-06-09,0.40466304613149956,0.3489689650496214,0.47775459098988965,0.6820240064138728,0.45700301279665007,0.4711915157881075
2023-06-10,0.4055227246208568,0.37959557179195286,0.5533873268615717,0.7640385037794225,0.504066294111987,0.6201798232815718
2023-06-11,0.4054206542204407,0.37851819851868307,0.5520616175973527,0.7476011987842638,0.5061547000872229,0.6189535956979172
2023-06-12,0.405420137810202,0.3783372524034306,0.549697346277386,0.7486211597101387,0.5001552580932075,0.6189374536617789
2023-06-13,0.40485092036222436,0.3781545246937537,0.5918370076239878,0.7467112527676241,0.5041177978972635,0.6191665948558592
2023-06-14,0.41647345850465606,0.4163726376288951,0.5933217039019455,0.7507211179965754,0.5848196264722729,0.6218577771944808
2023-06-15,0.42282375071228195,0.4179753006008218,0.5933263109752239,0.7589497734283317,0.5740564416014774,0.6249250050195165
2023-06-16,0.43292825517694106,0.43365203931036844,0.5945569440292321,0.7697833173250687,0.5741153644637104,0.6159308247444181
2023-06-17,0.4274488725140289,0.43292219544034083,0.6033845185287339,0.772497365027259,0.5686507142664307,0.6145991380928241
2023-06-18,0.42789968039211324,0.4320606545069952,0.6033388605787938,0.771774378392367,0.568085320965494,0.6143691748400657
2023-06-19,0.4323287937725797,0.4333670809979564,0.6015953365631407,0.7914635430820488,0.5697625593892055,0.6150653059315383
2023-06-20,0.4678542495745004,0.447274169216067,0.6084576339115487,0.7980870641837857,0.5624607768197972,0.6151608937681118
2023-06-21,0.5069810990116623,0.4836459175497284,0.6073262915221336,0.810395740592575,0.5634334221794978,0.6311759069023414
2023-06-22,0.5062803551175675,0.4801179933288437,0.6084034311074205,0.8108133722501872,0.5655517269170586,0.6311384459926175
2023-06-23,0.4950403867396674,0.4689788600369042,0.6110027650916727,0.8105298660047806,0.556249552896069,0.6406186295223664
2023-06-24,0.4963548378617192,0.47051590707903995,0.617259993922711,0.8149740075405775,0.5617958172451447,0.6447906021784413
2023-06-25,0.49670289431989545,0.47064132811000564,0.6181632523291372,0.8185511959823326,0.5521874232810791,0.6447441616758203
2023-06-26,0.4981010856632093,0.4771250801022548,0.6171135676476592,0.8000972000116432,0.5585780513972599,0.6458892256532385
2023-06-27,0.4782437872201601,0.45686149990300284,0.609794862146522,0.8016011869460425,0.5542007840943709,0.6456624456457687
2023-06-28,0.4824249669951455,0.47028691370955206,0.6138009945300967,0.8097682957139491,0.5635176138782767,0.6627629294729993
2023-06-29,0.4832930271813307,0.47255328193301577,0.6172251043856772,0.9144400631083961,0.5371599750919983,0.6655296840538306
2023-06-30,0.4775540637969712,0.4940768429491879,0.6324009841396708,0.9307727445207158,0.5369286614398429,0.6887023501827712
2023-07-01,0.4729723785472642,0.4938173864416134,0.6470851385160035,0.9299379126651753,0.5335989553576814,0.6981710828129294
2023-07-02,0.4713168098365096,0.4874726124772603,0.6450198821177345,0.9312908456690278,0.5252321132972676,0.695649632951383
2023-07-03,0.4721097135547509,0.4874609365884447,0.6452612323340593,0.9315976135079168,0.5259781854812448,0.6961624580037055
2023-07-04,0.47586233972367853,0.48893660442722964,0.6459853804685088,0.9242358202725115,0.5111242295722044,0.6967906718674833
2023-07-05,0.4326567979597988,0.46595818332652184,0.5616479466425518,0.874918945094778,0.48462933791754237,0.6319680563260583
2023-07-06,0.40039060220504175,0.4610616666798345,0.5624991959233913,0.879815027134946,0.47097436771133744,0.6084920073331219
2023-07-07,0.38005589113070143,0.45249592247432435,0.4978437549650514,0.8789002467968945,0.4707600588270899,0.5916259381654364
2023-07-08,0.38073479291695117,0.4520247728832768,0.49597497785017836,0.8790288237576422,0.46894148308659167,0.5907090931061291
2023-07-09,0.381483523897822,0.4519184645554283,0.4963457256826254,0.8279939505739071,0.45567087230617803,0.5849501827169903
2023-07-10,0.3673253019341629,0.41530669546338156,0.4319499658224538,0.7169735795439565,0.41805288216015296,0.40970236193247483
2023-07-11,0.36727410183884523,0.4154469373900342,0.42950982118516595,0.7202928383930999,0.40448788435372585,0.4092053761536397
2023-07-12,0.3696662448111954,0.41494383246583466,0.43040295048338073,0.7120959383034812,0.4029210963468776,0.40955693788034997
2023-07-13,0.38322914451196705,0.4742670654615429,0.4223629476294474,0.8950648452711267,1.967126339069354,0.4912448166039634
2023-07-14,0.3904072274768072,0.449579518440224,0.4274098110492912,0.8719514835509147,2.003417230910049,0.4952613924353313
2023-07-15,0.3885627650409932,0.45028998377985946,0.4280262762143065,0.8724911924673463,2.0038855866979994,0.5177630824011394
2023-07-16,0.38021005497060395,0.4420929899542058,0.445887085241998,0.8740115984090181,2.0050761863248083,0.5355749934183905
2023-07-17,0.38107864831686455,0.4432420697929988,0.4401729655691309,0.8863113547510681,2.00725334808823,0.535424009439823
2023-07-18,0.38212584044033854,0.4441051925453765,0.4437067971227337,0.9102481220250083,2.011889587995376,0.5399909553308377
2023-07-19,0.37844595167705813,0.444345897164568,0.4436359733488302,0.907236916033343,2.0159923612105795,0.5429987747776434
2023-07-20,0.33423547484452987,0.4324398671971376,0.43945613897537933,0.9230983471881369,2.0222593576717443,0.5426688177496657
2023-07-21,0.26616104097843973,0.39136999202063605,0.43935679714674086,0.9205439572257156,2.02839117707563,0.5408108737811479
2023-07-22,0.2661559248629241,0.3929279326347898,0.4256967699568289,0.9227179610799967,2.039201202704612,0.5601478414327046
2023-07-23,0.2509865217789472,0.39324914323585247,0.42307980117324784,0.920658889196128,2.03908617934258,0.5468659185781012
2023-07-24,0.2715772965353784,0.39858109301307826,0.41010801661377605,0.9421079559366566,2.048158100486003,0.5499302436890343
2023-07-25,0.27180943843961375,0.39616486077493823,0.4089755922090788,0.943214852827904,2.0481175730888075,0.6409813282215469
2023-07-26,0.27185674938285975,0.39014763755772225,0.40737512429153344,0.9526689827679559,2.04411832013862,0.6579125013998084
2023-07-27,0.26663890728816114,0.38626163196417074,0.40751300799641976,0.954161547593371,2.044900636845138,0.6584448343064397
2023-07-28,0.25844691224479294,0.36854671957099455,0.3931948086557449,0.9385598445459861,2.036765640657213,0.6324729741594637
2023-07-29,0.2542662103639978,0.36605250909079706,0.39180412077107896,0.8596909536305397,2.0371779101150387,0.641890889374619
2023-07-30,0.25419275704210825,0.3335106658582096,0.37745521372073815,0.8655955084035354,2.0380417059020126,0.6376954159153604
2023-07-31,0.25353689962241627,0.3333301404596029,0.3611852893169922,0.8700335363914529,2.0392079562685095,0.6316765774282157
2023-08-01,0.26076345882875523,0.3342192982275604,0.3739512262899363,0.8629337654818183,2.03884638264923,0.6302994515839858
2023-08-02,0.25822391137467915,0.3371179733543725,0.3872400505175189,0.8754765893878939,2.0446257660962166,0.660012147236346
2023-08-03,0.2555807228899615,0.3359123258280039,0.38320300178420075,0.8798366039695382,2.0497738889035455,0.6610261665105386
2023-08-04,0.2544379689793755,0.33331764226942767,0.37955742914316676,0.8786911941749082,2.0554123747756226,0.6523072803205615
2023-08-05,0.24541048737313192,0.31193400069985877,0.3654030016133383,0.8748199000564492,2.0510846015868887,0.6456326198127905
2023-08-06,0.23876147194622424,0.30826260162565267,0.3624026819742629,0.8199262192608608,2.0519801031655236,0.6510425476017776
2023-08-07,0.23954937623826883,0.3081505391087455,0.3628495288976021,0.8190555433134148,2.052188662261933,0.6528886099415767
2023-08-08,0.24935103164785027,0.3127828674031716,0.3632387437256286,0.8283410815030459,2.0525759756962834,0.6541217101813356
2023-08-09,0.24813323340902993,0.31089077567217305,0.31819719572830685,0.8281634805133324,2.052400096074787,0.6537065966093891
2023-08-10,0.2467580253814742,0.31090633069015344,0.31762214734153515,0.8208694756791077,2.053700113206962,0.6535560776477553
2023-08-11,0.24559107948951658,0.3107688485754663,0.3118151293096125,0.8202626199777899,2.05304295142775,0.6532535680959537
2023-08-12,0.20901795307775883,0.18687932769300195,0.2564126313889723,0.5611399438208322,0.6585529479678761,0.5963399660607719
2023-08-13,0.167561117849885,0.14977516071290364,0.233098686849831,0.5599445102554541,0.5008708621717933,0.5947421810803429
2023-08-14,0.16863753940214882,0.15039425177267632,0.22840573699352743,0.5675726303558543,0.5049625065507418,0.5705224897310104
2023-08-15,0.17033782358972072,0.15223842405807247,0.19936192719769857,0.5929607708802463,0.48767875515928927,0.5868441828439863
2023-08-16,0.17817460967311854,0.15560167714413897,0.2079987320118808,0.6074602266438308,0.49783956846001454,0.6172781515570409
2023-08-17,0.3148329122718643,0.29113044927827164,0.2919229425649658,0.6111696619559152,0.6651906708952912,0.6988164630984965
2023-08-18,0.3201524942352908,0.2924256699380103,0.29189589060082377,0.598509171210334,0.6224289837028423,0.7080194478486604
2023-08-19,0.32091105451368923,0.29347331694501955,0.2898373238285848,0.5996861829593395,0.6370891777090893,0.7080097406879075
2023-08-20,0.320921503484169,0.2968829484076115,0.2887272760527667,0.5986830692823134,0.6569612391863424,0.6937499501816778
2023-08-21,0.32098670395446394,0.2958883497049953,0.3004819065155073,0.5912391192206014,0.6441363719402512,0.6857199392810615
2023-08-22,0.3170424994247524,0.29543416238549297,0.29923741407485716,0.5947341612321387,0.6409654760420826,0.6811258123936507
2023-08-23,0.3096503000631724,0.3095445870744271,0.31595600030899557,0.6007891465106031,0.6328667560239374,0.6731896421481057
2023-08-24,0.3098462881081824,0.30953408397052146,0.31976445138605836,0.6094602429084275,0.6304663026880932,0.5609787130339362
2023-08-25,0.30854957363093205,0.30678265604564164,0.3183988382141619,0.5401119979345592,0.6320114300839308,0.5424165735583992
2023-08-26,0.30865078615046543,0.306727523746175,0.3170383666006592,0.5399067090547595,0.6317548644490044,0.5424503447713614
2023-08-27,0.3086845065776009,0.3066912151555783,0.3184347245817664,0.5506284843693154,0.632436137728036,0.5439510001784965
2023-08-28,0.3085602542235225,0.3055476779093702,0.31838495316071647,0.5461509579864555,0.6322570049583955,0.5203510672286313
2023-08-29,0.37930405826094943,0.34992141266267,0.3471966003642793,0.5793890882480771,0.6486146321380251,0.546924903812388
2023-08-30,0.38212989096407324,0.3522658709756674,0.3492814373186794,0.594555706193344,0.6500667487870867,0.5468560612292517
2023-08-31,0.4121318984141343,0.3671991923188668,0.34700869106739607,0.6146282999142175,0.6501407395277914,0.553786800098861
2023-09-01,0.40941557644891907,0.3644928597829846,0.3377557221273015,0.6064011742576524,0.6481624723299986,0.530235002326815
2023-09-02,0.4097892538673245,0.36577140717011325,0.33813970081168115,0.6057417435449336,0.6445191074491592,0.530093263417021
2023-09-03,0.4107110399176546,0.36592252087222715,0.33765860771288797,0.6051060672213067,0.6374864790748508,0.5299493745851918
2023-09-04,0.4106657453883649,0.3650201681757305,0.33683225546156065,0.6051435064050478,0.6396718429255192,0.5153153241707211
2023-09-05,0.41045883433773617,0.3656958621534235,0.3365475579626159,0.6147806199974775,0.6396764665924861,0.5167124135564634
2023-09-06,0.40952448785282697,0.3656800125292152,0.33741692680827434,0.6216927044603572,0.6393311109529085,0.5164185995212826
2023-09-07,0.4095726735374903,0.3625962851759863,0.3352461878798157,0.5974689080303934,0.6274024183806542,0.5095226040635891
2023-09-08,0.41072518615096665,0.36253536281479815,0.33611004101036906,0.5963719586116285,0.626971578032878,0.5084002569392319
2023-09-09,0.41097122337085656,0.36264390439551075,0.3356060858838358,0.5931964266607088,0.6266057412394256,0.5066158878895927
2023-09-10,0.41086517514302706,0.36335891324348196,0.3356742293680989,0.6234146151551588,0.6266322539135436,0.5153271635907792
2023-09-11,0.41775269152101824,0.3848799012049095,0.3467772854281065,0.6217150947729787,0.6406860412657863,0.510797986164973
2023-09-12,0.4322380357004111,0.4007640427508434,0.3592631054738257,0.6236627498556234,0.6449302718868011,0.5093384748303764
2023-09-13,0.43629116515399863,0.40294015277106743,0.3616505648508173,0.613212132114798,0.6419968982562482,0.5109453387745608
2023-09-14,0.4392236085702997,0.4065286346104303,0.35939414050985496,0.6056129018516736,0.6371939276414651,0.4886134247575773
2023-09-15,0.4371571766599163,0.40798840005094006,0.3569388788644481,0.5945181072421593,0.637065129121201,0.45524667928561724
2023-09-16,0.34727867331065687,0.32282691741930847,0.28661687072080766,0.5706633868703388,0.36082259322104976,0.3060298679253309
2023-09-17,0.3385326949032427,0.32126023664306536,0.2861185278544842,0.5710319929775988,0.36424184671167975,0.2802999607079375
2023-09-18,0.33973039916221903,0.32239064139715945,0.2859985352397993,0.5854940316828641,0.35938186226276525,0.28026639225031397
2023-09-19,0.34406899060038154,0.32085071025044115,0.2866334012402538,0.5910068659544596,0.3452734530079229,0.28343523383016117
2023-09-20,0.34417635196611684,0.32179019251435587,0.27175826665053027,0.5870489848180626,0.3375263449189268,0.27384803556688236
2023-09-21,0.3524369583937576,0.325181834589964,0.2784589966931186,0.5960919363800213,0.3500523358207031,0.28359238892524163
2023-09-22,0.34895115234978447,0.3102965763924294,0.26141187476227357,0.5605546028494253,0.34617196408463186,0.27506512679775136
2023-09-23,0.3471664377529457,0.30855719777520985,0.2579339575639633,0.5517307940436991,0.33942526675815715,0.272711955559639
2023-09-24,0.3496678143410451,0.30932770156411743,0.25988720401906623,0.5425032299526172,0.3371660011100737,0.27623446600128804
2023-09-25,0.34966125081459043,0.3099484279162798,0.26049151144213223,0.5423606243226432,0.3381735553576783,0.2767324398869483
2023-09-26,0.34971264601723806,0.3090910069605015,0.2627720852483084,0.5373058634513409,0.33876685194574246,0.2763363135698931
2023-09-27,0.3502561532729636,0.30935843497539706,0.2626657733539442,0.537300547678823,0.33901267716465333,0.27558523017058767
2023-09-28,0.2925446829886925,0.28936375184120733,0.23248109804004571,0.5169815498800354,0.3280959936912269,0.22715761882002256
2023-09-29,0.28828452407766186,0.2878113838448758,0.22858225774660146,0.4972859685310573,0.3311978822797185,0.2305525974440442
2023-09-30,0.22315217059564812,0.2591203794465082,0.19967709462104458,0.493686986738796,0.312523022198307,0.20208627691004594
2023-10-01,0.25492889845397904,0.2854824448564443,0.20190565873784513,0.6133563369162597,0.303627308607363,0.21230368168171132
2023-10-02,0.2649294483559668,0.3240134757952271,0.21046741141870245,0.6211303761450687,0.31540368798875185,0.22122716345890694
2023-10-03,0.2652945433994911,0.3242653432555147,0.21123888114877823,0.6211996240112833,0.35876408248862046,0.22323884275764708
2023-10-04,0.26655638812501004,0.32485621118273017,0.21077919029089215,0.6273189794434857,0.3614588809966197,0.22326749427920126
2023-10-05,0.27193042714625665,0.3334015815762286,0.2154215028209135,0.6222467700829509,0.36746894575520916,0.22039934643162543
2023-10-06,0.2778312493368608,0.34125220169565207,0.2205058450047858,0.616003945785371,0.3671696164021694,0.2225898528040364
2023-10-07,0.2715376697140014,0.34060352238327185,0.2186466255699062,0.6163182996928583,0.36839058259282936,0.22268311786539954
2023-10-08,0.2662380799073842,0.3397184642082787,0.21584075851704776,0.6125582258293583,0.36976516266894216,0.22367609477410538
2023-10-09,0.2707188059924009,0.35841394321721054,0.23453205129994464,0.640400134133219,0.3838696069829103,0.256052733845186
2023-10-10,0.2722857037373143,0.3574640291233223,0.23879498600301985,0.5919342412002498,0.3832784518115257,0.23215697649139289
2023-10-11,0.2633294316459668,0.3264944167391989,0.21659830610122305,0.5795934429087716,0.3501101716014655,0.23053981727527997
2023-10-12,0.24899301676719565,0.3184637235771466,0.20285089804841439,0.5966504433622677,0.35035022497440266,0.23114655784817667
2023-10-13,0.24441955212721814,0.31806254827497094,0.20111576042855642,0.5964526086895551,0.3500897696503528,0.2325500697690726
2023-10-14,0.24142439059915732,0.31490031753314324,0.20137287512278826,0.5927765964439199,0.3474826309948185,0.24459506719311006
2023-10-15,0.2442043419941901,0.3128459117108787,0.20653652147167118,0.5923074322014872,0.3375519199053075,0.24426588761556786
2023-10-16,0.29526861328689963,0.3276590421692418,0.2222099153368444,0.6595581492858458,0.34614385079263166,0.24812473727122974
2023-10-17,0.29577020666579423,0.3350973264510287,0.22646853178662024,0.6546986971546448,0.34545151408665,0.25138395364576865
2023-10-18,0.2952833777049398,0.3331916254657601,0.22705982719092557,0.6498625466774355,0.3375657883636636,0.2499035726372546
2023-10-19,0.29369276883040274,0.3328597844081252,0.22679276421908162,0.6778625276809717,0.39863475744927107,0.24669164863784748
2023-10-20,0.31217889970249774,0.3414937324186723,0.2232129413016259,0.7247808018248355,0.39692170468930255,0.25584028930667707
2023-10-21,0.3005727756746666,0.33492349510447433,0.21766503962366446,0.7420296296935507,0.3866233929437246,0.2576207402583444
2023-10-22,0.3003427937007624,0.3419184567910304,0.22482608529738196,0.7445009426167262,0.38535143906179387,0.25901044845932314
2023-10-23,0.4431303426971498,0.397073911758026,0.2774509314542332,0.7932255470744786,0.4153399127240561,0.4031147801063893
2023-10-24,0.44163281811863825,0.39562032782868645,0.2802224676507393,0.828198716121382,0.4169722109251353,0.40244230346976606
2023-10-25,0.4419078417469744,0.39573227539990014,0.2853417272775057,0.8506333439394332,0.41822562274680364,0.40996401257911513
2023-10-26,0.44493367447431226,0.3961292490346896,0.2828726348110443,0.84120938909191,0.41721406058615906,0.43935028237273716
2023-10-27,0.44852515562188056,0.4008031230079343,0.28252584794608104,0.858508033060259,0.423328599144332,0.49296162933442
2023-10-28,0.44489732939947024,0.3863443936759927,0.2797778210163341,0.8563236556728897,0.4183166783437205,0.4937157818291929
2023-10-29,0.44311091512182854,0.3867909707135655,0.28021480230604223,0.8597248277052814,0.4172560285010181,0.4932084642745756
2023-10-30,0.4439122903280501,0.3872198983071795,0.27981297748079337,0.8656828573283702,0.4323927880140232,0.49292701925924626
2023-10-31,0.43122258150471043,0.36694568293653457,0.27676307586065596,0.8450731545561806,0.44493363087159216,0.49653387390111586
2023-11-01,0.4245990775130203,0.33546996534413526,0.26990178553885846,0.8539669316650168,0.4351390580512332,0.490899713669324
2023-11-02,0.42996355496746014,0.3495920369116882,0.2738148924762096,0.8656961627456525,0.40490633811314825,0.49296180516675864
2023-11-03,0.43254335202183336,0.35172026857852345,0.2758825389735067,0.8654021173438649,0.40152178861421045,0.49293238659921235
2023-11-04,0.42604177678434607,0.3411560254653742,0.2853234416577357,0.875254181869641,0.3925551328506769,0.4920274243403245
2023-11-05,0.42554864587591335,0.3405348943562532,0.29653199922829904,0.8921830192432038,0.455827189424355,0.49914820110292174
2023-11-06,0.425536720843413,0.33793170405183853,0.3254032452731341,0.8882872386020001,0.5151470582859434,0.5506020343348889
2023-11-07,0.424377169166507,0.34063127976990587,0.3548798745356815,0.8843734100085845,0.5440585064908149,0.5726709082148767
2023-11-08,0.4184575538831345,0.3128448698719094,0.3359725068324891,0.8500068583477147,0.5270513288223739,0.554633753544052
2023-11-09,0.4208005776708047,0.49264062903075706,0.3383720344411423,0.8511280233239756,0.5401846693344501,0.5658156592493381
2023-11-10,0.40828817648204224,0.5030856436850131,0.3350187987131227,1.0940944108993484,0.5374605092591747,0.5651009633032352
2023-11-11,0.4084258852978666,0.4996415262365863,0.33176453046476045,1.0773556229252785,0.5320268773266684,0.5712548820772624
2023-11-12,0.4101122931680383,0.5019231420081691,0.34150394740492807,1.083513654196171,0.5334036492593534,0.5743403802220625
2023-11-13,0.4192505137171198,0.5015241259011483,0.3589981108682008,1.1572532429667532,0.5328149036173204,0.6015858238681548
2023-11-14,0.43712736426447424,0.5262621694352808,0.3571017154421792,1.1748765934516252,0.5903874687679886,0.6122877776938057
2023-11-15,0.45605877299984227,0.5337313515433159,0.3800233299514437,1.220720145753931,0.593120096261606,0.6314079810547993
2023-11-16,0.4934616809110154,0.5597786409091112,0.4123853217191696,1.3345945707967612,0.6325192455154737,0.6357729560390867
2023-11-17,0.4921310768447588,0.559681898508784,0.410953572655144,1.3235276619898757,0.6307150520026542,0.682143699218347
2023-11-18,0.4929137655342834,0.5598312029724872,0.4114013953597728,1.3222525376342418,0.598858805821336,0.7457774790508575
2023-11-19,0.4873370094442542,0.5602223375181168,0.4114307817641524,1.3098191599347913,0.6000799983919488,0.7458528347034193
2023-11-20,0.48768435196052706,0.5595474464074736,0.4181585499861061,1.3434741860210853,0.6078915479588882,0.7607810189139234
2023-11-21,0.5229107103374505,0.5854475502373333,0.5918925416041648,1.3965375412728687,0.6446614470878846,0.819344880771364
2023-11-22,0.43129826581220543,0.5925553587441845,0.5899173561069686,1.4077472585233353,0.6514054411939241,0.7830237997526199
2023-11-23,0.42495372913742163,0.5924944852274736,0.5885617912465428,1.3888819475215388,0.650209494613631,0.7808774247771911
2023-11-24,0.4231479248493522,0.5925217151913578,0.5864674095436733,1.3770755243661523,0.6493189652621368,0.7809299020301647
2023-11-25,0.4205764267053506,0.5925011506978428,0.5866940422254328,1.3777059690547298,0.6488218959946387,0.7635414388638427
2023-11-26,0.4210021509927756,0.591314037199936,0.5884169788340274,1.3731186077278756,0.646088538933649,0.7309230320207306
2023-11-27,0.4220249886661585,0.5958621756553668,0.5923572923223589,1.3893618605496343,0.6512883392588392,0.7294322631160267
2023-11-28,0.4228175871740083,0.5958019230911592,0.5930967356846478,1.3937936079733935,0.6488915679373152,0.7329270724109079
2023-11-29,0.4225756692489151,0.5976129500188819,0.5940445659075558,1.3850547702376172,0.6363149400548742,0.7336716745598887
2023-11-30,0.42314461481362203,0.598179652254347,0.5933870067743643,1.358087724101143,0.6239570899681678,0.7362493484633964
2023-12-01,0.42486089296442936,0.5980103697405315,0.5929685056674681,1.3437931761549438,0.6228375793533887,0.7361854055486865
2023-12-02,0.4243845831760007,0.5986079394474847,0.5897439660038456,1.3490373204555974,0.6242049929305014,0.7353213899794814
2023-12-03,0.42378663799693206,0.5977143629724728,0.5893580826889337,1.346510918844709,0.6232071298088493,0.7365621063289157
2023-12-04,0.45123221606992914,0.6001944544026788,0.5858262845391278,1.336478042918734,0.6230854207629485,0.7673070649654414
2023-12-05,0.4737964656010643,0.6010092710902537,0.5770169737655738,1.3302088680382436,0.5675957712499405,0.7667105252302469
2023-12-06,0.47605478981701393,0.6120812269199285,0.5525352396122232,1.3296062577666494,0.502116205973553,0.7329769395115622
2023-12-07,0.48034504221579405,0.6324760454727445,0.543336588064632,1.3572828110942572,0.48277607216822593,0.7129456114200522
2023-12-08,0.4827595352328226,0.6325051121904511,0.5523348051106963,1.3890966927462498,0.5086781427636891,0.7308438968593226
2023-12-09,0.4794162465048019,0.4968346566239682,0.5473595255103134,1.3971357307827408,0.5027801997900683,0.7360179779808216
2023-12-10,0.47812215144465325,0.48921196222620433,0.5486212572401769,1.1807486126577695,0.5017544867276904,0.7391538872879375
2023-12-11,0.5284582685254362,0.5293787628545065,0.5575946628296484,1.2070265664070414,0.5534774595095056,0.7927465692096074
2023-12-12,0.5281639774511703,0.5306573977366901,0.566419895610571,1.211608815209915,0.5535821289119635,0.7921203912131783
2023-12-13,0.5323092833419562,0.536633350743092,0.5597393789744486,1.1657015243855953,0.5535633263443088,0.7737614456000409
2023-12-14,0.5207389220217864,0.52130862513329,0.5597539119527898,1.1443237384869085,0.5095377882125346,0.7626045231691365
2023-12-15,0.490351266782834,0.5313675991154034,0.5489435544353748,1.0542398411958505,0.5062143358774377,0.7807058984056987
2023-12-16,0.45718369329390623,0.4989557693495899,0.526463971068945,0.949191853887412,0.46522565444090624,0.781571194171519
2023-12-17,0.46575710686466054,0.5030842245304804,0.5316536199043197,0.9633671515471651,0.46878746052511755,0.7494289124438779
2023-12-18,0.47430494255664657,0.5034868269231989,0.5335598854432244,0.9743949463553586,0.4687063795766142,0.6991173909321378
2023-12-19,0.4730222756171018,0.5040508273864919,0.5565609921483096,0.9706908024864335,0.46222712316922737,0.7047057629659658
2023-12-20,0.4831263856473908,0.5048565668887384,0.5577852325643865,0.9999522828411814,0.46176900275233124,0.6912085415904433
2023-12-21,0.4456213750701877,0.4767388521897376,0.3919045275010015,1.0124690307094193,0.41576683906376655,0.6281460229674641
2023-12-22,0.4232467826401014,0.44086674791705266,0.36604658095494774,0.9649764471136562,0.37199139488559246,0.6076343320268358
2023-12-23,0.4241398105293888,0.4422958257444439,0.3628439820542406,0.994210751177734,0.3688346580001484,0.6132692846018107
2023-12-24,0.4301792800268533,0.4490453858207948,0.3755757493422326,0.9949659444767688,0.3711662705610725,0.6157222974787852
2023-12-25,0.4312352541537529,0.44900351716217113,0.37580236812312917,1.0094486583647586,0.4173652507263756,0.6208228803422782
2023-12-26,0.44103943456465716,0.45272624341846024,0.5199755925284648,1.0527739934809703,0.437674608198203,0.6343609352164077
2023-12-27,0.4435569165881102,0.49475479206282424,0.5742936831590552,1.0580285469088513,0.4365420369185283,0.6380162084401845
2023-12-28,0.45046389095656875,0.49917286391553467,0.5771592289750788,1.079254989956996,0.4351740807405564,0.6405427847753732
2023-12-29,0.4536871833462895,0.5038234220975317,0.5887811490129176,1.0823356257741394,0.440429513234775,0.6413681237995206
2023-12-30,0.45304309173982193,0.5037838660289562,0.5878000305129365,1.1008772178475146,0.4403016941136917,0.6326734386904869
2023-12-31,0.44641518854191636,0.5021546844407134,0.5953951335380234,1.1024751608306695,0.4400454347167849,0.6331433556973409
2024-01-01,0.4653878714496893,0.4974150740679806,0.5949410614360394,1.1108555709862131,0.4443838354215872,0.6329404332064524
2024-01-02,0.4666365581730332,0.49606912351036225,0.5950078259367741,1.1188317642313932,0.4451375016630836,0.6337777538157234
2024-01-03,0.4708067253400535,0.5411918149916737,0.5931956475257207,1.16235612807728,0.5078464364366326,0.6899776112528899
2024-01-04,0.4513235524715965,0.5432285987749713,0.5908144062376776,1.1699013299507004,0.5088848669206364,0.6886829937204741
2024-01-05,0.4505919161539904,0.5348050127862033,0.596823605475619,1.1927257278485108,0.4987640680752461,0.6889816298399151
2024-01-06,0.4489634043896611,0.5008021846055397,0.6150582539377899,1.1923947071687142,0.4989929698982927,0.6905308572834802
2024-01-07,0.443129886667336,0.5012696794786393,0.618233840527192,1.1630781538057227,0.47495679760646425,0.6555307113953739
2024-01-08,0.49857943275863476,0.5300050371122946,0.6166398479231887,1.1889217801959127,0.5063329095804305,0.6699745487231719
2024-01-09,0.5036653151723371,0.5301191521314506,0.6193953662296865,1.1857111803902278,0.5075627020382243,0.656989493156713
2024-01-10,0.4531881354109252,0.5935905828634714,0.6160863042598894,1.1570493462016127,0.5029133978145668,0.633529865205159
2024-01-11,0.454715029128721,0.5917606445438911,0.6091780035134893,1.155927658193288,0.502971678851204,0.6381421309084715
2024-01-12,0.527950486819979,0.60566622707416,0.6264742510682384,1.199142819203748,0.5336289833195222,0.65211175679409
2024-01-13,0.5278214837500266,0.6047445739890401,0.6281791871709136,1.1847854010431083,0.5340987045918643,0.648508662453083
2024-01-14,0.5283815229878689,0.6046432681947863,0.6143168794895935,1.175622791438377,0.5281910081932111,0.6247116239483782
2024-01-15,0.5316741653308632,0.6060974061975032,0.6391186062461072,1.1753028869815734,0.5270306084990718,0.6039962037993762
2024-01-16,0.5280003695979857,0.6086506735951479,0.6314870938660505,1.1656632790027646,0.5247317404607438,0.5889002925678082
2024-01-17,0.5183286526966516,0.6159884832390988,0.6387697102409094,1.1641310136302634,0.5256154077560201,0.5889399055318639
2024-01-18,0.5313877499107833,0.6185276581864367,0.62481832549789,1.2008916572405917,0.5328844288134199,0.5939050125234141
2024-01-19,0.5188778247302418,0.6182360659638785,0.6198859332687211,1.1340023628337876,0.5273905187759419,0.5914346700167786
2024-01-20,0.5185126482049482,0.617882949997096,0.6046080756149865,1.0360737194922764,0.529666046604658,0.7025635854723836
2024-01-21,0.5183090218626515,0.6063057891099285,0.603785114233418,1.0264011685513583,0.5302611285583092,0.7074470545117949
2024-01-22,0.54434832617123,0.6429794213385158,0.6246280774225166,0.9984935146130327,0.5409436255854548,0.7323309986307249
2024-01-23,0.5436919775109693,0.6489411886552795,0.6241811626088456,0.9837513495376717,0.5421561917914228,0.7358927462208728
2024-01-24,0.541290208782333,0.6488971090336849,0.6291289310969611,0.9638472261088952,0.49806814342256167,0.7282094263619322
2024-01-25,0.5354442103853962,0.6463565309906991,0.4993576590980159,0.9387230485284037,0.4854257327464706,0.7226129528208409
2024-01-26,0.5550274086734479,0.6093294310246956,0.41368713303226873,0.9553544818008083,0.4991838758173871,0.722206317638599
2024-01-27,0.5514888213646044,0.6075659149557577,0.416251906498944,0.9459978952236956,0.49864947150019145,0.7206927790494579
2024-01-28,0.5500069473920269,0.6041783242263887,0.4053980223913445,0.9353585300731125,0.49708879584951277,0.7218169948781594
2024-01-29,0.5597684998360691,0.6114354488270121,0.4085200323146937,0.9486021848310224,0.5057417716645036,0.7324449725582453
2024-01-30,0.5606170780596106,0.6122727931196262,0.40580255962237877,0.948630730593388,0.5264284024769825,0.7347973791476502
2024-01-31,0.5389831437713878,0.609661798379577,0.4129067628678111,0.9181876043776427,0.5170029478398861,0.7268137446372509
2024-02-01,0.5369581232616919,0.6106563962924947,0.4127895558879834,0.9146453197881046,0.5188086770484573,0.7280133858622645
2024-02-02,0.5101741952918035,0.5666419881303407,0.4106967056443116,0.8767954231586655,0.4687780997485974,0.6312197715011167
2024-02-03,0.498914331303054,0.5602906082376464,0.3997684764347866,0.852080162058315,0.4722151568961192,0.6248515173451705
2024-02-04,0.49991780670542557,0.5604106473862276,0.40041525822019003,0.8400617168130339,0.47816085541613956,0.6229703474821685
2024-02-05,0.5000148697050683,0.5587466447781027,0.3868494598896336,0.809528120165116,0.4787011553900525,0.6170445349819795
2024-02-06,0.5012463796912969,0.5668227416700437,0.3829125573643043,0.7916526635938814,0.4697729799699813,0.6084240002706791
2024-02-07,0.4523562380152624,0.5473313908358243,0.38625847639632865,0.7415565336962813,0.4416328397737283,0.5974552354289373
2024-02-08,0.45526603075893524,0.5472129253245599,0.4062781609485318,0.7417714694417006,0.43876002882953424,0.590571469974435
2024-02-09,0.4750548147292764,0.4347118062619611,0.406046549120445,0.7490764058233613,0.3908204986728855,0.5708934672996095
2024-02-10,0.4763442284850656,0.4324178261067706,0.40583753883002405,0.7470193027274068,0.3901705761996937,0.5670237151568316
2024-02-11,0.37748849317203614,0.4130219889434769,0.38103091764860975,0.6863852343342076,0.3468274648769888,0.5335090184745139
2024-02-12,0.39052577720546106,0.4563316733477434,0.3828872736802008,0.6854347620082731,0.34761683029838825,0.5339393863417979
2024-02-13,0.37545548922573846,0.43090137921967686,0.3830941992712756,0.6787032490299799,0.3488518001302091,0.5349973898257857
2024-02-14,0.3931542926784022,0.45985274711873775,0.33968836417519865,0.6884441205233446,0.36205470180138005,0.5647359801836638
2024-02-15,0.3924171072951251,0.45281891308034555,0.3923269095140427,0.6933620863961587,0.3969540110459603,0.5649111433950517
2024-02-16,0.3889372136771438,0.4452573476651519,0.3864078462468834,0.6873254432572693,0.3949266426080046,0.5638711694006675
2024-02-17,0.3646603360593368,0.4357510014331517,0.39613199612380356,0.6253375780309883,0.39221503670306823,0.5610849287633338
2024-02-18,0.3647305127007075,0.4476617694819093,0.3985970458095262,0.6295322966097482,0.3917173691662736,0.564011142460301
2024-02-19,0.36754441170000873,0.44896613680998476,0.3983297174723192,0.6291121394415067,0.38898553879104786,0.44296331886993123
2024-02-20,0.3658211459360325,0.45093981901985275,0.39871096541553847,0.6350492234149062,0.3860695404395688,0.4526034275381858
2024-02-21,0.30805111558402226,0.39099436348062894,0.42451994381630864,0.5655870037211386,0.3743185136191589,0.40559534690254234
2024-02-22,0.31577448081363824,0.36497867779057686,0.4098739154960711,0.5818484866574914,0.37269640434954465,0.39057375597061095
2024-02-23,0.3225000943478125,0.37367571568358315,0.4094310775280517,0.5647276427110128,0.3758888955306368,0.3895846407231214
2024-02-24,0.3212447931865514,0.37237813671727477,0.40814598877536334,0.5710088434748753,0.3799939330479987,0.38946110158839375
2024-02-25,0.2924529958726994,0.38417053458656547,0.3993984450620689,0.5377636132650807,0.3608596822968621,0.3823375527463274
2024-02-26,0.33136656231161543,0.3836720868764219,0.4085970454524867,0.5699012753439994,0.3638199940712125,0.39926281615450543
2024-02-27,0.35350084369907864,0.38051966378715657,0.41775691418957495,0.5718034737151109,0.4184589520289536,0.49231636275079876
2024-02-28,0.4466796690878435,0.39204349413270906,0.440592412625201,0.625975696968419,0.4210309066453562,0.753141640477333
2024-02-29,0.45611856655200683,0.4019305669683085,0.4655272373008336,0.648094949049532,0.3857753488426189,0.7442243390859452
2024-03-01,0.45108535407272987,0.3815459687315534,0.45227914954482534,0.6245042844947096,0.3854107834804986,0.9221740448436455
2024-03-02,0.45602043476234255,0.3859433079415476,0.45054076827706446,0.6247502550581765,0.44355842034748305,0.9212953784374348
2024-03-03,0.45516726177071865,0.3843662445383114,0.4499868654568166,0.6217896714205713,0.45996272015319833,0.9402407932293768
2024-03-04,0.5047070085188085,0.3879392189300367,0.44618223443689015,0.6107412544876354,0.46756618620508106,1.0663437275345276
2024-03-05,0.5778059314320121,0.403010361912314,0.50953672010957,0.6490764641608745,0.5673341687483909,1.2727151434030655
2024-03-06,0.5818430283188138,0.4479949050001893,0.570596999954205,0.6589824905269296,0.5765074392103662,1.2705676735473366
2024-03-07,0.581635831609915,0.44552155284408956,0.6474915461876452,0.72202032702162,0.578566718886251,1.2712642265561591
2024-03-08,0.5797200817513302,0.4471438030740062,0.6481441255577824,0.7141842404756837,0.5808647749706534,1.2730842214579519
2024-03-09,0.5805651229401759,0.44398171072669707,0.6437613706827848,0.7160304995528161,0.5811354403140881,1.285154348518239
2024-03-10,0.5729351345016394,0.4489587859669018,0.6833583394684,0.7093738109659249,0.5846760865845121,1.313044647881612
2024-03-11,0.5834480067961803,0.4612171620901927,0.6868450998227401,0.7122346291265313,0.8273746513136357,1.318231826779432
2024-03-12,0.5886576751998363,0.4772006898030691,0.6826996218546858,0.7067463224501286,0.8536077768229718,1.36591763315816
2024-03-13,0.5853216379002087,0.4511292195878137,0.8443712755967486,0.7428623795644277,0.853975402730976,1.3669859797941766
2024-03-14,0.5959057012622484,0.47218466229081285,0.8689415267837494,0.7733977883963224,0.8612453257583043,1.3621197073630709
2024-03-15,0.6011987828135397,0.48313029411866765,0.8737678331473534,0.7739419448350298,0.8850797152609666,1.407134550244175
2024-03-16,0.6514263352285392,0.5408069875507637,0.949133415210456,0.7624101265889162,0.8942836856859977,1.5114370986902088
2024-03-17,0.6650406917666659,0.5457806700349794,0.9529268765683532,0.8037469935539775,0.8981439808712003,1.5263055269181955
2024-03-18,0.6658640615916184,0.5645002378730485,0.9571128744162763,0.8146494922138077,0.9012821251085414,1.5513244427010682
2024-03-19,0.7462488006125202,0.6869425149208903,1.0220754224609694,0.9910745292415533,0.9711308003860007,1.6125665688250268
2024-03-20,0.8014882426049671,0.7753874751055202,1.0588329812844604,1.0565954629258596,0.9819490146980686,1.6945089447594925
2024-03-21,0.8161075476717454,0.7739328735142618,1.061068458726862,1.0850179700477973,0.9941364922883001,1.6828756070150481
2024-03-22,0.8230233427405022,0.7909916796811307,1.0452013568554532,1.0815256670035354,1.0051892332004482,1.682153462400876
2024-03-23,0.82066616098785,0.7912113131661569,1.0466405517697326,1.0735233550287266,1.003091632365098,1.684475020714357
2024-03-24,0.8305438518855978,0.7958621080117435,1.041972708175651,1.076675713875339,1.003722969385791,1.6980907472360645
2024-03-25,0.8366793006548534,0.8017035615580024,1.0442039236267961,1.0746003577153553,1.002729535298528,1.7016102491130556
2024-03-26,0.8368624484586703,0.7929400755636927,1.0479288516239016,1.0717364728064598,1.004440559386707,1.7001939052913388
2024-03-27,0.8251456174039057,0.7972110970277785,1.048639273168217,1.0715292233831364,1.0119750383119004,1.7010929663192895
2024-03-28,0.8148307073422347,0.7962517295715874,1.0432650910376196,1.065409940496328,0.9915478408397257,1.7374002083764108
2024-03-29,0.7600120475280706,0.7854905253290628,1.0429321227306347,1.0302922678739557,0.9888240760232682,1.6681545098709682
2024-03-30,0.7552988298239056,0.7839240706468228,1.0338843940398268,1.0209843434517663,0.9886133712240176,1.695900954748664
2024-03-31,0.756414955114374,0.7897206355212708,1.0337102357771073,1.0241077755540617,0.9860626133391726,1.6305621183313521
2024-04-01,0.7616612658170212,0.8028045760945431,1.0586795362452879,1.0497823373849582,0.9607683183949692,1.6576141360387942
2024-04-02,0.7934305202011875,0.8329724717972384,1.0756557489819214,1.0775520541454813,0.9675803888302864,1.698875522425237
2024-04-03,0.7439223215755875,0.8207521145234897,1.0760770532675679,1.0770168282960368,0.9610721546255173,1.5981092163338246
2024-04-04,0.7143734364179734,0.8187040462305595,1.051424318018134,1.0468660356794035,0.9157743508689317,1.4749537878421546
2024-04-05,0.7049282399427359,0.7738409534671009,1.0216924233678066,1.0660454539232465,0.9078589779296125,1.4737534264338557
2024-04-06,0.7059271459826404,0.773061534129708,0.9687254223571912,1.0224361057585252,0.9042186819467171,1.4813203730384916
2024-04-07,0.703190756663257,0.7821614777402569,0.9674406307039533,1.0224734865278453,0.9036885807463823,1.4918882705964966
2024-04-08,0.7116980727191365,0.8202588443658829,0.9674564616381082,1.0217614256638974,0.9119004945172023,1.467157392818635
2024-04-09,0.722425980141135,0.8388465301323911,0.9313407107540806,1.0390214356253349,0.9093885769813789,1.4771891793568301
2024-04-10,0.7090357217273917,0.8209408687409727,0.9433406355687985,1.0352927649952763,0.6626708484048881,1.4702911176360922
2024-04-11,0.7090590642196826,0.8192748136006707,0.940973633272542,1.0353062230731533,0.6440609313792159,1.445527937827102
2024-04-12,0.7182919750371042,0.8582270913988814,0.7564210274986193,1.0812365404608864,0.7368550082871695,1.4976853774967684
2024-04-13,0.7327383126565723,0.8857381623848463,0.7840262231126285,1.097016080292253,0.8540479756565388,1.5570016948268952
2024-04-14,0.7353002808837882,0.9010523378161354,0.7688449995164243,1.135650567157758,0.8656479741451459,1.5491337780083188
2024-04-15,0.712716135553722,0.8804141269420667,0.7026775228794698,1.1706927164122571,0.8520817858520718,1.4680746165938832
2024-04-16,0.6926540368083834,0.8695678378393823,0.7083236987800063,1.098262122955604,0.8441180940446475,1.447850848015443
2024-04-17,0.7045951420483716,0.8687039778023076,0.7019072096353898,1.0988462907461345,0.8258284441418965,1.4385008156772414
2024-04-18,0.6474301680645029,0.7913376743789153,0.6345893141303787,1.0358424974214935,0.7624793296756404,1.3866028134146238
2024-04-19,0.5602837806385004,0.6880684562615689,0.5463781534706548,0.9292291835485712,0.7422810593099578,1.2631833494569737
2024-04-20,0.5511659474814957,0.6997607224111636,0.5560119707575822,0.9365703703891484,0.7446471799737724,1.2683904964936275
2024-04-21,0.54307528614848,0.6827877003931484,0.5581634105551303,0.9350453243374917,0.7307439034381288,1.2709308980168799
2024-04-22,0.5517188426430196,0.6858260620152606,0.5753780939080121,0.9564293716714596,0.7622139833294458,1.2566061845561483
2024-04-23,0.524641519591867,0.6724289498857641,0.5681566964327769,0.9266159727980938,0.7572988190000715,1.217345800841368
2024-04-24,0.5163252354802923,0.6601768084209219,0.5569683401232234,0.928972693395821,0.7600729662265222,1.2301055445527604
2024-04-25,0.5165380608312065,0.6608540303939657,0.5554702535503627,0.9280330665068177,0.7596287617979545,1.2198496430522234
2024-04-26,0.5171697194784799,0.6570529723725147,0.5618306501865251,0.9330957939659649,0.7542219538126905,1.2073761539264216
2024-04-27,0.5113122704470436,0.6701467864091765,0.5595942997960205,0.9321408543961566,0.7494057105823728,1.0753480757701057
2024-04-28,0.5101936941848662,0.6691178725479339,0.5328343844469737,0.9298097235568021,0.7478873564945124,1.0733005721112086
2024-04-29,0.5129142487932412,0.670399813086848,0.5302694387400166,0.9269859791593791,0.749554550837653,1.0556646391947886
2024-04-30,0.5301749213529223,0.686639097395389,0.5354156908682696,0.939241836350144,0.750211491747231,0.9977805890281269
2024-05-01,0.5394882177836181,0.6767574027736167,0.5134714473214549,0.965842921119295,0.7590834749322691,0.9792565093962947
2024-05-02,0.5031185065524223,0.6407679879541655,0.4901679636269201,0.9582999169576851,0.7473002183536275,0.9123567260900655
2024-05-03,0.5525943077107411,0.6555271200407794,0.5121153085002716,0.9710068670169731,0.752418618958876,0.9862428196505516
2024-05-04,0.5382738655141217,0.6554878863429667,0.4910224523282106,0.974807714793437,0.7413654780454639,1.0384835131038617
2024-05-05,0.5377729134013003,0.656119728428906,0.48999051203875127,0.9606342096950881,0.7409714691376295,1.0380887661821494
2024-05-06,0.5353074863297609,0.6589828770399856,0.4885705078413471,0.973124047673105,0.7439972996451507,1.0252728865661895
2024-05-07,0.5354062042164925,0.6500279694865525,0.49359937615444255,0.9767830685924305,0.749328147179849,0.9971432338997229
2024-05-08,0.5218135310465254,0.5960962292648576,0.4989021441101759,0.9826293514281406,0.7374718788666969,0.999793003496342
2024-05-09,0.524512929355412,0.5807937514020844,0.49970952375255406,1.009170620053257,0.7387167921652027,1.008413101250751
2024-05-10,0.5296411885529062,0.5922669718509483,0.4728123562108926,1.0180134915381014,0.7454767255190998,0.99695284882721
2024-05-11,0.5297765217229621,0.5924537845777691,0.4740744595519807,1.0180297540942658,0.7466201797727368,0.9946876192942978
2024-05-12,0.5146080270539438,0.5324860406613667,0.4715257001961675,0.9345412969526891,0.6528158773676538,0.9306639778863696
2024-05-13,0.4949293510074569,0.46868249512436544,0.3896058695361645,0.869237369557897,0.456336477463559,0.8357177901851932
2024-05-14,0.4902089872794706,0.44083640951464664,0.4114491859090259,0.8220376736008564,0.423551100320279,0.8079474021547429
2024-05-15,0.5405502031100262,0.4760235175671867,0.40997485715011744,0.8509845781605396,0.4403295748556307,0.842843615703677
2024-05-16,0.5432090683204246,0.4861848346025684,0.4042255216035913,0.847549462020438,0.4408947703770973,0.8447853292883623
2024-05-17,0.5298542723037319,0.5033931218722132,0.40802035086124816,0.8579445981908558,0.4431254095538531,0.8322454537541536
2024-05-18,0.5171268093839121,0.49642144550231454,0.39317279907628294,0.8247776113363853,0.4410482953332234,0.8276811232450078
2024-05-19,0.5184444840366141,0.500004337285281,0.39521329064352134,0.827931188708288,0.44887767410257745,0.8268665094003961
2024-05-20,0.5769034274060406,0.7856337331662563,0.4091319337893638,0.864247252850478,0.4541092872695481,0.8978468579005123
2024-05-21,0.5817034610680899,0.7916945574068989,0.41936999705013717,0.881105009207612,0.45312709392929157,0.8965833936243199
2024-05-22,0.5767528694734148,0.7937638035904455,0.39459558472827216,0.865270900268127,0.40795539804143977,0.8990963190084182
2024-05-23,0.5799041212910878,0.794139379047649,0.404818064572297,0.8633818952977204,0.40248644916195564,0.9100189449658831
2024-05-24,0.5677971857977032,0.7901203701480959,0.4045419002620097,0.8657474402462785,0.38963790128866477,0.8927513199704837
2024-05-25,0.5685833625483757,0.7901130602686758,0.4038630893546934,0.8613019425273198,0.39076510002110953,0.9148438947527053
2024-05-26,0.5685853840418836,0.7901497347841173,0.3942981213845524,0.8556276915414146,0.40104277783930675,0.9273898563890601
2024-05-27,0.5692407538762819,0.782658931789417,0.39467527814984044,0.8638165939221949,0.3984883177640115,0.9282970409981991
2024-05-28,0.5720215562243579,0.7853241993223944,0.3942587114999297,0.8588154674889057,0.3964357107789112,0.9330308059291069
2024-05-29,0.5729694483604866,0.7874629743223136,0.3933949454538207,0.8588832509811264,0.39693576553843424,0.9289870744131993
2024-05-30,0.5403045665877146,0.7467820908283025,0.38318546894007055,0.7978630275423487,0.38489389939105023,0.894574168964497
2024-05-31,0.5213722894329406,0.7430110879568981,0.36781594022503117,0.7780078304111867,0.3672041840053039,0.8886507097248741
2024-06-01,0.5207822560476779,0.7432295283636089,0.3697815140365251,0.7762927582591965,0.3672644137965855,0.8883966394736011
2024-06-02,0.47678771126233066,0.7374667912098519,0.33428214902771747,0.7688797957244389,0.3564773723416504,0.8230530799649342
2024-06-03,0.47656505937279553,0.7383142929686173,0.3584571096844131,0.7680132653956253,0.359519355636518,0.7574705985647462
2024-06-04,0.48287169457537227,0.7385263568471558,0.47207988030645914,0.7782698936826978,0.36183657468274494,0.7602057685921925
2024-06-05,0.4793918630596046,0.7307952570855618,0.4727028609712678,0.7636574884810481,0.35454171305333737,0.754167014321588
2024-06-06,0.4762072313608631,0.7286880069314261,0.4649923391119047,0.7575963841368835,0.34042956050465534,0.7414571882357205
2024-06-07,0.47774804989085046,0.7421627174849409,0.4888339443975012,0.762086137715776,0.3702670053679687,0.7747277984695151
2024-06-08,0.468572242378533,0.7408189622877588,0.4883386707637591,0.7320330577921191,0.3712186804988448,0.7461462528176582
2024-06-09,0.4459511741526242,0.7195231064033983,0.4858010918751828,0.7186801897229482,0.3522963240103539,0.7198136255354465
2024-06-10,0.446233994246622,0.7220253422568721,0.5567104863684608,0.7225809931767396,0.35137992775175075,0.7212559807844826
2024-06-11,0.4637495551854816,0.7473679783150428,0.5726333852445284,0.7567606532379134,0.36810826605237523,0.7391871504325163
2024-06-12,0.4596912364673333,0.7485080994195444,0.5799900491590263,0.7623671009458612,0.3754434319299415,0.7449770013263829
2024-06-13,0.4598241499259075,0.7496174480523361,0.5711970816401933,0.773374241374967,0.38810422723127325,0.7516451488206497
2024-06-14,0.3867575879853987,0.7320214145659686,0.5657166952378145,0.6731416951129072,0.3630006853473834,0.7266975331393354
2024-06-15,0.383192812723477,0.7246668095374281,0.5606357014312356,0.6763169164227943,0.3844421130893747,0.7197200868106491
2024-06-16,0.371866223036643,0.7092789219985177,0.5568811179795208,0.6537119235591363,0.37984571395515127,0.7046178410981015
2024-06-17,0.3719289768767767,0.7206010846009179,0.5584905280929044,0.6723108207183341,0.3974602339850597,0.7327018073583024
2024-06-18,0.3770831336367309,0.7181042644083467,0.5655136062780759,0.6832084499104736,0.4010996102462332,0.7472764794640934
2024-06-19,0.25992271612927476,0.37238664146761236,0.5487453075585164,0.5775071111393981,0.3497987155917973,0.6288880612334689
2024-06-20,0.2541165921824691,0.3521928287643499,0.5410295554149549,0.562908172428827,0.3504288196228087,0.6224263211564379
2024-06-21,0.25269331909653736,0.3500781579115357,0.5408227249084894,0.5661280137821697,0.3457513318926396,0.6211021252575745
2024-06-22,0.24723650118664334,0.3465785837454916,0.5348553067550597,0.5659468627090801,0.34503372537852856,0.6115722315887124
2024-06-23,0.2494108492805669,0.3504299766999846,0.5406524997164192,0.5573271930054878,0.3422364743850918,0.5991919344233471
2024-06-24,0.28893830994744596,0.3540752369200396,0.5428890385052639,0.5703614937279244,0.339520551154323,0.5457675540994692
2024-06-25,0.3053826161152158,0.34834102489295715,0.5471064502781741,0.5809872389589553,0.332411363783365,0.585288593199702
2024-06-26,0.30183159881571003,0.3396467407334522,0.5470877480792368,0.5572808591863423,0.32975677740645176,0.5806226400052715
2024-06-27,0.3057041264443839,0.35193328392469975,0.5501575852385561,0.652524259965121,0.3336454819397874,0.5993702426711635
2024-06-28,0.3107352484787038,0.35210283405342413,0.5556008300925863,0.6882819505980562,0.33336095432908247,0.6049674596618321
2024-06-29,0.3101402545767762,0.35222944056763195,0.5560192300688893,0.688766862560385,0.3331148466389177,0.6015992913405529
2024-06-30,0.32874399102784824,0.35889138946987753,0.5615611935804241,0.7103676274765893,0.3350190652690921,0.6103171688679853
2024-07-01,0.3284840020518328,0.3539190077485735,0.5598578800123745,0.7101063724181239,0.3349768396863575,0.6074209723359598
2024-07-02,0.33008759635448265,0.35344781609459736,0.5602881392127669,0.7317122809791053,0.34100680962198104,0.611098725185154
2024-07-03,0.33790583445890876,0.37299410976476594,0.5582499852890688,0.7910861165039501,0.3592833054073024,0.6309821293656498
2024-07-04,0.36272767582017634,0.44064174777775467,0.5110738285249334,0.8344089868304552,0.43552247343660455,0.7313415170024955
2024-07-05,0.3585991781880033,0.43792616684297353,0.5058227813838472,0.8570605787590703,0.43669732226143276,0.7284675024280368
2024-07-06,0.3792951826998219,0.4558016800895236,0.5482704387940103,0.8913291052624418,0.4862176815882006,0.7891935605100293
2024-07-07,0.3958167611827774,0.4641957962377634,0.5780117176019602,0.9213114555910626,0.5160517895970151,0.7977730682992961
2024-07-08,0.4029382862862846,0.4812572286113231,0.6040059787488178,0.9466725346639874,0.528825201654083,0.8122864141979481
2024-07-09,0.414530179076383,0.4853650203201211,0.6085382796222575,0.9418727114291847,0.5277871960286399,0.8109679953725637
2024-07-10,0.41421529614101904,0.48888576548877427,0.5664678637281927,0.9408195824632587,0.529391294774215,0.8124129613678389
2024-07-11,0.4032074673778809,0.4649668239467213,0.5555918982321039,0.9284286560687888,0.52623867498592,0.801041797053178
2024-07-12,0.40079711626174735,0.46154881982198037,0.5490054327669873,0.9226427763271178,0.5562813921225472,0.7682567727833972
2024-07-13,0.4076502487051496,0.45871849080822086,0.5401847928335757,0.908113823932492,0.6531056130188488,0.7835041714474802
2024-07-14,0.4204084881772654,0.46615349492482194,0.5473956700643086,0.9132470951717365,0.6541429719595164,0.7808132024119833
2024-07-15,0.47810779332319825,0.5241039819391596,0.606036098617503,0.9490552577540977,0.6530149145099601,0.8331001143074751
2024-07-16,0.4777894757864183,0.5219579565437126,0.6077272523345807,0.9403933260780672,0.6995223876033686,0.8328874945022094
2024-07-17,0.4802509382276004,0.5136983017249473,0.6081411789116627,0.9267157800031839,0.7383318954183545,0.808718382919411
2024-07-18,0.4753691978410032,0.5149725606220392,0.6021989039074139,0.915202557428594,0.8109091918220838,0.7907010614396502
2024-07-19,0.49677750177486013,0.5151617277127073,0.6131939439615259,0.932720950752534,0.8109219021915847,0.8087332020501176
2024-07-20,0.49717409926365574,0.5132600515685606,0.6092681177205779,0.9312095525411751,0.8158079642878534,0.840452090005428
2024-07-21,0.4974154245840801,0.5135559834635255,0.6115078018226425,0.9487489055822543,0.8155041063099807,0.852410945257624
2024-07-22,0.4989929415016721,0.5222171716151855,0.6177880854292949,0.9578957586814838,0.8150325274848781,0.855522501830379
2024-07-23,0.5030408245743686,0.5183889435894061,0.6130837752549081,0.9550467964307787,0.8161575039541777,0.8786222735996755
2024-07-24,0.47315528161703896,0.535781481667044,0.6117926723088439,0.9552317682848384,0.8180724924649836,0.8756993690863393
2024-07-25,0.4666653766533775,0.5601509266910202,0.6091609195964253,0.9646634651165628,0.8291360452673024,0.85563035929361
2024-07-26,0.47322836057788636,0.5714660702365858,0.6116150037545816,0.9835428373402145,0.825959568711606,0.8826939854998015
2024-07-27,0.4719836371170979,0.5651857581479272,0.6093535557374441,0.9398159594044688,0.8291902297157049,0.8787138069506713
2024-07-28,0.46390416822394104,0.5618648472373514,0.6027981256206811,0.901514803313147,0.8273542776646576,0.8715378064567149
2024-07-29,0.4720426238070061,0.5644703263522847,0.6057082962257719,0.9044329364974494,0.8274665092825977,0.8720877993453073
2024-07-30,0.46437245303645713,0.5618891980192284,0.6069726222968954,0.9001210220427658,0.8358595264005151,0.8733770010278155
2024-07-31,0.4728843644201412,0.5635178430857726,0.610317782721522,0.9161674259433236,0.8375389388640004,0.8789710004811472
2024-08-01,0.4717480441225467,0.5638881890306062,0.6100375809381857,0.9082771385761671,0.8566078208508461,0.8811426433359454
2024-08-02,0.5074226571551098,0.5984708424478934,0.6263871304278104,0.9105336007691549,0.8760212942409762,0.8884316083352166
2024-08-03,0.47081498271886996,0.5498664255620342,0.5641328203115942,0.8774660317539629,0.8264178268680047,0.787067327427784
2024-08-04,0.49520886342462556,0.6040937409684923,0.5977598850585699,0.8689976148298236,0.8568585676545547,0.8005075681880911
2024-08-05,0.5496210176845403,0.6899865784996184,0.6087638063353376,0.8676816745827872,0.8767050040767006,0.8205810596881112
2024-08-06,0.547135340183979,0.6816986054038235,0.5831608122272248,0.8998389781660401,0.8454153129466833,0.774234849206624
2024-08-07,0.5471024156690923,0.6856917823200863,0.5685991666404668,0.8759225994655659,1.0192617390972507,0.7641104935600207
2024-08-08,0.6708079895019575,0.8469381339305896,0.6437165464879647,0.9679774963752946,1.0207504342998823,0.8735168303313214
2024-08-09,0.6726009650288112,0.8501807466234278,0.6438333895207115,0.9821603357349413,1.0511296594829405,0.881450501033485
2024-08-10,0.6719117317344312,0.8507233438521073,0.6517101466781988,0.9690155795974588,1.0499781048082373,0.8817610083090293
2024-08-11,0.6848194730070216,0.8501471532853031,0.6619637797576552,1.0127313565206857,1.059118008232159,0.8941370690379669
2024-08-12,0.6812942189622642,0.882277592118372,0.6706807858437867,1.0173895409559033,1.0032709875441974,0.9168742239861837
2024-08-13,0.6787215305973118,0.8770218075671177,0.666702474367871,1.0077700277169692,1.0031203468829202,0.9122624538986566
2024-08-14,0.6482132482742049,0.8322010190661048,0.6125260970730625,0.9710116566539395,0.999716601686363,0.8700115035753162
2024-08-15,0.6499717787530781,0.8371293235537436,0.6112319621290915,0.9702735676104618,0.9650001477367932,0.871302993925817
2024-08-16,0.6554331918053009,0.8392028896917919,0.6104831908555355,0.9679259810959465,0.9229332394524792,0.8695954149165296
2024-08-17,0.6570579943297419,0.8382895027825856,0.6292647469609188,0.9668923933747768,0.8630718406044003,0.8746724088242497
2024-08-18,0.6400783699858507,0.8312906202734345,0.6161681618262561,0.9393038001652464,0.8629761231094124,0.8563293501423421
2024-08-19,0.6432886848419638,0.8325844267270847,0.6439451818059768,0.9348349164503,0.8810417945153213,0.815871875385837
2024-08-20,0.63959703590853,0.8323521971815296,0.6453900252191638,0.9032404617496795,0.8810614507754164,0.7982938933671576
2024-08-21,0.6546628219724723,0.8376773640347911,0.6396818851483702,0.9006127305069848,0.8799944284219411,0.8106903075137933
2024-08-22,0.6514054059766914,0.8344589156292261,0.6439942305117888,0.8964002522905224,0.877970240018487,0.7928396933743436
2024-08-23,0.6856515012053989,0.8518493936917896,0.6444874898209746,0.9254935648100892,0.8733209738384518,0.8363121928386263
2024-08-24,0.6852353014632475,0.8379550898634196,0.6476688925391785,0.9360967086365443,0.8667647284281456,0.8340383252909812
2024-08-25,0.6752803291879084,0.8282412607944906,0.6458752198282152,0.9061102281887673,0.869760436878998,0.7953766416195343
2024-08-26,0.6788105348076899,0.8306919657797931,0.6649430950258246,0.9057462069016866,0.8717537890799988,0.8029103901166216
2024-08-27,0.7030649189744852,0.8751461893089006,0.6704705206403623,0.9307450958585598,0.8796694085043133,0.8248970446642183
2024-08-28,0.7004076135591999,0.8813420530716115,0.669498778957372,0.9315143436703586,0.8799197869132843,0.8267806736367792
2024-08-29,0.7009581096754638,0.8818122797111693,0.6628517359018443,0.9333627144156107,0.8662551289786532,0.8268296803334141
2024-08-30,0.6971593563133498,0.8820060085810412,0.6600015133670041,0.9255061093242851,0.8671670527884869,0.8262760970085969
2024-08-31,0.6952975858824383,0.8820636977571402,0.6600322673818714,0.9241999827881825,0.8547837015393563,0.8236345210017334
2024-09-01,0.6705539722512821,0.8602981501372292,0.6436301444663287,0.8885943898200206,0.8356126648568278,0.8222105950161418
2024-09-02,0.6795102712991443,0.8751572778284593,0.6456932969566028,0.8776632199900781,0.8452010433237306,0.8324391189362349
2024-09-03,0.6700981281219925,0.8489534840301418,0.606383992847568,0.8930890528245723,0.818584404768459,0.8246211728764931
2024-09-04,0.6157715748784195,0.7656964837765688,0.5591859741247974,0.8810523053361738,0.7796940608843134,0.7550956888791064
2024-09-05,0.6139783458150103,0.7724007717765693,0.5413979089875031,0.8007352641431533,0.7780406576860665,0.7515242002820846
2024-09-06,0.6276707812056607,0.7839998181145225,0.5477277613510901,0.8074166544087791,0.5080469488640748,0.7818262544191663
2024-09-07,0.4780576919728743,0.6159169489016526,0.4589883209037725,0.6796455175668341,0.4970631142455129,0.6663315680933931
2024-09-08,0.480505464391084,0.6108629842156853,0.4613351378362811,0.674061592153362,0.45783816949574085,0.6584240590715787
2024-09-09,0.5024780224571456,0.6196905757884171,0.4634446135748447,0.6898481514061594,0.4630780362221804,0.7118658176451763
2024-09-10,0.48817155151597913,0.6185785480146467,0.4428331975646366,0.6271066794062896,0.42282445396418644,0.6947380549141883
2024-09-11,0.4866660197087049,0.5742490023064853,0.4398820533575956,0.6193168136773105,0.4113928102186009,0.6494356247417793
2024-09-12,0.4833419561537209,0.5762562940971321,0.4477502513502168,0.6280794249136047,0.44723329007089935,0.6500690396533765
2024-09-13,0.4910652643707761,0.5887749706680598,0.45317883126040737,0.6301518114889549,0.44909347394657717,0.6519823359813143
2024-09-14,0.4866457949547175,0.5777863718585552,0.45256787184122255,0.631242587609238,0.4656463224509813,0.6493397592882615
2024-09-15,0.4832911383554088,0.5935580154959599,0.4526012621463894,0.6426901649972069,0.49097495199077607,0.6559209340016772
2024-09-16,0.4848629128238903,0.5921677574216253,0.4488950168091556,0.6376701799751723,0.4999451390116254,0.6598460754627791
2024-09-17,0.4965570039902707,0.5980966962869607,0.4508728891328444,0.6374061244561027,0.4997148595298255,0.6553541214473273
2024-09-18,0.4997358585167594,0.5996092727680136,0.42368476265617017,0.6404969564635474,0.450922566748142,0.6604166489992374
2024-09-19,0.5025198607861876,0.6111031678889729,0.42064822467476504,0.6765979101695642,0.4502926120978641,0.6593894324736963
2024-09-20,0.4878727424873412,0.6213876662680431,0.42081813022280756,0.6825399741985028,0.44867194395372784,0.6504323001977863
2024-09-21,0.485281588791729,0.625456117293732,0.43044178338702765,0.6853025586074589,0.4549799498155145,0.6649631950755382
2024-09-22,0.43929800126461643,0.5977128027802479,0.42718085550411117,0.6515444226511038,0.45188606050577607,0.6268735262270976
2024-09-23,0.439396991754181,0.605248965918934,0.4313212725667026,0.6271611542638401,0.45171648581857493,0.6300677679355401
2024-09-24,0.4424464941838879,0.6049341453289199,0.4288509183412426,0.6569445981898985,0.448153753623897,0.6258624326816572
2024-09-25,0.43998028931663397,0.6069000891968893,0.4108902028136043,0.6645765852653227,0.44450028230664934,0.609964284971007
2024-09-26,0.40386189620964436,0.5262404067436964,0.3986104134239749,0.6441089933894683,0.42723456273300253,0.6351680008869454
2024-09-27,0.4028932864221504,0.5233180198977996,0.40135922512019356,0.6405164715874231,0.4273053094521543,0.6489939240582789
2024-09-28,0.40290953147336983,0.5242641710156702,0.4037557082075491,0.6316848456346982,0.44654188647120063,0.6568418975519041
2024-09-29,0.4028927631643193,0.5250375769559914,0.4057869443758896,0.6286544520348295,0.46836802248719517,0.6691359419291469
2024-09-30,0.4246393566804824,0.530551721583879,0.44405777788351997,0.6411975873092506,0.5017862644986153,0.7415280799820225
2024-10-01,0.4374238930607526,0.559772992388655,0.44047849396904015,0.638543464474459,0.4938712540872153,0.7456585833383171
2024-10-02,0.4244875575207218,0.548384121768916,0.43291687064848083,0.6311909255963206,0.6019691032643792,0.7378358788932086
2024-10-03,0.4113443224821422,0.5262197958188121,0.4293643963813898,0.6035834877513777,0.608027391077595,0.731963157847399
2024-10-04,0.4166066345172779,0.5339712872925075,0.425061965865469,0.6027907422796891,0.6144315737154368,0.7421068810752942
2024-10-05,0.3987337052171831,0.5201187952051672,0.4238787423049671,0.5904819361446061,0.6094201458126828,0.7421403890598214
2024-10-06,0.36731985351623586,0.4682756140539804,0.40610141506226055,0.5800459977917163,0.5900748341309451,0.7056525279716277
2024-10-07,0.3708204574071452,0.46473055977769817,0.40879562452027074,0.5823620073559717,0.5906671675781654,0.7104352253548705
2024-10-08,0.37005745038501175,0.4641910803423613,0.4144675434718863,0.5803412653590906,0.5900541850601779,0.7126003252322244
2024-10-09,0.36151974235314055,0.4677712900494613,0.41078496212452337,0.5778267392755843,0.5876540090253968,0.6633005287429901
2024-10-10,0.36106612959128004,0.46637851445827205,0.4136218295191827,0.5778233523881555,0.5891274643911407,0.6656912352208162
2024-10-11,0.3795849832253377,0.46656638905478043,0.4091666051241244,0.5911471774568086,0.5904826699060286,0.6794063765090163
2024-10-12,0.3786050132519048,0.4682663856143512,0.3999391431227068,0.5849620268438123,0.5618106242783534,0.6784126189599073
2024-10-13,0.35495240570439657,0.45516177352001475,0.39478428114705233,0.581427899070358,0.5588496915854361,0.6644007879922466
2024-10-14,0.3912677738846188,0.5034374283949538,0.40596195252893996,0.6177408814903252,0.5512392268004535,0.6798171282971908
2024-10-15,0.38794782166214054,0.47770838807233346,0.4066307449865603,0.5994352057300489,0.5332041254119808,0.6721704916662944
2024-10-16,0.38144560790525794,0.47558204546302985,0.3827631744111404,0.5999684771128839,0.5250542353874682,0.6944155533747516
2024-10-17,0.36607020489038394,0.47267025489417447,0.3809192642154984,0.6089627160345762,0.5253146590185326,0.6987180954753067
2024-10-18,0.3612502058959962,0.47263950578098307,0.3742631024410264,0.612339229949429,0.5256082537810146,0.7158492496576907
2024-10-19,0.35703943463444554,0.45660583428394463,0.37245853246602517,0.5850613209688299,0.5253497667080449,0.7292516188953841
2024-10-20,0.3577987424181831,0.4549780261334782,0.37472155228744425,0.5990895686653086,0.526551948195666,0.7338842518926639
2024-10-21,0.37017659829045674,0.46372405226478564,0.35953027255683834,0.5982030486118975,0.51990027289594,0.7254830350171578
2024-10-22,0.37016046559808474,0.4655482297272307,0.3608867005847964,0.5840252872186646,0.5209284190337393,0.7218438533924837
2024-10-23,0.37255081203691903,0.4756195383941221,0.35193240629869027,0.5859676948731455,0.5226397059080005,0.7217886709714743
2024-10-24,0.3771690911194586,0.4758909676469114,0.3569723430709018,0.5713388966686173,0.5229382761704843,0.7215511949288514
2024-10-25,0.3806385471006474,0.48435713113311474,0.3589725536529157,0.6190645807039682,0.555199999455091,0.775780835972119
2024-10-26,0.36567909633184414,0.4827313582223723,0.3584082995030784,0.6075323629741815,0.5599240926312302,0.734622040535354
2024-10-27,0.3673362448350306,0.4761738741661911,0.3545286760127606,0.6155633445762738,0.5612792474114855,0.7374990415085859
2024-10-28,0.3792279895352676,0.4842637612926559,0.3605068832202371,0.6148889103485737,0.5376593797399957,0.8214058186674903
2024-10-29,0.3996470773145061,0.49406483447322014,0.3601424413969167,0.6144836138287241,0.514461280588243,0.8532728633345277
2024-10-30,0.3760994244057215,0.48896503848444123,0.3212897768132348,0.6049288664254433,0.4929424941382343,0.8051232479174854
2024-10-31,0.360156514170638,0.4784947440890657,0.3161162226609484,0.5914435249598916,0.493767082453626,0.7771167749837609
2024-11-01,0.3637319519554837,0.46112122830359736,0.31511461543850144,0.5788601004376724,0.34700689225589404,0.7741781950442159
2024-11-02,0.3642691347195903,0.46131314455599676,0.31678108325506915,0.5691252764825063,0.3304562144856752,0.77449558623154
2024-11-03,0.36152681975828416,0.45568067169796267,0.31817971540741874,0.5592513807247523,0.32199963826559735,0.802497829577803
2024-11-04,0.36614868987992527,0.4640283022267244,0.3159351872180709,0.5701674987549027,0.32124616921098026,0.8099621927962244
2024-11-05,0.37093884656940257,0.46392745533547836,0.320075792602187,0.5910512441090521,0.3290027407330225,0.8358735706407165
2024-11-06,0.46579416459670037,0.6162327073645459,0.36315004882582425,0.6968253183767813,0.37733301901898636,0.9369074127185046
2024-11-07,0.46512213108049716,0.6485396513247973,0.35118365690846065,0.7107077285346054,0.3866249532789848,0.9388658000962867
2024-11-08,0.4510582296733233,0.6385105886943581,0.34485818239198296,0.6962889952980476,0.38385703848546215,0.9416659845515671
2024-11-09,0.44914982678507,0.6588655543645758,0.37135659367736024,0.6957334833336327,0.38347261658424875,0.9531600506079616
2024-11-10,0.45931382242528396,0.6580391015235101,0.3681074878919628,0.6982865241642964,0.4175121055371461,1.2101651554700283
2024-11-11,0.5557908082002571,0.6793683697743976,0.4033076445101722,0.714126543625993,0.45300507245037785,1.399984214077481
2024-11-12,0.5568195904581508,0.6992173406143323,0.4495482960666223,0.7463986657145557,0.6147758931454975,1.399620837088526
2024-11-13,0.5424315400429263,0.677061340181182,0.4407889003221891,0.7222225475770632,0.6185639440522728,1.3997984596257094
2024-11-14,0.5640796659357895,0.6953852810268651,0.4400002326257039,0.7267603053277849,0.7176803422883653,1.475160524535711
2024-11-15,0.5755249412406767,0.6954345427020453,0.439237047413877,0.7331799248076729,0.8503468180848561,1.4719658032711223
2024-11-16,0.5761178672677031,0.6954330523043798,0.4363533329700173,0.7267705749166197,1.121676409849285,1.5004020811284844
2024-11-17,0.5791669142787407,0.6999803902728837,0.4359317504845874,0.782097062834111,1.1589427177098246,1.501080125104611
2024-11-18,0.5781590324721257,0.7115759394537053,0.43575837529556233,0.7799240235392528,1.1603736078646842,1.501737509367156
2024-11-19,0.5794038737005761,0.7150091249397459,0.4339868984671696,0.7744026581922182,1.1658917061081404,1.4942735488368393
2024-11-20,0.5674520908518201,0.7071754334463028,0.4360065737942065,0.7749563073713143,1.1633620962893414,1.5107293451284294
2024-11-21,0.5759683173592539,0.7610663718780802,0.44434332630034556,0.8159315260184221,1.200810478235848,1.4955088839686808
2024-11-22,0.5701038176095777,0.7451520795046541,0.44363560823397924,0.8167849037690983,1.2821711660507102,1.4947997646755578
2024-11-23,0.5758243802414658,0.7458194119977353,0.44942484381029263,0.8158066996652198,1.2863833144681125,1.4926738533217068
2024-11-24,0.563701275828569,0.7291542171204604,0.43180338571155813,0.7618376207657475,1.2616128853607862,1.44379143913375
2024-11-25,0.6061318127659083,0.7290268769546464,0.45297699487903775,0.8199953331576103,1.2721344970096113,1.5140582359994215
2024-11-26,0.6109206223017953,0.7405321951230917,0.4722495179661806,0.8204842359294556,1.278435540014897,1.5228744240540855
2024-11-27,0.6176507648866032,0.7964725861031301,0.4965292090175791,0.8315767215124391,1.2755941787020018,1.4955492841297915
2024-11-28,0.6104884790349708,0.8021844533107743,0.4980262090332598,0.837397366477586,1.2747908699842798,1.4852015579114777
2024-11-29,0.6090769188935757,0.8024555866882179,0.49264464628685833,0.8290926964848315,1.328848415650191,1.4662647325832525
2024-11-30,0.5978379388600119,0.7707847819585933,0.4761321916607449,0.8214731656606861,1.3128584425198762,1.4519371696324748
2024-12-01,0.592691645916809,0.7699029473089068,0.47469604395762716,0.8175628958012303,1.3666328261934633,1.442254950247664
2024-12-02,0.5975401800340162,0.7742081304698561,0.4764966348801007,0.8430384343543094,1.4155570553786208,1.4593846483222332
2024-12-03,0.594727139830875,0.7715491836185935,0.6298388404019394,0.8392257877975476,1.4760205249588907,1.4533922552055119
2024-12-04,0.5907797437215877,0.7762862897737541,0.6263697540363756,0.8348013883380739,1.5207272401941017,1.4567116988106865
2024-12-05,0.5982960440685675,0.7828939029116404,0.6409541292860391,0.8239053338627581,1.5574719009967002,1.4590181834779292
2024-12-06,0.5390580056466883,0.7081861164189951,0.6239251261815575,0.7379310784044233,1.5606067100018788,1.4001122393407461
2024-12-07,0.5395161229901939,0.6869878991941546,0.6275104928833771,0.7214205232113657,1.5599886604407633,1.39222056893519
2024-12-08,0.5396532177091703,0.6862642336962597,0.6299943540453056,0.7212572426325036,1.5599332588055264,1.3910640486633588
2024-12-09,0.564639588135961,0.7295315840491147,0.6758379991818716,0.7947002957378565,1.7242473679207426,1.468030085862971
2024-12-10,0.5487917726421734,0.7347468104187768,0.6799322406408912,0.7781945678314656,1.7261083734581044,1.2614722088724715
2024-12-11,0.4621506130197593,0.732166004523407,0.6793931605356833,0.784113277232442,1.7306072843404614,0.9835719150691502
2024-12-12,0.4633793180390477,0.7160482911977393,0.6501246017763518,0.7639224545609271,1.7211358653782831,0.9513225492425451
2024-12-13,0.45745257127604505,0.7109680107393084,0.6539329402979944,0.7632901970211325,1.7074643910399103,0.9363382674984091
2024-12-14,0.43660203542091675,0.6924479242435574,0.6572432196783953,0.7614643567573001,1.6954774077979202,0.8754509890567925
2024-12-15,0.42582368616541516,0.6943513594804941,0.6563747022372994,0.7507629580291918,1.653520357616862,0.8608612706198738
2024-12-16,0.4259434264985282,0.6940796620418934,0.6564348112842618,0.7608373993642027,1.4976427468442248,0.8445645168314515
2024-12-17,0.42356807970230476,0.696879075069026,0.6560361140598864,0.6882135854346529,1.4638124143973874,0.8481252514795544
2024-12-18,0.4771596229741133,0.7372840770000458,0.6783352873754236,0.7349253688778701,1.5342362585968132,0.9133644846910258
2024-12-19,0.48516117800058867,0.7603262693185949,0.6881423687413344,0.7628011710490873,1.5414381944654973,0.9985930248870759
2024-12-20,0.4801730579441848,0.7595391468625907,0.6869392630939127,0.7635801213186191,1.5398771116403873,0.9960086103794703
2024-12-21,0.4575786876145888,0.7090711674864958,0.6876810101402322,0.7196461146231328,1.5052935209351204,0.991821588163098
2024-12-22,0.46304484899423637,0.7110341301031936,0.6898604041446865,0.718371891970582,1.4129409054919073,0.9591309219818449
2024-12-23,0.4613688382102582,0.7231372444668694,0.72118385291614,0.7517726833183636,1.4123768126724832,0.9575129042805649
2024-12-24,0.4820268155347031,0.7255403535425303,0.7199399500550429,0.7686006012443892,1.4059793807167498,0.9704402791270443
2024-12-25,0.44521206131525926,0.7236661540713334,0.7069730233960457,0.7289495859797354,1.4055181293708254,0.9227823702356751
2024-12-26,0.46396827974103294,0.7370856091947429,0.6973256899563469,0.7422055669922981,1.4299739423852191,0.9469980040898216
2024-12-27,0.44414601537646375,0.654223750960792,0.6783150781700727,0.7174376954904016,1.42562456278393,0.9348086913235014
2024-12-28,0.4457702290798072,0.6562367452808576,0.6916649150631135,0.755131858285045,1.4200043317409512,0.9490615166067917
2024-12-29,0.4439191633949219,0.6573256339384633,0.707038534157536,0.7508238776295604,1.3333189684574867,0.9210119503148371
2024-12-30,0.44373415611212896,0.6468168217399527,0.7083758865658394,0.7506109764197565,1.307086893725004,0.9215247011663801
2024-12-31,0.44383744903928823,0.6467661965929807,0.7087616925535918,0.7505842975796636,1.1741626421768423,0.9032476123507227
2025-01-01,0.44333359999787664,0.6457008683849677,0.7069666166503749,0.7446518307288625,1.0771220623035713,0.9085590830826237
2025-01-02,0.4521223017068402,0.6541163834571695,0.5508403009857938,0.7768335705713937,1.0468522525665052,0.9159748549868131
2025-01-03,0.44311806682639254,0.6368923227905607,0.5521749598600381,0.7928997805009977,1.0257760045891446,0.9795734622760601
2025-01-04,0.43902518794835704,0.6375782823896057,0.5417398483432928,0.7853420403037781,1.0113369538741983,0.990189372281057
2025-01-05,0.4273066168180713,0.6047051893280114,0.5379807783274582,0.786045524677238,0.9748240408373092,0.9924799132960229
2025-01-06,0.44853740881727544,0.6076450889982583,0.5390525774305938,0.7906468320854659,0.938846400563334,0.9815334192421798
2025-01-07,0.48379062220892455,0.6741303865469771,0.5588946880700708,0.8311968535179893,0.9626262754050076,1.0364981804893454
2025-01-08,0.4697536302460239,0.6264547820750078,0.4953594834281287,0.7765282089140921,0.7915272989605716,0.9593228473790084
2025-01-09,0.478014771696387,0.6313777814932595,0.4941130786427651,0.8058995970809495,0.768975457720942,0.9688412380119154
2025-01-10,0.455843863852191,0.5993407734383615,0.46321573931463894,0.7726082142485617,0.7758920365628192,0.9618337022224411
2025-01-11,0.45469836881096326,0.5969031019605214,0.46297916236907893,0.7730041041928979,0.8404975035538716,0.9659465833060696
2025-01-12,0.45108554618299357,0.5953326340719994,0.451730473305221,0.7734619532116994,0.83936651127978,0.9653747661648171
2025-01-13,0.4510821920031961,0.6073817823576854,0.45000042365461496,0.7762440836746464,0.8388592272167361,0.9636206828821754
2025-01-14,0.4445188250904327,0.6107084011992202,0.45311123819630145,0.7789371181897667,0.8577974683809861,0.9799578066131225
2025-01-15,0.46495494496160233,0.6625314411059053,0.46016795277534384,0.8432973395921034,1.0255251557684213,1.0222281286479202
2025-01-16,0.4650017430442373,0.6724331518301354,0.4610339134875817,0.8404209423488535,1.0252395311036628,1.0231423142995553
2025-01-17,0.4424320186002999,0.6552746181908475,0.4371731858593177,0.8060131191181871,0.940267732744881,1.0220303244914883
2025-01-18,0.4299456774360078,0.6443505689055896,0.42694123730800376,0.9776623545249028,0.9299446834134285,0.918055297312431
2025-01-19,0.4456391810464408,0.6481214788357333,0.44415683006112666,0.9912630460276749,1.0090232848602305,0.9927884927240008
2025-01-20,0.44584560750046165,0.6393739509757828,0.43656579497064657,0.9680725327747244,1.0133621508008097,0.9940050549464705
2025-01-21,0.454203542523624,0.6381802836038553,0.4315745530321449,0.9699072783538396,1.009395254618079,1.0001899426343117
2025-01-22,0.46327616761431467,0.6263916636559371,0.3650420621869009,0.9607351336955383,1.0086756990292485,0.9981440932898452
2025-01-23,0.44456266205151085,0.6309516292986564,0.36591494044713224,0.9603997010085962,1.0125562612151209,0.9976516961927455
2025-01-24,0.4448408492940902,0.6313347839294818,0.36735166180139456,0.9604675513752734,1.0112779496168165,0.9972042572045636
2025-01-25,0.422200507914396,0.6096116439220586,0.36293121434586123,0.9398638342596627,0.9765114249648797,0.9662937619645572
2025-01-26,0.42520187412785804,0.6163976207189085,0.37546458200546806,0.9687247405935301,0.9849873534907116,0.9848412624373304
2025-01-27,0.42515506996922875,0.6131966906693652,0.34804219832335137,0.9574274229606262,0.9847497772847278,0.9761419058691977
2025-01-28,0.4212303575822726,0.6215782895171758,0.3351403058128817,0.9599082911820653,0.9667431349719484,0.9839812278923009
2025-01-29,0.42468652804659457,0.6234885915742028,0.3323439274700752,0.9598980229183578,0.9614159397885252,0.9855569154118531
2025-01-30,0.42485400614442265,0.6421925663506625,0.33683804952216406,0.9666922851618309,0.9616174405050936,0.9883421019072582
2025-01-31,0.43342848027235586,0.6445107643124961,0.3352864735156732,0.9720882934114898,0.9029134486659628,0.9840312632715387
2025-02-01,0.4312994397988668,0.6651215414373123,0.35734419611164153,0.993017929956499,0.9251576562621514,0.9987215046480588
2025-02-02,0.44242406550385205,0.6981717531985372,0.3974971525469567,0.9922966937317171,1.0064311289612018,1.0139643912423657
2025-02-03,0.46051105016451455,0.6953617738316232,0.3976137683757621,1.0162606516737565,1.0160878342704078,1.0305318759776825
2025-02-04,0.47810517364938393,0.7127958736895417,0.46671208348390625,1.0274359745638393,1.044216939792035,1.0546243201979315
2025-02-05,0.45854147094592945,0.7159223487643271,0.4492916478944125,1.0389359074843059,1.0655072901696125,1.051434688641822
2025-02-06,0.4197574356777626,0.6677823272633333,0.4320040997896329,1.0117451831383601,1.0448113053382204,0.9976404662631119
2025-02-07,0.4137780784222,0.6696997487726594,0.43593646961331173,1.0100409939430914,1.0388542038027673,0.9976509901215689
2025-02-08,0.40199821355701537,0.6646660982323483,0.48898957962976886,0.9908346709964978,1.027095412280444,0.9863536502188759
2025-02-09,0.3942005299424614,0.6604131553734427,0.48720748409888154,0.9899460196976431,1.0230035088043286,0.9717274864594054
2025-02-10,0.3954749817576493,0.6628565040373049,0.48711221342786226,0.9899757079105622,0.9654554228319957,0.9735352504287339
2025-02-11,0.40046730090263616,0.664921088488483,0.5078097800302179,0.9913063546949332,0.9608727412210711,0.9732966989604914
2025-02-12,0.40720426660900383,0.6840171373115089,0.5866651951941299,0.9850249666428347,0.96471188161369,0.9890664183578644
2025-02-13,0.403467937404614,0.6767826564514138,0.6071376776860397,0.982861983813326,0.9519328407181418,0.9654526580821872
2025-02-14,0.37864283758884754,0.6292700159705313,0.6012488186892828,0.9304444111561663,0.7856598056789756,0.9250466348148525
2025-02-15,0.37839667944150013,0.6170636439836743,0.6011888111584075,0.9290170199403771,0.7761118581063933,0.9248852716062445
2025-02-16,0.3512498607288343,0.5835137514637542,0.6000175128252511,0.9220908593148874,0.7731226224745723,0.837846438413924
2025-02-17,0.35028337117178615,0.580711394675714,0.5980764065599611,0.6681933494935309,0.7759992864788504,0.831582002074724
2025-02-18,0.33496485261287345,0.5798889262719941,0.5924249274387103,0.6737689586976143,0.7092717517700118,0.7726573863011273
2025-02-19,0.33539486991187495,0.577153006490278,0.593397994353853,0.6670362016929751,0.7283871509267054,0.7777163603015588
2025-02-20,0.3122869202508442,0.5753171139815294,0.5911741741790694,0.6743250295403074,0.7238162968888543,0.7499403539954264
2025-02-21,0.3111599967936063,0.5761737763652869,0.5920959117809846,0.6662508425008469,0.7354436967397073,0.76790541697257
2025-02-22,0.3115657610347511,0.5829256913851701,0.603644782574388,0.6756425943342479,0.7345645345338871,0.7792468806809619
2025-02-23,0.3087193101510939,0.5901340066246954,0.6041286867808227,0.6748628228972993,0.7350056751432508,0.7787230930772832
2025-02-24,0.3498251301786128,0.7020278628979931,0.6481693006057511,0.8587227206134195,0.8392267378346447,0.8988794825619592
2025-02-25,0.35851547155763547,0.6993510496449691,0.6451759548429482,0.8529093858216562,0.8428383229361218,0.8939478517053263
2025-02-26,0.3933461962022488,0.727187066379753,0.6433906487073972,0.8686391687175941,0.854672448141582,0.8969096239432789
2025-02-27,0.39547694876014755,0.7224378883423109,0.6380644340727697,0.875453473420989,0.8545856622910882,0.8970511023298985
2025-02-28,0.3811434696107729,0.7219040653309292,0.6426075963997084,0.9278769332162796,0.8541616266805857,0.8906241490093751
2025-03-01,0.38862501879688593,0.6962447448820075,0.6528148663580402,0.9054716784063094,0.855207663933561,0.8912254154055562
2025-03-02,0.5123450355194674,0.8457401308618039,0.6608771965091437,1.2202960685405058,1.3631429422035564,1.0555611470264505
2025-03-03,0.593040295290874,0.9813277446068588,0.7042730711987677,1.4206744729292855,1.5339381357457647,1.2030971669913455
2025-03-04,0.5892762438374739,0.9505015326053966,0.6819621167947352,1.419949033192786,1.4919867218479275,1.1172928763605652
2025-03-05,0.5900714213182392,0.9603417721231944,0.6879488757718858,1.398364477945669,1.4841730102543107,1.0969494719740107
2025-03-06,0.5788440528686382,0.9474863656334916,0.6344689217855521,1.3937428412329382,1.472893312585336,1.0701811377504296
2025-03-07,0.5892416967438749,0.9446606062690757,0.6341806271508099,1.3874846934665366,1.4894058985028498,1.068273049063326
2025-03-08,0.5892388114040664,0.9476341915418317,0.634290693820642,1.3852479616769178,1.4896994301619493,1.0677970441397961
2025-03-09,0.6274161210371708,0.9865762709250742,0.676291107486177,1.4028699383603576,1.513576203784036,1.1549376806293852
2025-03-10,0.6312724979619798,1.0160449260315871,0.6555655617607689,1.4020137110717947,1.5237072804811227,1.1745395224407076
2025-03-11,0.6654379168604808,1.026287655060461,0.6708870950466863,1.424345492636732,1.5471916578812044,1.209042489184917
2025-03-12,0.6651582897281711,1.0229138805190419,0.682222431625452,1.426172560191658,1.5508780385759493,1.2199050253731896
2025-03-13,0.6701287108373319,1.023035518965661,0.6709739889495093,1.4266174555586113,1.5511422751006372,1.2241570635231647
2025-03-14,0.6783403865942825,1.0071691709475665,0.6002207886568635,1.4644179685159402,1.5571988205843923,1.222302614692626
2025-03-15,0.6784795453575432,1.01010466888226,0.6145997845734562,1.4681883098093036,1.5529709855794274,1.2289937202735473
2025-03-16,0.6790071467821818,1.0058180148764333,0.6213317399182008,1.4772059210872932,1.537868516132871,1.221097694865607
2025-03-17,0.6833537959245417,1.0123365760904712,0.6459085364070206,1.4804295819307225,1.539571016869486,1.2306029880889457
2025-03-18,0.6834570430299642,1.0134872555855354,0.6428261175376129,1.4791757378935908,1.5406125412802854,1.2315800936603563
2025-03-19,0.7087237602923682,1.0356944172451923,0.643937721468832,1.502421922586093,1.5892905699930406,1.2563906911550065
2025-03-20,0.7150628130444179,1.038079207976363,0.6405888528982268,1.5066276679654595,1.5915559312764176,1.261947639055055
2025-03-21,0.7132664061991818,1.0338217975520103,0.640493195560975,1.5075138299747874,1.5740520525418453,1.2582708809768315
2025-03-22,0.709015814361794,1.0336635970513404,0.6415079034816361,1.497124533773962,1.5732627428362411,1.2583891857013103
2025-03-23,0.7147956721226356,1.0349297347697077,0.6401726510454336,1.5004508724401384,1.570465427156989,1.2559494697016338
2025-03-24,0.7177698850449277,1.0348528857556536,0.634095355842749,1.5164324644328684,1.5705917391139232,1.2721133201650707
2025-03-25,0.7178062336633962,1.0293578888961201,0.6331933434264383,1.5175025274896863,1.5705722600478376,1.2841378746943108
2025-03-26,0.6977122023523816,0.9605015114951991,0.587738840089766,1.4064035249568427,1.5162367668888401,1.1911880681480695
2025-03-27,0.6893535236781316,0.9606318808643047,0.5953162498500184,1.4051875088527863,1.5148992500628577,1.1929230149766241
2025-03-28,0.6750803795449003,0.9527773434481259,0.5997099226934817,1.4065097253068863,1.516761659236005,1.2003926049417628
2025-03-29,0.678821474242924,0.958383375884012,0.6065949126818545,1.410650097690302,1.5212277796000737,1.214140883903037
2025-03-30,0.6787621008492886,0.9548670159976874,0.5975955484097322,1.3834164759541174,1.518862510084525,1.2131443932289612
2025-03-31,0.6746637999544458,0.9562994706601153,0.5862565464556909,1.3804404448678091,1.518713108596385,1.2085378890745637
2025-04-01,0.5994735191156646,0.8480066997947829,0.5799851324110101,1.1261519635447013,1.08924089243814,1.0913702415592015
2025-04-02,0.5245299666006277,0.6828852014156775,0.5203709746767269,0.8461701589903646,0.8430761253258096,0.915443107014186
2025-04-03,0.5234410377217097,0.6834483592958506,0.518419635041115,0.8416491303528146,0.839731474650826,0.9152233979520542
2025-04-04,0.5056689057964361,0.6702233335926119,0.5123061799369713,0.8605923391631304,0.8455349076528654,0.9318202045042944
2025-04-05,0.5053988305509098,0.669108551732169,0.5129155910977641,0.8605514352353851,0.8313473793467318,0.931569643261183
2025-04-06,0.5363808273298816,0.7994267028067673,0.5612395199619253,0.9575244926079735,0.8629370536650828,1.0185394902900793
2025-04-07,0.5380373926046845,0.7874673111814137,0.5612396005935019,0.9593796401457672,0.8607008670197178,1.0162171968215856
2025-04-08,0.503579401501119,0.7547976301775251,0.510262078987662,0.9246060443754306,0.8337963237791566,0.9223452292603402
2025-04-09,0.5690395471796864,0.8499243462794017,0.5156476139901213,0.9995722608727471,0.944657363536042,0.9727430430449472
2025-04-10,0.5524002613461731,0.8943979014939003,0.5017821133047893,0.9945118736822987,0.9208306195307306,0.9559361093243386
2025-04-11,0.5765697483870322,0.9034973904262652,0.4912735723235933,1.0293835427454003,0.9196406272082883,0.9524858405209509
2025-04-12,0.5703238369829021,0.9211123987579234,0.4921261459448947,1.0685173060393103,0.9503818395182134,0.9557931740537304
2025-04-13,0.5614102209545065,0.9187458068982939,0.496294222840608,1.0369043515044412,0.9371304870623199,0.950819168182178
2025-04-14,0.5623031065845906,0.919561447991109,0.4575586148808528,1.0353348331027794,0.9352431564107625,0.9498458540791638
2025-04-15,0.5586532218023001,0.9184506063448725,0.4479282195472511,1.005908482206115,0.9274431704789341,0.943628330863845
2025-04-16,0.5556001985294405,0.9135184864109984,0.4125142427252305,1.0146556669603195,0.9240096580193949,0.9368754186525363
2025-04-17,0.553932165408013,0.9137107688056239,0.4159323088787582,1.0152013653654088,0.9215668389599734,0.9323967357459035
2025-04-18,0.5266089345122731,0.8800584376273414,0.4136486377196432,0.9793359610904604,0.8287220210344958,0.9083954603675227
2025-04-19,0.5161369295142914,0.8782691769336621,0.40716445229363124,0.9668896556754487,0.8200950437201104,0.8938532347600225
2025-04-20,0.5160971805893128,0.8788406755702354,0.40597065012963857,0.968695779634711,0.8175833484753959,0.8938816409574734
2025-04-21,0.5241795517056214,0.8772899874943895,0.4055450474072514,0.9695540867312914,0.8180351319799697,0.8994566557686421
2025-04-22,0.5639066381256308,0.9608263823570996,0.4246818527465225,1.0074532906819267,0.8408071779997899,0.9803445512951124
2025-04-23,0.5617761970258716,0.9541424049935161,0.42335064368900677,0.9881817972940956,0.8405750251419511,0.9582480430462459
2025-04-24,0.5616406237439726,0.9546701459262973,0.42232107230813354,0.9868321023218554,0.8405603106485451,0.9500628890721885
2025-04-25,0.5611021919434391,0.9522188344208959,0.41765832047040874,0.9736521746274394,0.8297868201296267,0.9462792720473353
2025-04-26,0.5611860828920417,0.9559204145657632,0.4045831971209667,0.9746692769619325,0.8301376364989894,0.9434078300888379
2025-04-27,0.5483868260517613,0.9390901033775535,0.3937605245841574,0.9432021843387858,0.8103669079086608,0.9247665628223737
2025-04-28,0.5419801257088961,0.9307337095247771,0.3821774447292076,0.9305991886885346,0.8032678377149208,0.898395496959477
2025-04-29,0.5431157724896163,0.9299435024940735,0.383363677931683,0.9322216740868866,0.808982661627299,0.9006025875155709
2025-04-30,0.5433736249793765,0.9294866723643848,0.38307918338875363,0.9318762589731592,0.808647101870336,0.9022343676806069
2025-05-01,0.5396739699675014,0.9199862802020556,0.3811409745782876,0.9328527975605361,0.8055168036937055,0.9051172880900847
2025-05-02,0.5241104973610294,0.8957498482537911,0.3616085757499514,0.8902396965640547,0.7795392974957173,0.8776278121460475
2025-05-03,0.5269365236454968,0.8950006309755315,0.3615879443838215,0.891539972607717,0.7782703231637385,0.8857379864188084
2025-05-04,0.5319624502430912,0.8963027287414569,0.36891695489171356,0.8845112931127176,0.7729134661362875,0.8728486416674881
2025-05-05,0.5311648911748862,0.8963143654609831,0.3745846945429512,0.8808127436590867,0.7737355169212561,0.8715167812113067
2025-05-06,0.47547627458536423,0.756273628837159,0.29064299208907307,0.7366637030864287,0.6662500067424405,0.7473132965369841
2025-05-07,0.47571489737842815,0.7525739318760407,0.29035517592375026,0.7371785372692436,0.6666303341607512,0.7475281814980749
2025-05-08,0.487123083197123,0.9826723941266897,0.32184291510123897,0.808055234101385,0.6966655732325998,0.8609071837638954
2025-05-09,0.41996474554224594,0.9139566253948288,0.335041551183462,0.7223467943895464,0.5313630603390883,0.7729982067258512
2025-05-10,0.38937511028939914,0.8814063198788863,0.3336038526239905,0.6834981002568017,0.5284483931705432,1.0001397449908749
2025-05-11,0.36837561202884406,0.8938547620990605,0.3421701003484237,0.6650959330650463,0.5513373000973673,1.0481443354644435
2025-05-12,0.3710214898526579,0.889572595892336,0.3394876231594191,0.6098787374296134,0.5605332304357382,1.0421966376452996
2025-05-13,0.3611550296373727,0.8976240940431557,0.3269974801948753,0.6120051231622846,0.5545385083627248,1.0366168413350982
2025-05-14,0.36382232198433134,0.9104848137482532,0.3356888660802838,0.6377180701507833,0.5585518858564181,1.0409938212380978
2025-05-15,0.35838710779455685,0.911488831749818,0.33320235977704243,0.6528431466153044,0.6073595288185913,1.0599601374770005
2025-05-16,0.3600175289906595,0.9106463999996262,0.33565511193061887,0.646805083297187,0.607609182957389,1.0599425070304336
2025-05-17,0.36144766762664754,0.9208373861290848,0.3376121890743647,0.645940721920717,0.6086229725305151,1.0699401343990322
2025-05-18,0.3691665298755036,0.9201125079477468,0.3421544397518816,0.6564350828656417,0.61524070231309,1.0989644251366326
2025-05-19,0.3733733021423885,0.9201709548480754,0.3426578570894962,0.6639026894843387,0.6209018643654981,1.112083800265022
2025-05-20,0.3730936419767819,0.915337467692038,0.3427405032247554,0.6599552680234945,0.6222314110850212,1.1084791767708855
2025-05-21,0.37229320396363236,0.9125876063243601,0.36042174616042827,0.6616764971298674,0.6236468923745102,1.1099771726257188
2025-05-22,0.3112038465418611,0.8595053071728346,0.3476576046409304,0.6079804507130353,0.5925877628291011,1.0569503118748818
2025-05-23,0.35000198018095346,0.8901793399819883,0.3762866013501111,0.6214192925561128,0.6285291225392805,1.109731472093919
2025-05-24,0.3499668118477461,0.8861442345440206,0.37768418313261526,0.6215368890816496,0.6296591094991483,1.1089221031332412
2025-05-25,0.3507051762727893,0.8861554327673872,0.37705578776605225,0.6191582417823643,0.6280677153639376,1.108429082210149
2025-05-26,0.35028818369935777,0.8859726035046883,0.37605487643102614,0.6175795800001868,0.6304277946337823,1.1083018500897162
2025-05-27,0.34824416011712667,0.884526049296446,0.37791809257966824,0.6158316891375424,0.6236570450452886,1.1059083692077425
2025-05-28,0.3510613483684845,0.8842291404354733,0.37822100651806095,0.6253420482563538,0.6237822717760185,1.1105180550013167
2025-05-29,0.35919707750138274,0.8900264838748332,0.38321613609294514,0.6368444745940892,0.6192102535271733,1.1116579491730827
2025-05-30,0.3650317464351871,0.9066843593666487,0.4002297702658653,0.6810599765506669,0.6372083028223329,1.175921211090044
2025-05-31,0.3572497966453307,0.9064867600760368,0.40005984153624297,0.6771165640207973,0.6387999516204959,1.1655848763767547
2025-06-01,0.35813440805666813,0.9062644962852207,0.40004756395099983,0.6735962167863212,0.6388818631932871,1.1656205142338552
2025-06-02,0.35479644680952205,0.9061230492007353,0.39987045659241777,0.6729475861562596,0.638557957602308,1.1588331669386975
2025-06-03,0.34871995322182237,0.9037071158281297,0.3905777329833695,0.6702274485457594,0.6406179127632213,1.1537494531168944
2025-06-04,0.35048792200684825,0.903769982073674,0.3865562690110293,0.6694603908365037,0.6432162812890146,1.158563246953952
2025-06-05,0.3634405188798793,0.9550302946871451,0.42294456632676175,0.7032838184329737,0.6660546110532304,1.2079245488422097
2025-06-06,0.37412981990045663,0.955455554792822,0.4253340554424632,0.708531813078576,0.6736798977748161,1.2178068962782664
2025-06-07,0.30825827479611323,0.676993611231075,0.4011144759240915,0.5906445919839541,0.5920161012711488,1.1157546953978812
2025-06-08,0.3080084037785154,0.6467841482992692,0.34620661159008415,0.5641781107337561,0.6098720606450216,1.107478258537938
2025-06-09,0.335092407746316,0.5967887686565531,0.3538919367567329,0.5907119680634176,0.5853331514506585,0.8626924530716901
2025-06-10,0.3338119233760651,0.6108663799690325,0.34899389371836453,0.5920057788976137,0.5666684123646109,0.8295790925095876
2025-06-11,0.3350324210505462,0.6135393676908218,0.3477477069160895,0.5970875113259334,0.5038494848367815,0.8334868916713689
2025-06-12,0.3480026824844554,0.5879468812413662,0.3536276567604632,0.5891301505321532,0.511225305428961,0.8385413729435379
2025-06-13,0.34743310765978563,0.5867966153132826,0.3481249947005848,0.5808590178106863,0.5130423290836673,0.8341131230509706
2025-06-14,0.3482199525422387,0.5846688744478677,0.35209613266378614,0.5703183558835582,0.4633829632355891,0.8139764659071974
2025-06-15,0.34802074606935884,0.5849317551190185,0.3513210223812613,0.6084628936109924,0.466627938694622,0.8127044767643996
2025-06-16,0.3496493190566453,0.5780511708384029,0.3491359776774506,0.6095500445495801,0.4821509009178202,0.8093389048617975
2025-06-17,0.34001419030534025,0.5794050414515718,0.3433047571571343,0.5886483662316349,0.4812873672418961,0.742344493269806
2025-06-18,0.3391007201949695,0.5782146363093982,0.3436101558174658,0.5770201993411482,0.4788013028194371,0.7384827877254136
2025-06-19,0.3362579454393775,0.5782137877966065,0.34359711028553713,0.5755664151338346,0.47814019426218246,0.7369178194703747
2025-06-20,0.3248495759884646,0.5989621736603912,0.3190119775447988,0.5820314612582252,0.4771522572763737,0.7340767450341341
2025-06-21,0.3177660973032605,0.5956628450794721,0.31578290244289453,0.5689338472149948,0.478499721318149,0.7118259296515618
2025-06-22,0.29033305264103076,0.5771686308473256,0.28702457790649477,0.5670104966210572,0.4459008336648485,0.6644996439257401
2025-06-23,0.32866735705710365,0.6465371778072887,0.31518724035750356,0.6668608117838928,0.508296556709974,0.7378533642913294
2025-06-24,0.32696937552329225,0.648313212069425,0.315684146464592,0.6689986894967418,0.5111434631299956,0.7412974056047089
2025-06-25,0.32956688211236274,0.6490000135733106,0.31477417521180473,0.669884213138851,0.5095249299156795,0.7394868284507486
2025-06-26,0.32945046211504236,0.6335091756650082,0.3066942728784698,0.6726941915347995,0.5241002078932581,0.740945922931518
2025-06-27,0.327472829852863,0.6326803963039974,0.3077374330516005,0.6771776436258133,0.5257357626068049,0.7424169795590762
2025-06-28,0.3192246795991312,0.6308083753805757,0.3034197328759091,0.7073247117995429,0.5296015350281061,0.7452516731316488
2025-06-29,0.3155429835545225,0.6245322408347135,0.2879447460355412,0.6743436835897813,0.5029315355425059,0.6762071249752791
2025-06-30,0.3181151867117399,0.6248167127773511,0.2877902900502831,0.6752652577278934,0.5021735719193301,0.6801753860200384
2025-07-01,0.3202653496853264,0.6345598016287015,0.2927644863995766,0.6985312222032355,0.5129445149727996,0.693471972625581
2025-07-02,0.33641554677501767,0.6713078195757369,0.30066860968145714,0.7111063741376509,0.5215896888338326,0.7383824962733633
2025-07-03,0.33640332863281747,0.6717089108232719,0.30054860337453815,0.710287957560128,0.5173107077271644,0.7429307461224111
2025-07-04,0.3400095451202419,0.6808690670856758,0.3050613582000746,0.7171133875434097,0.5158025103964688,0.760043737084792
2025-07-05,0.3198613085898441,0.6234407452197607,0.2569360846148361,0.6847242516775254,0.4829787211855711,0.6874737572828893
2025-07-06,0.3082550700234836,0.6215795724842682,0.2545910006464912,0.686871789597625,0.4779694922641716,0.6891022247737607
2025-07-07,0.30782763792372764,0.6194360969906967,0.25152382161782044,0.6886161935417136,0.47747197071866787,0.6807259936709019
2025-07-08,0.3083583594447098,0.6266197858811159,0.251511372802607,0.6894950477188904,0.460120102704435,0.6846297616907429
2025-07-09,0.28076686165598375,0.6161267062350397,0.24457978897220872,0.6719918420621176,0.4732276834846653,0.6825023466053434
2025-07-10,0.31627253759277385,0.6320543718065924,0.2568450581372186,0.6858123490602818,0.5119768751427881,0.7344710124760643
2025-07-11,0.3128154083822742,0.6288595395143787,0.2550978119027702,0.6804895778558617,0.5572138049462303,0.7349208805888316
2025-07-12,0.29342947515712375,0.6034279978631433,0.24588108637424388,0.6526411931647363,0.536209596734397,0.7009612619906357
2025-07-13,0.2957432541582013,0.5952448458577492,0.24720112996356297,0.645593908225974,0.5350754726783373,0.7005967555747179
2025-07-14,0.29361494006728545,0.5897997847580025,0.24075515828938263,0.6367055459589671,0.544912889935598,0.699151703130192
2025-07-15,0.303246166267284,0.6020249272910809,0.24068900650116623,0.6090172829255518,0.5513360643802966,0.6960516243051706
2025-07-16,0.3023042273773966,0.6420288709110966,0.2555733582242221,0.6347589693288349,0.5555508769294197,0.7238316070948464
2025-07-17,0.28883113571984015,0.6407368600623767,0.25883991297622405,0.6283782928198799,0.6851231352210269,0.7201725749490119
2025-07-18,0.2934843358199352,0.6412491060758888,0.25883477040435293,0.6263068017342495,0.6954746492728396,0.7591194073754216
2025-07-19,0.29314777264891917,0.6395734671128179,0.2583657127880596,0.6269411885824034,0.6939030419387129,0.7596186589801845
2025-07-20,0.2885092138715675,0.6135560201418797,0.2731907493334065,0.5982678839316832,0.6818646477379248,0.8232861881723217
2025-07-21,0.2832031991910021,0.5739126048772248,0.25819457058233325,0.6219950684453791,0.6646733549883266,0.7930959210065927
2025-07-22,0.28314361166024876,0.5543022341999142,0.24690932377355773,0.6178573699051424,0.6517625398529764,0.783834572280506
2025-07-23,0.25547696904204026,0.5331422854020387,0.23047143083692312,0.6418344183769179,0.7664074942098207,0.8888357980146019
2025-07-24,0.25653285600575154,0.5338225097136068,0.23568530555392847,0.659988140233511,0.7713622019797778,0.9054228705616765
2025-07-25,0.25700180270545897,0.5265537203711715,0.23977418230612033,0.655894988745754,0.7711803679157684,0.9034672013705128
2025-07-26,0.2558665554406882,0.5249018851986199,0.23581845682435085,0.6431599671854186,0.7504227383669873,0.8941290034025268
2025-07-27,0.25776499000361025,0.5276075372643874,0.3036371743155095,0.6428434289187234,0.7510006868820659,0.8943869237896258
2025-07-28,0.2630388041605285,0.5402565158305335,0.324296043032066,0.6312089479804496,0.7705269612216916,0.9325082221572512
2025-07-29,0.26229734492379336,0.5415253964830465,0.34202884321878985,0.6322331688279079,0.7713535427343389,0.9310249369984732
2025-07-30,0.2577696434701211,0.5380132721654429,0.34989205944153373,0.6386046894381869,0.7750147010050029,0.9277679717804976
2025-07-31,0.26143551915896457,0.5346135225404033,0.34756344907753145,0.6189298650240336,0.7720296322370535,0.9292020612542768
2025-08-01,0.2569283152864376,0.5584003088799496,0.3707371589560054,0.645073587510586,0.7770896634407687,0.9226315057384701
2025-08-02,0.25763180892253357,0.5735804781674132,0.38736311006551466,0.652719521467506,0.821425029360009,0.9420500491020011
2025-08-03,0.2556096680716364,0.5576817039373364,0.3854247745168982,0.6457184644064835,0.8392822494966903,0.9263104171510036
2025-08-04,0.25633295476297474,0.5845020539211337,0.39064285814299865,0.6623690042045716,0.845459298592485,0.9427515773181089
2025-08-05,0.25732693871366197,0.6022740133387342,0.3982057092649618,0.6688580202715432,0.8597330289841114,0.9548993040813021
2025-08-06,0.2554979755389038,0.5974298875349459,0.4004267194678438,0.6678820052839286,0.8591337038131945,0.9520096814311304
2025-08-07,0.26395778385406043,0.6177728749155564,0.4055101928341807,0.6794366124964476,0.9208901208252059,0.9850632806467294
2025-08-08,0.25719261666881466,0.5991390097152942,0.4048938745565059,0.6709112164571952,0.9186027925458449,0.9762155918379368
2025-08-09,0.2118854850270798,0.5958714791638356,0.39872725401248316,0.65620656316725,0.9074587479240254,0.9514431573997384
2025-08-10,0.2234868675678275,0.5970800976030084,0.39915496813223245,0.6560926031931574,0.8813995147693275,0.9542456993348101
2025-08-11,0.2242978854566768,0.597602737468907,0.39813512826775416,0.6742666172080469,0.8851337781914241,0.9715264061727112
2025-08-12,0.2228822059993433,0.6472061601658824,0.4099234447869644,0.7432734507700353,0.8892882538371488,0.9910959982240033
2025-08-13,0.2396162367006738,0.650763936133383,0.4103576234077873,0.7587485040014665,0.87898475194109,0.9963027411645704
2025-08-14,0.27485392119849433,0.6752187424139106,0.41366380333853775,0.7808403944641792,0.9061199342703379,1.051942433347234
2025-08-15,0.2750296040942629,0.6513225149309687,0.41375839672723597,0.7703661859557996,0.895592432608696,1.0305700837397231
2025-08-16,0.274461924041518,0.6480613015992711,0.41262874440929254,0.77220918739929,0.7510545971550721,1.0275261954534782
2025-08-17,0.2720535541856024,0.6467594240119472,0.41494960300453204,0.7721520301902596,0.7489137070519727,0.9923097611378614
2025-08-18,0.274253464516969,0.6643528103732537,0.418300469473623,0.7882780057756054,0.7487394267207732,1.0046279702355712
2025-08-19,0.2918470953663328,0.6838638212005923,0.4212471331460643,0.79453479134437,0.7797194837872268,0.9111696356019887
2025-08-20,0.2956003674609554,0.7143619882520823,0.45541809588734006,0.7815300856571281,0.7819094245336677,0.9396569991444906
2025-08-21,0.2882776025994793,0.7217345425782926,0.4675687872566497,0.7712261691916574,0.7875825386020364,0.9435204593267589
2025-08-22,0.3198223260282963,0.8404067464371492,0.5201975955949493,0.8121065213488059,0.749296928527769,0.9489427577731694
2025-08-23,0.3225917737203732,0.8422943366162869,0.5270404937444693,0.802500523234655,0.7487234030737621,0.9420638609102745
2025-08-24,0.3270248177079196,0.8426815132154726,0.5252627991026778,0.8003110745558879,0.7490590953907127,0.94197751270765
2025-08-25,0.3419664068572015,0.9076260451076419,0.549574051238145,0.8707486894103522,0.7728817748553416,1.004320810328072
2025-08-26,0.3433064967679057,0.9155372962354736,0.5149149824454072,0.8822213766272139,0.7922466415963635,1.0124893164875426
2025-08-27,0.3418221657080677,0.9160877152509587,0.5087573609764123,0.8827453870512669,0.7841404547381727,0.9898179315303157
2025-08-28,0.3451131220658369,0.9158948678010526,0.5054036856844136,0.899500562674355,0.7840671363456889,0.99325491997431
2025-08-29,0.3676596713414141,0.9263807577255947,0.5047364124395557,0.9120626773137329,0.80217349653496,1.0054690393717605
2025-08-30,0.36432809503078956,0.9181550220692818,0.5016175833328685,0.9046209972793421,0.7985697990260537,0.9916757762296814
2025-08-31,0.35774343057941527,0.8886342557041265,0.4846260005577885,0.8785238722260985,0.7972792231248171,0.9801015983577471
2025-09-01,0.35912043080557754,0.8844756657738297,0.4756164859301142,0.8745165724013658,0.7625187245364989,0.9632668401624563
2025-09-02,0.36124450068013236,0.8810957833841608,0.4725385366518723,0.8929016296229504,0.7408864509205738,0.9561038425645139
2025-09-03,0.3604944193077203,0.8621601346430736,0.46767761463548174,0.882817008041786,0.7252955629196915,0.939618088962183
2025-09-04,0.3606733645451941,0.8650760672746826,0.4653090242754609,0.88792937958659,0.7172841460068617,0.9302891231623446
2025-09-05,0.35936297528379396,0.8637147076519924,0.46232451898599825,0.8857930426757595,0.716846503674781,0.9298366812649703
2025-09-06,0.35006032417665445,0.8418840375641622,0.45725251901459263,0.8792679238504162,0.6056221098896744,0.8869476963154587
2025-09-07,0.3515850900748983,0.8383216859396734,0.4620127962068229,0.8838964376141402,0.6137984288429778,0.9015000088578438
2025-09-08,0.35328571832261996,0.8114345847657717,0.46227443214068914,0.889837947063846,0.6242342766729667,0.9108240930870203
2025-09-09,0.3413903084197263,0.8113766127910419,0.4615309262057935,0.8897660314370035,0.623571306197452,0.906175158200782
2025-09-10,0.3509779594439959,0.8115163501749783,0.46314036161519095,0.8755142520539589,0.6229990222508723,0.887956827212068
2025-09-11,0.3515543070391741,0.7607978391031631,0.451119869303886,0.8228101659687566,0.6064985706420568,0.8758910886023782
2025-09-12,0.33826431323923056,0.7765482484560533,0.4540095229208126,0.8283274761317893,0.611993768359966,0.9022908132614275
2025-09-13,0.3068344383593234,0.7616261030223471,0.45250783190104893,0.8071531489367747,0.573014466112874,0.8493938758870279
2025-09-14,0.30620506888155474,0.7581987891979614,0.44939669578547586,0.7949081859275134,0.582608448267163,0.8645644063554487
2025-09-15,0.3062223365935487,0.7608884010314552,0.44972479985341635,0.8010685753945765,0.5825318890932537,0.8766206265787264
2025-09-16,0.30955298294872957,0.76016418397034,0.462938593285287,0.80120185056702,0.5844972652000046,0.8759399153832451
2025-09-17,0.30767052820493074,0.7513463055932643,0.47298206596812,0.7848133806556679,0.5862804647374065,0.8623137278015705
2025-09-18,0.28926070472734156,0.7210671061773642,0.4612712811854121,0.7661608076099878,0.5327474851133901,0.8299907211361909
2025-09-19,0.2901656099495859,0.6969924947692439,0.4285695247368284,0.7593021108826846,0.5322116711913688,0.8360039527106976
2025-09-20,0.28435708117770875,0.6902043091658865,0.4458668521342352,0.7382592878873119,0.5178325119812635,0.82476883996203
2025-09-21,0.24993066124176752,0.4990707449901754,0.3844948659079981,0.6523482366351865,0.44429926331529856,0.7376626876992898
2025-09-22,0.25821153953786213,0.5330847434254781,0.42623588189661954,0.7005357289638899,0.4643887034432118,0.7867308481685414
2025-09-23,0.252274105625866,0.5329877479772099,0.430105496240137,0.7107065720117026,0.46479682448440146,0.7861506491161939
2025-09-24,0.23141744602286618,0.4391788079168845,0.39350984941583134,0.6205562272125899,0.43881535979282693,0.6974040963588287
2025-09-25,0.2641894521286979,0.4591142456371307,0.4749515488379554,0.6893706891769933,0.4544702827829001,0.7419540507171227
2025-09-26,0.2648759606791023,0.48239316761590717,0.4745465006491349,0.7131165844753833,0.4565521435444927,0.7557138256028519
2025-09-27,0.26123988238596996,0.4820964781897053,0.4707111989598497,0.6857138554913887,0.4577988256605339,0.7518789628953915
2025-09-28,0.23765296083371704,0.48365111287362156,0.4727485381437702,0.6796751443931747,0.4294444539164535,0.7364641582653977
2025-09-29,0.24551730680845002,0.48801752521328046,0.4849989622215766,0.6786870215698877,0.42963428642690205,0.7377947641816524
2025-09-30,0.2446893391047923,0.4905486514499726,0.49259081473850125,0.6813988913100121,0.4281653074488892,0.7372796315868295
2025-10-01,0.27634407746580436,0.5165084104046994,0.4892409288715289,0.7100115994374602,0.4436033494641808,0.7674106440532444
2025-10-02,0.2750315308503998,0.527413399652413,0.5239789035176627,0.705193438781804,0.43779543316237757,0.7820690623594301
2025-10-03,0.2778411968120892,0.5187336400288975,0.5912497089907501,0.7063795201903637,0.4368433190546513,0.7826037418986682
2025-10-04,0.27467614715924205,0.5033986221099814,0.6053986330535631,0.6942728745485455,0.4409092337105788,0.7779391235103155
2025-10-05,0.2749474805744413,0.5036477220228465,0.6054759012067665,0.6942665668005579,0.44054502610201796,0.7746984852290302
2025-10-06,0.27413977797629574,0.517088732302221,0.6184598710784054,0.6918376972444437,0.44062047918638175,0.7891451948191079
2025-10-07,0.2942520705816833,0.5508724269592102,0.6443687793217597,0.7157607866885568,0.4648718113248747,0.8169592903141092
2025-10-08,0.2973009161882826,0.5537775100394228,0.643205603923614,0.7179367995669237,0.4519493999159082,0.8039429186369135
2025-10-09,0.3017531627628719,0.5687166028010234,0.6692975340077061,0.7286229892348861,0.46071720698572866,0.8106350407458892
2025-10-10,0.4010396872647127,0.7303739300724283,0.8316541549569577,0.9082528736326415,0.7359387430775705,1.1903273893647428
2025-10-11,0.40307493142735246,0.7251124942217542,0.8351963305436656,0.9215639868469332,0.731248826498172,1.1821829041282814
2025-10-12,0.42583769844121094,0.7913566828149265,0.9495629890575407,0.9757611563656454,0.7621840566498304,1.2234644750083539
2025-10-13,0.42589349501717083,0.7959477349734214,0.9515489673631401,1.0012072562106622,0.7720977680265382,1.214328527792431
2025-10-14,0.4304210045970347,0.7998101117733293,0.9896432215508986,1.004963774226317,0.7768279304801763,1.2159604136198254
2025-10-15,0.4357563947415572,0.8055910031665722,1.0020963968516965,1.0119005681181252,0.7843834812242876,1.2175111753858763
2025-10-16,0.4394527310481092,0.808287010286988,0.9990013503983565,1.0197757685020372,0.7864732952259449,1.2202747402189777
2025-10-17,0.4421134150227629,0.8043086128854035,1.0242588961486967,1.0092135964803544,0.7818760309661796,1.2026361496644211
2025-10-18,0.4425552830619481,0.8074471925354532,1.0250336233784598,1.0165162741866074,0.792963370712302,1.2108881311153283
2025-10-19,0.4448113760305815,0.8100822877066616,1.02592186713621,1.0121881806447381,0.793573630360771,1.2124696645535893
2025-10-20,0.4498392750377537,0.8098223361091942,1.0073605171572737,1.013255948856044,0.8125553346635204,1.2164724674749465
2025-10-21,0.4546050174836322,0.8137374742548839,1.0177190186194616,1.014217665386327,0.8165441056198234,1.2170480823962195
2025-10-22,0.4488911515845505,0.7932193579217078,0.9996318030177878,0.9935365794070198,0.810053073711787,1.1932209422963396
2025-10-23,0.45667092557490024,0.7950932446467599,1.010933927877288,1.0158050432231602,0.812582612944341,1.1985041653094932
2025-10-24,0.4557239625076549,0.7989886553084481,1.0131726344903886,1.0170479714867158,0.8211785465027767,1.1979745813288267
2025-10-25,0.4348392032212138,0.7609804667624448,0.9745699360154613,0.9633388230693728,0.8031212223749271,1.1697498463556926
2025-10-26,0.4432014214185746,0.7686591811000579,0.9751175457092581,0.9439502224383435,0.8044824368533626,1.17190620989792
2025-10-27,0.4435768988996017,0.7693516683444025,0.97523639687685,0.9437984291075425,0.8038362328486333,1.1744971905554449
2025-10-28,0.43852070457015996,0.7714622244889379,0.9808780966950572,0.9375280468466921,0.7996619776347487,1.1727258982396334
2025-10-29,0.4422247039573644,0.7708579410208634,0.9737010891026148,0.9365787322448956,0.8014260046686319,1.172632773077694
2025-10-30,0.4450202782965496,0.7734539323881757,0.9754808021663232,0.9484333861726001,0.8134234492090171,1.1831229793695575
2025-10-31,0.4231699755308084,0.753582720740623,0.9742299298357068,0.9205499301135119,0.8096041577216456,1.1567933147202702
2025-11-01,0.41856461765482955,0.744128853233141,0.9514531459653456,0.8936425525935564,0.7995440004071153,1.137627969839043
2025-11-02,0.4148728101088876,0.7445619943386065,0.898630457447345,0.8951617194492241,0.8009155269030973,1.1377396915929825
2025-11-03,0.43016880995007367,0.7902078148877587,0.9393997566951631,0.9807825848558347,0.8507814515652083,1.1852999583887844
2025-11-04,0.4539131081072995,0.8416932198198429,0.9550829578044975,1.0000244768138762,0.8602183378028598,1.184300086452337
2025-11-05,0.4624918526770445,0.8446461540205109,0.9420256402168562,1.0163245167101347,0.8933828991117493,1.1719783925265248
2025-11-06,0.4612503549053882,0.8353683909547877,0.9050833837609855,1.0115671564692337,0.8998064579759003,1.1543468476640022
2025-11-07,0.4634122624911608,0.8453335032258392,0.9225959824322234,1.0120557063246693,0.9172065335557257,1.2108683688844886
2025-11-08,0.46286373955871973,0.8400265425824652,0.9160425776593848,1.0092185462238248,0.9145946691597912,1.2094930111313669
2025-11-09,0.39864909955776257,0.7392255776279382,0.8040258672037661,0.8716454207337463,0.7185911878687178,0.8524847549775888
2025-11-10,0.3971900081205337,0.7358741010444947,0.7954249086768757,0.8518130245212426,0.7539138445636805,0.8412417843756959
2025-11-11,0.38097341434261367,0.6457217537577522,0.614218227937099,0.8035452917509949,0.7493309089296426,0.75785799140121
2025-11-12,0.38202843530619457,0.6384159283959819,0.6142876721698226,0.7678064980525908,0.7404797562552226,0.7456545370239362
2025-11-13,0.3824000151701669,0.6564683749723979,0.5806694989715088,0.7830408772247363,0.7340328619990625,0.74153796435675
2025-11-14,0.4146308788091453,0.6581622789986284,0.5708176444328275,0.7818229472376358,0.732101477491344,0.7403124588890213
2025-11-15,0.4127992929841511,0.6619241424816159,0.5774437017351511,0.7724491673146741,0.722617643680734,0.7443338776378207
2025-11-16,0.41199441666826714,0.6635904201843401,0.5358114331986177,0.7726722560208226,0.7216665542543854,0.7470231956574205
2025-11-17,0.41457012166068297,0.660357334664031,0.5311389829164932,0.7691813240793376,0.7175772307172292,0.7485500512817201
2025-11-18,0.41193071864962283,0.6645150677341485,0.5388341857398636,0.8214803975591832,0.7218184006753028,0.7756174101654022
2025-11-19,0.40518838833706805,0.6690775179071362,0.5505788840864122,0.8203416039386195,0.7209908975820448,0.7793297768874459
2025-11-20,0.437363223441399,0.6947824278156128,0.547415143042129,0.8209750254570405,0.7357030047464276,0.7826357986719389
2025-11-21,0.4387717255380329,0.6960781951144838,0.5561351718854747,0.8237618789614185,0.7359437880738628,0.8013080778504864
2025-11-22,0.4246580002402545,0.6921500410225928,0.5170636827428119,0.7822987266775678,0.7331517084479248,0.7916240334961098
2025-11-23,0.4362621637760168,0.6879516027270232,0.5220762237202271,0.7879744235396334,0.735002776089822,0.8018470390011597
2025-11-24,0.442352503858721,0.7213905357719479,0.5327923056089424,0.8254685498665782,0.7882575020038222,0.8254777171588694
2025-11-25,0.42547324564383826,0.6896111164008291,0.5238445148732289,0.813017778832231,0.7836139788365181,0.8041770259156052
2025-11-26,0.4522070383882235,0.6996140220474277,0.5436235474524627,0.8253423083051505,0.7854852515797481,0.8051198617251505
2025-11-27,0.45594775475796623,0.6942771016875475,0.5385656548101533,0.8243330329006653,0.7853878755935622,0.8000282219691294
2025-11-28,0.45093309816229066,0.6950798550098257,0.53721320790275,0.8251556174489184,0.7836507379531072,0.8005394605966101
2025-11-29,0.4500608619752918,0.6927030291520644,0.5339369128133531,0.8142445941457824,0.7722331808785508,0.7852691418783919
2025-11-30,0.4455541967933745,0.6899907156961559,0.531979449931757,0.8100805110642836,0.7657954769997768,0.7795995707341349
2025-12-01,0.4645254706239298,0.7164808891805674,0.5575357302180033,0.8222180611472483,0.7891226622020169,0.8116924831758342
2025-12-02,0.5147114825342202,0.7651325580148876,0.6059532266117453,0.8960649843008078,0.8207162466651401,0.863055620491538
2025-12-03,0.5129674466181003,0.7586046939959857,0.565577772784958,0.8166310902322221,0.7661142631341974,0.8005217930861468
2025-12-04,0.4888970909195292,0.691442268882208,0.5335325904942902,0.7940173778411477,0.7669467845659588,0.7993131104852246
2025-12-05,0.4880457848245387,0.6840732120210447,0.5287693831618745,0.7838389480847853,0.7387889293311386,0.8094209612654345
2025-12-06,0.482971798142702,0.6771085707230972,0.529426124728923,0.7717801751105472,0.7141404486768418,0.8035215218734769
2025-12-07,0.47943935737893245,0.6637185600846154,0.5056836770837019,0.7538077600414766,0.6938035359794734,0.7074730338293954
2025-12-08,0.47963183956442434,0.6687965050229567,0.5060684446461966,0.752879505926578,0.6958272301775817,0.7181683494747261
2025-12-09,0.47894390204024634,0.6777087305022683,0.5052126533481367,0.748393482377786,0.6862814147960755,0.7293739987888208
2025-12-10,0.4754026868967346,0.6778466358703438,0.5052037743573945,0.7441357717813829,0.6450198448050699,0.7308756235187532
2025-12-11,0.46888905506269574,0.667754532364234,0.4928819687107972,0.697609897676744,0.6217345255004483,0.7127227721137926
2025-12-12,0.47333990889413285,0.6870960166174096,0.49284482594383633,0.7037051809342874,0.6221458855671943,0.7153075946723646
2025-12-13,0.47013484368291264,0.6623320924266453,0.48913081239212014,0.6776852555955676,0.6186360815018517,0.7106825179374782
2025-12-14,0.4418146416442908,0.6517955083158263,0.492923113045179,0.6701908160813952,0.6127481914147526,0.7094815033550184
2025-12-15,0.44341353755144347,0.6577668466470934,0.49237129623578046,0.6705320765256676,0.6263220978402335,0.7007502000198086
2025-12-16,0.4468895935729215,0.653402433372389,0.4983078102429337,0.6699391828556397,0.6307227057075078,0.7010944136960807
2025-12-17,0.4451960080158583,0.6672615128777586,0.5098432198539967,0.6703533261638347,0.636554473982136,0.701681555628788
2025-12-18,0.44411957887134057,0.6570803191981365,0.4999185648934858,0.6221907766104877,0.6332082449966334,0.6644032669380482
2025-12-19,0.4561816225091564,0.6759907572236011,0.498315395320551,0.651026030640572,0.6487487470181724,0.7204777501534605
2025-12-20,0.4126292971026452,0.6343227678478671,0.483152903497846,0.6460556996575509,0.6249625690038834,0.7110694694893913
2025-12-21,0.40742661717519507,0.6276043767780338,0.45898960110733106,0.6329040838558834,0.6193906724125835,0.6822653108379609
2025-12-22,0.4069211368110653,0.6275905202396671,0.45888513591729185,0.632277179939207,0.6201653630707679,0.6838219003850444
2025-12-23,0.40127234295158487,0.6297123157249996,0.4612942624357883,0.6284471885547848,0.595392366133501,0.6764424331679744
2025-12-24,0.39690006793832283,0.6029500310842709,0.4526048848900982,0.5904443908289702,0.5069960164271387,0.6522162021445501
2025-12-25,0.3955548194660413,0.6050901174137665,0.45766503166295913,0.5924130310428128,0.5079591356497115,0.6604861208417866
2025-12-26,0.3748962198106998,0.6002782037719941,0.4413255487358545,0.5859284607418671,0.5067824640806705,0.6573738936236581
2025-12-27,0.37384390859620403,0.6008799116244731,0.44365698003190185,0.5912080279334031,0.5123855143033847,0.6632130251375202
2025-12-28,0.3736874965993555,0.6005142089604699,0.4474427317794638,0.5868162965138062,0.5121952158434546,0.6624195371698726
2025-12-29,0.3744999900713377,0.5988240947530274,0.4448445914419733,0.5880258504668514,0.5093988252759342,0.6621536295357926
2025-12-30,0.3781265378417684,0.6004501736584479,0.4465086200991931,0.5884810697495478,0.5110031813582995,0.6620821640729629
2025-12-31,0.34265245350871987,0.5509580091160531,0.39687951538097094,0.5599034729968505,0.47383919613703473,0.6336052254135348
2026-01-01,0.28228924890774526,0.4983212436028971,0.3389004763845104,0.45920140323512737,0.4265632893495775,0.6389394250814373
2026-01-02,0.2732679562075711,0.4681515392043174,0.2973833945946867,0.4583523935709519,0.48453463952889386,0.7436516393983089
2026-01-03,0.27037488067249493,0.46422998757946526,0.2872600943506282,0.43989766952371634,0.4580683361797802,0.7384162103925973
2026-01-04,0.2502784703859262,0.44578154361435857,0.28804169827573867,0.4151957322962964,0.4633302459106244,0.7280414215726034
2026-01-05,0.2641148573160903,0.45335299983828986,0.29242749985303995,0.4248669067216136,0.6124977109412448,0.7292642279493241
2026-01-06,0.2611402441696888,0.45843001671972516,0.293258525138003,0.4313299278071453,0.6179373788716066,0.7292493312573725
2026-01-07,0.27746294722605525,0.4761694949740774,0.30122093251286164,0.4485892955135563,0.6580653442764173,0.7309597798736454
2026-01-08,0.26595423055552964,0.42930514468474,0.3028832935391349,0.43518403000639144,0.6599137693517658,0.7271590423646058
2026-01-09,0.26538964001616316,0.4292381653222349,0.30305628656949,0.4375883748980353,0.6520841179084219,0.7193514409710234
2026-01-10,0.26454942452006835,0.4204345400186132,0.30428810590236977,0.4375778955281114,0.6519760321837085,0.7160471042634095
2026-01-11,0.25091952150759445,0.38742662302618114,0.30408824680621954,0.43376828698869724,0.6507817372154612,0.71193169016253
2026-01-12,0.2511012549315507,0.387279911756457,0.298388577445468,0.4337967354703219,0.6514500752148493,0.7106568882563089
2026-01-13,0.27969050416756613,0.45650719578538806,0.3192621580777827,0.4445212377583031,0.6708645328340888,0.7540955588538525
2026-01-14,0.27115160424175616,0.43851125218429254,0.3074081385948071,0.44080441222281247,0.6540018246035129,0.7438956077245662
2026-01-15,0.2741067907155471,0.44131793486267284,0.31058633969098426,0.4560590449354119,0.6620619244145515,0.7658726033239897
2026-01-16,0.2633687391016473,0.40776984542300604,0.27547335407449053,0.4212947333005849,0.6486285359364652,0.7514002772379649
2026-01-17,0.26137125820607404,0.4070487310454092,0.267346683195206,0.4044935619221735,0.637715165245028,0.7395648933312946
2026-01-18,0.2512778461229149,0.37269923814580824,0.25824969892250244,0.39899906241958244,0.6256024328810131,0.7070159697713533
2026-01-19,0.2554552480835799,0.38938717599044603,0.26130925426535867,0.417425054981035,0.6244215599401906,0.7100602585545938
2026-01-20,0.3052696360504022,0.4860273146528694,0.3066955116931342,0.46841158316454545,0.648501753116965,0.7272510091831176
2026-01-21,0.3079475562502083,0.48874660417039784,0.3067524565696374,0.4794478033783739,0.6562715847948797,0.7322247757489926
2026-01-22,0.30424510431859164,0.48719797853087765,0.3002294244190462,0.47704972361210163,0.6551165389197596,0.7295243569541737
2026-01-23,0.30420976187950005,0.4867665574011479,0.30032027323827737,0.4758911415089382,0.6547838198154263,0.7295178531646735
2026-01-24,0.30401252686174474,0.48379379945806195,0.29087537006246245,0.4696078512573658,0.6519631197582451,0.7167385033697715
2026-01-25,0.3212500492635893,0.5106921783147694,0.3046052244175026,0.5249849050055573,0.6690056170830486,0.7286423472178306
2026-01-26,0.32774327188581726,0.5295252099453249,0.3061840677025456,0.5437486224976111,0.6790624725349427,0.7308535055235748
2026-01-27,0.32959012502029805,0.541599544420312,0.30947337228942023,0.5497892753459548,0.6790977815599342,0.7388715467874994
2026-01-28,0.32810733430740613,0.5417156527789622,0.3077786004148501,0.5492670219029494,0.6784833005493801,0.7390291962622342
2026-01-29,0.374845628369678,0.5857944647503254,0.3367909496408186,0.5883879765637354,0.7046864635037876,0.7721231720184522
2026-01-30,0.3739136681931396,0.6020875290950362,0.33906785250531946,0.5883788274206906,0.7156681216483985,0.7543458387016403
2026-01-31,0.435696058718566,0.6862548709444539,0.47230532881615633,0.689551094620225,0.7316525722382872,0.7861087997604262
2026-02-01,0.43601006547462434,0.7073583562127223,0.4735991926372852,0.6811744813259987,0.693887615656699,0.6602988086176373
2026-02-02,0.44492263687416805,0.7229456348001646,0.48161077538914443,0.697289512797706,0.6982502385585136,0.6755137113780931
2026-02-03,0.4567563288983515,0.7338454159926513,0.4794223275623489,0.7236112099690843,0.6834936857559485,0.6482538987699232
2026-02-04,0.4527952963414934,0.7276814675891276,0.5365734230390493,0.7305197989105447,0.5231621687757364,0.6421503467260621
2026-02-05,0.6718244728076037,0.8815035206679589,0.6932040556197414,0.8832942101543995,0.8844489153617964,0.821667562924942
2026-02-06,0.805233074027799,1.0064324185513909,0.7619624547861293,0.9901486111796513,1.140454267725733,0.9283736795383344
2026-02-07,0.8056743289149487,1.010170915778045,0.7621514876786135,0.9863658378033244,1.142231639238233,0.9268006673739149
2026-02-08,0.8099416697692559,1.0111374133756479,0.7600015689908538,0.9867561286933285,1.1441006547554733,0.9268179109259518
2026-02-09,0.8098200994502562,1.012720885235589,0.7555904029513246,0.9864914043923187,1.1451082504154815,0.9269947258767719
2026-02-10,0.8089235166649525,1.0129889598986124,0.7566846588531604,0.9791605605326796,1.1459489494541102,0.9304248050242276
2026-02-11,0.8096448264701499,1.0169813851132958,0.7552411216969963,0.9826140366362379,1.1462830641283646,0.9304950625728956
2026-02-12,0.7854990862851865,0.9700693875708521,0.7346636192112206,0.956575738709708,1.1216752698239854,0.8741684500251281
2026-02-13,0.799227925540796,0.9950804019801007,0.7355540227753268,1.006484065669671,1.1335347557466355,0.8941461918498643
2026-02-14,0.8040286922242219,1.0023172547360581,0.7461534834492156,1.0281810236693467,1.1692707651667753,1.030365127198342
2026-02-15,0.8033239341498137,1.0132344457363038,0.7442953170201027,1.0212404838475904,1.169861964872127,1.0592022405579822
2026-02-16,0.8040558214703288,1.0171762440616907,0.7490065179216564,1.0233245855659434,1.1714645894521947,1.0590251268926336
2026-02-17,0.804587013397718,1.017819251124593,0.7489965415824326,1.0194636487380033,1.1681382467881996,1.0512319114774509
2026-02-18,0.8047500863261139,1.016836960976421,0.7492813762367205,1.0217794024785205,1.1713339384235641,1.0515202204922904
2026-02-19,0.7970353454936059,0.9899220932966841,0.744370721333476,1.0141589330230416,1.1631100787761839,1.0432469975337115
2026-02-20,0.7982794444907654,0.9885308171633458,0.7576426321337318,1.012430407912758,1.158021476342122,1.0404567864828382
2026-02-21,0.7980088893028637,0.9900542904772842,0.7562963525960547,1.0146731642251468,1.158642240601646,1.0404374085724004
2026-02-22,0.7974125331574173,0.9888582792524051,0.754393683516921,1.0157248717686183,1.1596796877586493,1.0422539168309968
2026-02-23,0.8068174800189893,0.997159953115181,0.7564539718148194,1.0273447765638721,1.16126223402299,1.0449428073047358
2026-02-24,0.8041107367189307,0.9914302373340598,0.7560629712816936,1.015177823202778,1.1564023217602348,1.0396824234045556
2026-02-25,0.8343567147441708,1.0602145002146741,0.8117870108383993,1.0839066380111873,1.1723404320748112,1.1015370329572607
2026-02-26,0.8315930824439038,1.0481800384795263,0.8035991304020095,1.077368152125409,1.1717406545810731,1.0990375345046854
2026-02-27,0.8323742887723337,1.0552015881502648,0.8015211653268052,1.0844012791667097,1.1741461247255327,1.1038418659906755
2026-02-28,0.8222791085150187,1.0454158413260835,0.7983125020817328,1.080913996234987,1.1663877490036283,1.0877711270903292
2026-03-01,0.8229547491928042,1.0399637928005805,0.7995450057516067,1.080441619908518,1.1612022401319897,1.0890276355607151
2026-03-02,0.8145811787454198,1.0069651225759024,0.7534000170633376,1.0342904260296197,1.156603960292806,1.0337316490744777
2026-03-03,0.8119863482784684,0.9762078057949977,0.7488595437899964,1.0247343956512505,1.1532646400802846,1.040995668493138
2026-03-04,0.8387623892692533,1.0024556091278254,0.759124950826373,1.0286016864581673,1.1668554571697736,1.0899862615487634
2026-03-05,0.8327575296729082,0.9921030640845141,0.7567416466823531,1.0072281963077945,1.1656206206896917,1.1044987000586948
2026-03-06,0.835399966334468,0.9959093673079017,0.7153796453496379,0.9984150752556494,1.1606009835602051,1.1052756049015562
2026-03-07,0.6427107786282545,0.813597833103151,0.5323363006903641,0.8199067919658817,0.8619181061107309,0.9537536437678323
2026-03-08,0.5011824375561363,0.6924731502612261,0.45651501755136,0.7241489330851875,0.537225712899016,0.8732421066151322
2026-03-09,0.5153895050351582,0.6991689344368567,0.47321817570561864,0.7393354307384501,0.5310124815473252,0.8755582270226128
2026-03-10,0.5185813429380165,0.7037799511820129,0.4735409352052259,0.7401371312332318,0.5343709549155867,0.888664449286788
2026-03-11,0.5186482580489178,0.7038210294737066,0.47573243444904356,0.7406881069654861,0.5340186818100966,0.8904651378805191
2026-03-12,0.5144648718302253,0.6904408261013664,0.46558588080860386,0.7231194481963941,0.5263941437417852,0.8845826890982613
2026-03-13,0.5055381462216221,0.6740491765519215,0.4596864859934419,0.7042394117439524,0.5218209535511773,0.8829060646566351
2026-03-14,0.5030352279111796,0.6740438571589049,0.4588755685682865,0.702456646594439,0.52170327707705,0.8803250910793144
2026-03-15,0.4916867238987307,0.6644755477831823,0.4648858372782246,0.6760027342023907,0.5204371758450044,0.8711753726603468
2026-03-16,0.4984375431598948,0.7125377380227547,0.46023509724176026,0.6746124225141555,0.5089874278762471,0.7450235181693287
2026-03-17,0.4979607569984371,0.6791330694890377,0.452148119927553,0.6724315951496158,0.5056275570935705,0.7002917932245408
2026-03-18,0.5162870536353495,0.705210085963924,0.45791870945317575,0.69672323494938,0.5208012613956651,0.7192927208094841
2026-03-19,0.5154226379286534,0.7145423942892787,0.4605899344238548,0.6959469070881561,0.5214736974359384,0.7215181540357952
2026-03-20,0.5123745706867336,0.7107195635941099,0.45360198920978356,0.6788766622104638,0.505483224844495,0.7189408278196082
2026-03-21,0.5190367765802943,0.7192138845356336,0.4587128294615098,0.6856354761632641,0.5123187121497894,0.7259190069449103
2026-03-22,0.5195155324276989,0.721080509438037,0.4480650954426079,0.6826772071737309,0.5124130929538117,0.7231750694483119
2026-03-23,0.5416962146199035,0.7381807794932985,0.45347437638291527,0.7122537050982849,0.5265846238680233,0.7394581853258944
2026-03-24,0.5417021436156887,0.7371674468510825,0.4488165759014584,0.7045063241703895,0.5197026988385813,0.7335953006863869
2026-03-25,0.5157258209850573,0.708457365298601,0.43615943579462324,0.6658232357229242,0.5078382648393664,0.7260015646232132
2026-03-26,0.5319922775712471,0.7351451830872524,0.44241770961863963,0.7006773651860274,0.5267045818254255,0.7412214786008638
2026-03-27,0.5063159132188487,0.6476145881695237,0.36490920462689885,0.6039805760168956,0.48550334511275123,0.6516140843305899
2026-03-28,0.50574888490678,0.6457973994981182,0.3647277183437151,0.5996316343641835,0.48118176049870065,0.6399733927447072
2026-03-29,0.49891215625642193,0.6215936577397698,0.35992427998933696,0.5759447768955591,0.46726737517780753,0.6268272217575007
2026-03-30,0.49721067136761704,0.6227284691076101,0.3599660531839934,0.5678011009823069,0.46400395096579394,0.6264065908242751
2026-03-31,0.49864206712704384,0.6338211683857,0.3630958670246997,0.5677853647392971,0.4626945791016564,0.6240888466209074
2026-04-01,0.4725957199656372,0.6181759127478269,0.34635421861837973,0.5587113096374429,0.452288133552589,0.6208024670602036
2026-04-02,0.4760379460759479,0.6295778001670159,0.3790015612935305,0.5653944027282533,0.45202992423573896,0.609137141395281
2026-04-03,0.42015774759962304,0.5780913345431942,0.3522069057090465,0.5455214704543766,0.4123998810170863,0.5071006447508495
2026-04-04,0.4132920809509752,0.5715374825883738,0.35206771217267474,0.5420157805792879,0.4080997976788039,0.4698334038858186
2026-04-05,0.39989576067251903,0.5508780845344106,0.34017843346752874,0.5209602590545327,0.39767064206984576,0.46188926378755985
2026-04-06,0.39731505281805013,0.5504995055420328,0.3383252685488775,0.5234204433714668,0.39756133377274705,0.46395260139716527
2026-04-07,0.4173524471554228,0.5828132736564038,0.3550910374884546,0.5700247020397964,0.4229901838484279,0.48974470806701026
2026-04-08,0.40203073096564074,0.5839827670694011,0.3469911458797178,0.5664286570104238,0.4292446406667863,0.4976224159104806
2026-04-09,0.3964486983299194,0.5802308617728467,0.34414828208509296,0.5660374313047027,0.4246890098580384,0.4730729173091783
2026-04-10,0.39998706855246713,0.5852148315877981,0.3396553403187329,0.5690177758743581,0.4261182100675466,0.4709354866688462
2026-04-11,0.3997671269259576,0.5869007024279627,0.3399533189751051,0.5689050502560262,0.4261129790449859,0.46602720832932387
2026-04-12,0.41575133265507785,0.6069461361044949,0.3472498023128996,0.5825283604242733,0.4306611053332865,0.4707004683739909
2026-04-13,0.4518388306493705,0.6629713951428171,0.37475725003997695,0.6212870983913305,0.45172207187588465,0.4882413803538346
2026-04-14,0.44585344619418144,0.6561791236417244,0.36249728095989403,0.6061510073709907,0.439136337829991,0.48693378297955986
2026-04-15,0.4359812982365563,0.6005313583211161,0.3652781467514244,0.5880227881897748,0.38227658652815577,0.4474166657690904
2026-04-16,0.43366496172054186,0.5982990125845756,0.3710898941393499,0.6131813329992991,0.41165138126532536,0.46677530297828534
2026-04-17,0.4202804249664728,0.5774654786367431,0.36420600527683034,0.5891924484364629,0.3963177390408722,0.4308883191721994
2026-04-18,0.4199151897794497,0.5764596741284058,0.3645185061001005,0.5964308141227878,0.4080484515508878,0.45899781442167764
2026-04-19,0.43043279164061743,0.5938216034107257,0.37173502499939254,0.6042426409063697,0.4184801609830728,0.46326369007544577
2026-04-20,0.43021199139167754,0.5872083030581814,0.37485358305192923,0.603789407280991,0.41602432942969875,0.4574050401618325
2026-04-21,0.42500245707766726,0.58345176601623,0.37428973398343207,0.6022730180169531,0.41168474702418983,0.45442455486478106
2026-04-22,0.40658209381180066,0.5661380624067514,0.36889393846031954,0.5649382865439367,0.39466963901834134,0.42920451987642655
2026-04-23,0.40559996841962304,0.5712692937543905,0.36891815704754516,0.5651753352440853,0.39310292575998496,0.4311275961653506
2026-04-24,0.40751114142586975,0.5720142743237075,0.36533287536882114,0.5637043548859221,0.3933345790852215,0.43176516680796634
2026-04-25,0.3829536395755851,0.5384618281542731,0.3528973527075109,0.5262957678305545,0.3683963706876539,0.40124321253204315
2026-04-26,0.3561928352188022,0.5243291759768608,0.344129540841327,0.5065809350350077,0.35466272078292826,0.3936579898106925
2026-04-27,0.3639528241629793,0.5373642623815302,0.34771667866039313,0.5125449986384851,0.36392841843700624,0.3934369182156994
2026-04-28,0.36785157499297877,0.5376397263192916,0.3465860193460276,0.512791334860421,0.3677899446913775,0.39215120208413046
2026-04-29,0.36936548882315884,0.53915542955791,0.3489279415722368,0.5128066582724925,0.3690680096639622,0.4203625980806772
2026-04-30,0.3639786830835889,0.5244255802335586,0.346029313619323,0.5120463343123696,0.3667409596547855,0.4233626987481646
2026-05-01,0.3702225478076663,0.5245266652028038,0.34388299845649895,0.5049653516933164,0.36899001683821653,0.42554994283195313
2026-05-02,0.3611575773707506,0.5025480829825859,0.3013939967151538,0.49417394959811534,0.36080329472650025,0.41645742660414925
2026-05-03,0.3616371261990466,0.5021786037997029,0.3007200506410498,0.4911389049574698,0.36124775021903816,0.41665059940544064
2026-05-04,0.363656885165805,0.5026504118647301,0.3007489187209617,0.49094796595716245,0.3609622818234626,0.41837704567770084
2026-05-05,0.3577013393798013,0.49889175879765035,0.3001777586116119,0.4967109726850733,0.36313085059605316,0.4368144995399345
2026-05-06,0.35658241980348593,0.49934977209081627,0.31267032222386393,0.499804567932545,0.3631735909105018,0.4381436912280363
2026-05-07,0.3380569671192764,0.4641816631390553,0.29982848519825905,0.44601735932673575,0.3473186118739892,0.4468604888856784
2026-05-08,0.33345496624823306,0.4568732621861391,0.2832454736605177,0.44551006402650095,0.34190658155470044,0.43395411862741223
2026-05-09,0.33283473361592797,0.4574096456500476,0.283320722210501,0.4460882724532352,0.34188551640169934,0.43610980779406266
2026-05-10,0.33415513559080146,0.4542915718602878,0.29058150941234295,0.4570178903028642,0.3620716715211124,0.44672738912055365
2026-05-11,0.3357181780707993,0.4535664549173733,0.29174972649434444,0.45719891673395746,0.36182154564105273,0.4482818976117218
2026-05-12,0.3178790493297102,0.43982161001862646,0.2771511262000643,0.44731739392187025,0.3671593227866741,0.43893058933573237
2026-05-13,0.2771900896303047,0.34223850823684987,0.2507882026384236,0.4215609532840467,0.3459736396321648,0.4306119770341243
2026-05-14,0.2848650269943304,0.33821365858796043,0.2513316479401517,0.40363307499444423,0.36838903027753983,0.4300084979575516
2026-05-15,0.2997236660435189,0.34398010623273784,0.25151472456525303,0.4198005031610792,0.3844733240808543,0.43628924126713864
2026-05-16,0.3035414865224817,0.34953093745613684,0.2593595981329949,0.4001826707448183,0.35701097432211976,0.43673914433049343
2026-05-17,0.29286073552976527,0.3366273473645748,0.25945549305193716,0.40317699744095475,0.3529171368746642,0.43735491691813166
2026-05-18,0.28632616755625967,0.3248981173887475,0.2506029965944305,0.39001693022002637,0.339029503940389,0.4263202329239358
2026-05-19,0.2709944599103184,0.3010067744848127,0.2377972091307119,0.37619532073161566,0.333613566031371,0.42517935397713774
2026-05-20,0.25621870712347167,0.2905688993503391,0.23195254342283828,0.3766294793136715,0.3245000265686043,0.4193393492409931
2026-05-21,0.25537483881063006,0.28949179833774147,0.2360705967164157,0.37841629475376914,0.3240969012270979,0.42281727829438503
2026-05-22,0.258714020605441,0.29495633395895793,0.2391652434870316,0.39587249194157986,0.33818683306749175,0.44059843809490395
2026-05-23,0.2654200660753698,0.30762848930102143,0.2408717824773889,0.39909823846654696,0.3440657199083617,0.43840614686818496
2026-05-24,0.26345222744958097,0.30795879753319433,0.2403161839673161,0.3995377242947558,0.3442312832845982,0.43775818168944786
2026-05-25,0.2635831124080393,0.3092353128478962,0.23739663561461988,0.3996028094102332,0.343834473904832,0.43738717141215677
2026-05-26,0.26630063507486534,0.300885118046453,0.23831283804001252,0.4017322126447755,0.3463477404352599,0.43750191804639177
2026-05-27,0.2688434758569094,0.29699190638740247,0.23644581613798152,0.3962718072964624,0.34346778514696835,0.43788495770963176
2026-05-28,0.26772911122037724,0.29711832528449383,0.2438376436747586,0.395376952331203,0.34175186446333583,0.43897730053827305
2026-05-29,0.266825885367655,0.2948877677976924,0.2408455903212807,0.39322476104388515,0.3435710117494613,0.4058593174368513
2026-05-30,0.266211025739776,0.2954199828943888,0.45176353757760906,0.39440804385745337,0.34502003826792565,0.39815682955179
2026-05-31,0.24985259445816124,0.28632280428310203,0.45516301173488427,0.3934502996672794,0.34186959913664106,0.3910401247575875
2026-06-01,0.26802703219927865,0.28250215947640017,0.46678183768875536,0.39553339380098207,0.3525185360745603,0.3923523598639914
2026-06-02,0.3487858406168368,0.37471755243778987,0.5219116455298101,0.5040649049655311,0.4207018777574103,0.4893253668771029
2026-06-03,0.3597461865471221,0.3740939977769222,0.5484248898373205,0.5154882909925919,0.420108142918912,0.48403608771439105
2026-06-04,0.35248530172855475,0.3739071342779049,0.5538823206874398,0.51571769844672,0.42091923213240157,0.45877820812810416
2026-06-05,0.37159418877926725,0.5159307011877584,0.5742855345579706,0.5521702074437459,0.46063325302586317,0.5267895571048145
2026-06-06,0.37109476905434396,0.5141218211225758,0.5731298043434648,0.5535380293573141,0.45607435688320175,0.517277523288703
2026-06-07,0.40633812143986653,0.5935845064371622,0.5988137148381953,0.5919340047418917,0.49637897072723713,0.553347594420739
2026-06-08,0.40352976059003115,0.5909710277001461,0.5987488906989163,0.5889164767527281,0.49942549841923156,0.5541663926497752
2026-06-09,0.3940449187358718,0.5848976406488546,0.5938576968661503,0.5673246882179803,0.47908739204019296,0.5346484283236884
2026-06-10,0.39437554196710123,0.5849025878234216,0.5921923005124906,0.5635225772634609,0.48665695215401944,0.5364653900671026
2026-06-11,0.4215170608778971,0.6012318185395198,0.6056157326180239,0.6125883242590667,0.5131495375887702,0.5608912652884742
2026-06-12,0.421429721022447,0.6015104698950958,0.603747526619328,0.6081781615443557,0.5131629380404128,0.5503423211934771
2026-06-13,0.41497075201643463,0.6006695170474902,0.6037003386758553,0.6212080345983143,0.49170196025389645,0.5485569244969035
2026-06-14,0.42095197698946485,0.6108239423792352,0.6056827992700868,0.6333287844644799,0.5000418786422868,0.552056752174546
2026-06-15,0.4235228659210211,0.632114462032057,0.6008552645555238,0.6461360645217771,0.5276994039644192,0.5429352532491403
2026-06-16,0.42364255615752333,0.6294298130864312,0.603924869548615,0.645163277032367,0.529362230393034,0.5429270336163646
2026-06-17,0.42584972545421396,0.632256547289008,0.6035344336397434,0.6468582044706689,0.5341519442652942,0.5312041010070646
2026-06-18,0.4304047446200791,0.6347803737739972,0.617146526357165,0.6534711692387853,0.5413421187073869,0.5354967391713841
2026-06-19,0.43038773067636465,0.6329375714209704,0.6145047660536315,0.6459563417438927,0.540294012238231,0.5338985732671194
2026-06-20,0.43446763522238185,0.6379966795125571,0.6136418177052488,0.6711419868968036,0.5427959929798489,0.5266583536077258
2026-06-21,0.4293027994063411,0.6331532346918404,0.6129352969155543,0.6634498540151296,0.5395654300930617,0.5206125300611115
2026-06-22,0.4265497814861171,0.6269211808163698,0.6132499120997752,0.659142329996718,0.5342308725788577,0.5193267036769296
2026-06-23,0.4277373135519317,0.6351422356605863,0.6159355719816053,0.6652429136195936,0.5355924305142767,0.5350876207270546
2026-06-24,0.43157717535975526,0.6366670555391841,0.6172654659709466,0.6675089758632458,0.5432934876659168,0.542560835037463
2026-06-25,0.43263513106020424,0.641896949491221,0.6170594024720879,0.6668259298029638,0.5474624520542262,0.5429889502744346
2026-06-26,0.43280341478500584,0.642087466438554,0.6196393090077249,0.7055797448189282,0.548527304323619,0.5481237766559067
2026-06-27,0.4330336300689094,0.6423507633273592,0.6201924190583621,0.7075361458499408,0.5468304988015394,0.5488143864205681
2026-06-28,0.43271053312975843,0.6417362152208188,0.6190185484003764,0.7100402845229818,0.543693830341761,0.5480183480727295
2026-06-29,0.4352456784152541,0.6514433678492675,0.462777631646382,0.735562543987593,0.5444286147531192,0.5458010639242966
2026-06-30,0.44089853415117286,0.6545458562867273,0.4656965643174621,0.7379020543144347,0.5455121064304554,0.5456353670400206
2026-07-01,0.44538386595146345,0.663388220243553,0.4651394239951851,0.7602513162192717,0.5456604125656537,0.5438748457880671
2026-07-02,0.39910054885841806,0.6499666443654892,0.42630992363360637,0.7027832615668281,0.5159042450809209,0.4876811791089106
2026-07-03,0.3808725889765501,0.6566859066497305,0.4115125934997139,0.6908964890265248,0.5393797669657692,0.5190335291472847
2026-07-04,0.3821777399687724,0.6531723352211196,0.4028599069108768,0.674275568016724,0.5364055568493714,0.5110963407767137
2026-07-05,0.3469347568612207,0.5130821848585042,0.3643591547324991,0.6020239458923072,0.48700603843103135,0.4240938170110242
2026-07-06,0.34697530925357334,0.5111613366697327,0.3651284325014138,0.5916898279788102,0.4885269510687723,0.4261352712767131
2026-07-07,0.3214677697138201,0.4495753962620147,0.3213925212636398,0.5601614929185029,0.4595281905245836,0.39195436337027384
2026-07-08,0.3267436675201919,0.45366220536119023,0.32432203445318636,0.5782560062827637,0.461486685092525,0.39677140519657017
2026-07-09,0.32166508281728556,0.4390766149450388,0.32136883654853937,0.5657574003867006,0.45316816351109285,0.39642699104582363
2026-07-10,0.32480393181679557,0.4463257840158349,0.3223186566503843,0.5529153674107163,0.4368243718993981,0.3985535668513027
2026-07-11,0.30367309453011276,0.43547691110975995,0.2996678741055925,0.5280531525289562,0.4119660584355546,0.3710614450869515
2026-07-12,0.3036695322290291,0.43579230317694556,0.299626785159363,0.5276861726598024,0.4121982753457084,0.37076904176839515
2026-07-13,0.309831299657684,0.4403922921580672,0.29856311124545526,0.5286369134992632,0.4107621436740151,0.35755372100641314
2026-07-14,0.3380431855109916,0.4824344866959873,0.30991042794193924,0.531755731119057,0.4224802438507829,0.37973385288276434
2026-07-15,0.3366732155555513,0.4654516209391974,0.30962472519160966,0.5182148452425065,0.39022276171646975,0.37963630449847796
2026-07-16,0.3385652455028861,0.477186265027485,0.30507816635841145,0.5263130356222443,0.3938773624075779,0.38433330617443356
2026-07-17,0.333059553319548,0.4711301236184898,0.30549560205658316,0.5211502615686806,0.38644468943710997,0.3844108321256513
2026-07-18,0.3249861488498207,0.46373035425288045,0.27478344001651894,0.506353772689354,0.3696216594738207,0.37581527444559726
2026-07-19,0.3237182578177869,0.4636868709423383,0.274100858166407,0.5071726617885524,0.36913353763914186,0.3755272939680192
2026-07-20,0.32239459628639494,0.4636537187889369,0.2707570296685317,0.4835771545814317,0.36958760032318694,0.3748786596379424
2026-07-21,0.3238497444815295,0.45747981282499317,0.2706928606414952,0.48148890520441884,0.3747543601408963,0.37921082145737595
2026-07-22,0.3232535724365439,0.45654049255683454,0.2683116138260418,0.4805357332243069,0.3745761779330794,0.37849846957386074
2026-07-23,0.31967354084501587,0.44978661782930046,0.2597051407713037,0.4767678872772596,0.38526488368703016,0.39154394141624516
2026-07-24,0.3090629381252291,0.4381367295871735,0.2467918819538335,0.47849525563120443,0.3697149052320438,0.37602334044078684
2026-07-25,0.2978664834452573,0.41536944207704846,0.24658119704794088,0.477772099671606,0.3548358138685334,0.39041440462994825
2026-07-26,0.30137942819401325,0.433688075969029,0.24583260289448733,0.44294543130419933,0.35721620083408373,0.397001667778113
2026-07-27,0.31693858635581035,0.4539083758606721,0.24335113400565977,0.4544360470726229,0.3903193307667612,0.41816033159929544
2026-07-28,0.3150538903883824,0.45424304237322194,0.2412900089579093,0.45333181615773316,0.39038861314725387,0.41537971506198296
2026-07-29,0.3133707883162025,0.4509422356611989,0.2359366417386521,0.4151629117003779,0.38919579666243487,0.4163818893037709
