date,BTC-USD,ETH-USD,BNB-USD,SOL-USD,XRP-USD,DOGE-USD
2021-01-02,,,,,,
2021-01-03,,,,,,
2021-01-04,,,,,,
2021-01-05,,,,,,
2021-01-06,,,,,,
2021-01-07,,,,,,
2021-01-08,,,,,,
2021-01-09,,,,,,
2021-01-10,,,,,,
2021-01-11,,,,,,
2021-01-12,,,,,,
2021-01-13,,,,,,
2021-01-14,,,,,,
2021-01-15,,,,,,
2021-01-16,,,,,,
2021-01-17,,,,,,
2021-01-18,,,,,,
2021-01-19,,,,,,
2021-01-20,,,,,,
2021-01-21,,,,,,
2021-01-22,,,,,,
2021-01-23,,,,,,
2021-01-24,,,,,,
2021-01-25,,,,,,
2021-01-26,,,,,,
2021-01-27,,,,,,
2021-01-28,,,,,,
2021-01-29,,,,,,
2021-01-30,,,,,,
2021-01-31,,,,,,
2021-02-01,,,,,,
2021-02-02,,,,,,
2021-02-03,,,,,,
2021-02-04,,,,,,
2021-02-05,,,,,,
2021-02-06,,,,,,
2021-02-07,,,,,,
2021-02-08,,,,,,
2021-02-09,,,,,,
2021-02-10,,,,,,
2021-02-11,,,,,,
2021-02-12,,,,,,
2021-02-13,,,,,,
2021-02-14,,,,,,
2021-02-15,,,,,,
2021-02-16,,,,,,
2021-02-17,,,,,,
2021-02-18,,,,,,
2021-02-19,,,,,,
2021-02-20,,,,,,
2021-02-21,,,,,,
2021-02-22,,,,,,
2021-02-23,,,,,,
2021-02-24,,,,,,
2021-02-25,,,,,,
2021-02-26,,,,,,
2021-02-27,,,,,,
2021-02-28,,,,,,
2021-03-01,,,,,,
2021-03-02,,,,,,
2021-03-03,,,,,,
2021-03-04,,,,,,
2021-03-05,,,,,,
2021-03-06,,,,,,
2021-03-07,,,,,,
2021-03-08,,,,,,
2021-03-09,,,,,,
2021-03-10,,,,,,
2021-03-11,,,,,,
2021-03-12,,,,,,
2021-03-13,,,,,,
2021-03-14,,,,,,
2021-03-15,,,,,,
2021-03-16,,,,,,
2021-03-17,,,,,,
2021-03-18,,,,,,
2021-03-19,,,,,,
2021-03-20,,,,,,
2021-03-21,,,,,,
2021-03-22,,,,,,
2021-03-23,,,,,,
2021-03-24,,,,,,
2021-03-25,,,,,,
2021-03-26,,,,,,
2021-03-27,,,,,,
2021-03-28,,,,,,
2021-03-29,,,,,,
2021-03-30,,,,,,
2021-03-31,,,,,,
2021-04-01,0.9191505270689094,1.1874879882800211,1.9313172824126525,1.8007221233668325,1.600624698329836,3.975119731987288
2021-04-02,0.9027563516355684,1.1916129290718953,1.93136266464658,1.7980507312813803,1.5949007187782172,3.793915725399904
2021-04-03,0.9054270045786568,1.1110963607976012,1.9340874356625728,1.77950415793804,1.5992732673495298,3.791366750848234
2021-04-04,0.9026575628133316,1.1067201785840748,1.936795188202293,1.7668363457908947,1.6065826242251184,3.7911180376828044
2021-04-05,0.8964358183191898,1.1027528817627965,1.9376603117523592,1.7386109167788952,1.7546913726953701,3.791443669876441
2021-04-06,0.8852165263483347,1.0883981695057277,1.9421889178318898,1.7209745061571524,1.7784867931529518,3.792524333578577
2021-04-07,0.8790255270338372,1.0999052812457237,1.95183848761544,1.6876493882949268,1.7494138411643014,3.795140068509805
2021-04-08,0.8801775859230868,1.1047161564085357,1.9563055556992248,1.5864400982570224,1.7686092343962547,3.7953845539094146
2021-04-09,0.8795770662684923,1.1017550857565273,1.9594142832394892,1.5856050578978287,1.7715502426691192,3.7953751043172823
2021-04-10,0.8739685105741619,1.1020527466320973,1.9557873676176816,1.5892178965016368,1.8612675556881304,3.793762943968719
2021-04-11,0.8587834362052807,1.0594521676821622,1.9441549469918251,1.567632251901761,1.8495345252865079,3.7942760413346557
2021-04-12,0.8540977413290458,1.056381724033587,1.9531410136461915,1.5435527923653203,1.8543072934289506,3.790307788047456
2021-04-13,0.8429056330265925,1.0562940936947018,1.9651057185648104,1.5447724264401619,1.8901210509412443,3.826524766175558
2021-04-14,0.8394271872059952,1.0489106448875924,1.9659549116968058,1.5388053324022373,1.8872787770099348,3.8519595843269006
2021-04-15,0.8277360993211454,1.042920573467546,1.9650077076636658,1.537958280004618,1.8850583531082776,3.925826433774966
2021-04-16,0.8290789259009187,1.0435299327974839,1.9731290123134995,1.554791923458541,1.907829338848322,4.14473507050693
2021-04-17,0.8307069652742572,1.048729022039485,1.9721400734588446,1.546252169579173,1.907801975534703,4.186925123114913
2021-04-18,0.8425936917103092,1.0518972994886702,1.9796752832484,1.6200908864764674,1.9200526487714058,4.190798033720753
2021-04-19,0.8415271457731964,1.0437307982960695,1.971453446390483,1.6177762314044393,1.928454166785897,4.208218785216099
2021-04-20,0.8410355725112124,1.0532364264010246,1.9864094369893814,1.6181244029596082,1.9299349903295042,4.249488123584292
2021-04-21,0.7954080284618688,0.9527196467772102,1.981082016643931,1.5416479897795436,1.9241429924399844,4.242390517206261
2021-04-22,0.7913843833800402,0.9328462741881238,1.990982193019889,1.5628833044404484,1.9415640496310147,4.261472830036533
2021-04-23,0.7894388510088847,0.9336440403138719,1.990367023004868,1.56792402516556,1.9412291639401569,4.264151524871701
2021-04-24,0.7912360348788956,0.9163069231178316,1.9978827445601814,1.5728280615621162,1.957840528604416,4.264681479268563
2021-04-25,0.7927354128722003,0.911887564495079,1.9972509934089218,1.5918812307083317,1.9572476737246554,4.2672374049241215
2021-04-26,0.8137179240922922,0.924588448522909,1.9973970146432052,1.6013867758355498,2.0258953001678073,4.266698337679224
2021-04-27,0.8005533771101361,0.9040389607677483,1.9956677380164016,1.5847302831088923,2.01816289778611,4.257073084461809
2021-04-28,0.7806303035989655,0.8962967444540938,1.997165275735098,1.5847876253376922,2.019555761258047,2.8627898283906017
2021-04-29,0.7816904020093056,0.8944348459970708,1.9979313005101065,1.5926060193087797,2.0170503818868584,2.8367792158709144
2021-04-30,0.7940403375991508,0.8942687841087357,1.9977825104423155,1.5862376587891898,1.8311477475712645,2.6471877012751035
2021-05-01,0.7897885051613192,0.8929847962952687,1.997335403547298,1.6050255689335216,1.821242228101189,2.612536912495476
2021-05-02,0.7916048907794169,0.8899271438056258,1.9829227825032327,1.6101322879126199,1.720780991720533,2.6104825152995472
2021-05-03,0.7849819784959942,0.9188669488640904,1.9846764092576492,1.5998778345613638,1.7210738825277772,2.6115713674899386
2021-05-04,0.7925327914768155,0.9112611804481655,2.0025885360026656,1.6061127130225328,1.7377651404175558,2.617976173465089
2021-05-05,0.8046111440268524,0.9186331456590893,2.002186865007562,1.5970751331263802,1.7478101714925893,2.5575882270989947
2021-05-06,0.8034383970175208,0.9095363787014825,1.977194854319224,1.600223578733511,1.7483124463385522,2.5561164836123282
2021-05-07,0.8028916622473573,0.90731366248404,1.9763700771289665,1.5852755014354476,1.747896135492542,2.545949843744059
2021-05-08,0.8036169783373772,0.9280189586120192,1.9684365121841652,1.5806692510575853,1.7426903013107715,2.493019005790264
2021-05-09,0.7219559672782607,0.9162296301446248,1.9504610335985995,1.5584893742122865,1.7395084663060778,2.5073566108419887
2021-05-10,0.7276327911988055,0.9162474185119035,1.8747907377641704,1.5612823302778385,1.7519698202134735,2.5455188685726657
2021-05-11,0.7240862737291334,0.9196819309992433,1.8470680749511033,1.5378166192106657,1.7524544207895918,2.549195430377432
2021-05-12,0.761463946469322,0.939734079631636,1.8652031461338685,1.5395311712235482,1.78208461407844,2.596357947263855
2021-05-13,0.760875769096995,0.9415140492525017,1.86182434443152,1.5475966465298363,1.7661129017409778,2.628336036389164
2021-05-14,0.7608661185254668,0.9554498391762043,1.861555746073322,1.542130169301715,1.7654163472583244,2.6336859035035958
2021-05-15,0.7694350106179308,0.9850430075866268,1.8692219491281663,1.5415450412719158,1.7618898916883632,2.63993745285056
2021-05-16,0.7690746456717581,0.985612577707485,1.8657791899333016,1.5457494843236037,1.7552274784573867,2.627395534844076
2021-05-17,0.7779655596113524,1.0039998578733489,1.8794353815990907,1.5371842764979675,1.7504123006567867,2.6270709235047423
2021-05-18,0.7687083871619067,1.002986958298715,1.8238518798659287,1.5702627414671244,1.7529539369248976,2.620880219119953
2021-05-19,0.8280548609543033,1.2015307483268443,1.9916939510088538,1.8504009696381505,1.946111318551875,2.7202316539750666
2021-05-20,0.8365641369243635,1.2272840547636579,1.7075294034770951,1.8462475455359286,1.9542403138985172,2.735641718548288
2021-05-21,0.8521711560087197,1.255611292559375,1.65521212774155,1.8434722590711805,1.9714701223862303,2.746659255124828
2021-05-22,0.8498936298354727,1.261343112457398,1.6351436293084314,1.8945473700595368,1.9813217897473743,2.7497514711940263
2021-05-23,0.8553992106615147,1.2631866133018623,1.6472970920556187,1.891576717430859,2.0005823140547645,2.7591892427588784
2021-05-24,0.8652780643815393,1.3230663470103654,1.716350661034362,1.950762807939667,2.0181404762212622,2.7633286891590685
2021-05-25,0.8646668271682115,1.3226371703733881,1.7064789132996339,1.9403721967585235,2.018317939860737,2.7501332442572064
2021-05-26,0.860014766191491,1.3129469595517966,1.7088456252631645,1.914074797627818,2.013997353039115,2.7333095876100724
2021-05-27,0.8601070622957925,1.3165290670375087,1.705172337529449,1.9169332510747201,2.017633338313015,2.7375790574317254
2021-05-28,0.8733632517839628,1.3444505819842294,1.7228327835738568,1.9429421844152273,2.0257476561025753,2.7432069615157455
2021-05-29,0.874309720640456,1.3487526174636193,1.7238130241646974,1.9471555287606386,2.0299491771735454,2.74228387209776
2021-05-30,0.8543727224965909,1.33726617094931,1.685160955588706,1.931236576081493,2.0322125917996274,2.74205880696322
2021-05-31,0.8588169099810127,1.3538168106050263,1.6874309452632548,1.9416318071902965,2.0483114174557526,2.7439051561944106
2021-06-01,0.8549647224841279,1.352152565350642,1.6879603095569822,1.9462318975009685,2.0494290445707106,2.7520801263099535
2021-06-02,0.8534202717037394,1.3519111166745752,1.6961478129959393,1.9461096571516452,2.0456908913923786,2.760618877187436
2021-06-03,0.8582997668710298,1.3550719924895813,1.6994945067798464,1.9641456685114482,2.04154806771546,2.764381494454548
2021-06-04,0.8670179723428271,1.354251799200142,1.7112482810847944,1.9686476095625802,2.0486975042215727,2.7698126788038526
2021-06-05,0.8646762192720612,1.3530565479084318,1.7079243381323486,1.9688340706677498,2.051809244915638,2.7707346832009425
2021-06-06,0.8626982093550198,1.3494665758954072,1.7079268664528862,1.9707089963090396,2.0520230794355108,2.749335086505296
2021-06-07,0.8648770208972297,1.3527428632943004,1.6741509707331153,1.977443868830259,2.0620176781400534,2.754636939558105
2021-06-08,0.8636157625400165,1.351767445351893,1.6709568658772982,1.9786499375819961,2.058926255311719,2.7533456060937933
2021-06-09,0.8929128260433934,1.3535160131459572,1.673684505461092,1.9662070055811096,2.060284680163488,2.7538403836509326
2021-06-10,0.8933346781556559,1.3566332901226366,1.667066493662752,1.955314903257562,2.063495304078367,2.7568546594347536
2021-06-11,0.8824992508844823,1.3505234643151844,1.6650328534460888,1.9738146935732976,2.0633740423090474,2.749364537149307
2021-06-12,0.8845950011055596,1.3478871091616178,1.661907773402938,1.9692075263522284,2.061576365201489,2.7439238152601586
2021-06-13,0.8999956052073451,1.3505674082507497,1.664467513433417,1.9706088635646486,2.0639896583039095,2.742928045160533
2021-06-14,0.9022640002325341,1.351447383545846,1.6643771565703784,1.9683209696144761,2.0617841421115206,2.7429001919991056
2021-06-15,0.8989033015781566,1.3518980959550575,1.6627442021375751,1.9677107915935794,2.0628025393409826,2.743441461617927
2021-06-16,0.9021145998902182,1.35906148529541,1.6653134062121306,1.9676237755970722,2.064925042665008,2.745422829656379
2021-06-17,0.9018391512860415,1.3587085921111854,1.665510798797427,1.9679510785909378,2.064819073664181,2.7458333066433305
2021-06-18,0.9089804094062558,1.3646813825014943,1.668395081467514,1.9737677737607318,2.0553288456080403,2.7485786548107427
2021-06-19,0.9088858049138298,1.3660553218776246,1.6685708511043793,1.976972766852519,2.057778624074329,2.74878390694249
2021-06-20,0.9025153316868646,1.3619960782699179,1.6667040867881506,1.9765485603568933,2.055763437676128,2.746691602989879
2021-06-21,0.9311391952533034,1.4077765489611962,1.7288918361372205,2.059459467833132,2.115286747147613,2.9033219732782483
2021-06-22,0.9313126199402308,1.4034435456486822,1.7292524053671061,2.0572516028130248,2.1079178692092437,2.9034346281797876
2021-06-23,0.9344178747136624,1.4062747332699859,1.7419640048581913,2.0699588018353015,2.1271042838085226,2.928983861906546
2021-06-24,0.9244741828568876,1.3998612620851367,1.7352688263475813,2.055623045373086,2.1206075179534127,2.9351389492081905
2021-06-25,0.9403463283855484,1.413339131290466,1.7428644129579445,2.053631982895129,2.129022386752684,2.9454986089979953
2021-06-26,0.9420005968313804,1.413141487989593,1.7428755047571833,2.0469439935146174,2.1290463339635664,2.945060941150489
2021-06-27,0.9519600058623666,1.4144766206644013,1.7439261796950944,2.0494909318309733,2.130271252818483,2.9471849051737977
2021-06-28,0.9506266760713096,1.4177606535587475,1.7260627892336848,2.0502799396347156,2.130276609521536,2.948383385675542
2021-06-29,0.9551020740578771,1.4173249128581502,1.726709022409547,2.0506914941165824,2.137888323365693,2.948089382355206
2021-06-30,0.9558036698249919,1.4198842121546071,1.7143263421844075,2.0515233068561667,2.137893461989537,2.938646364686982
2021-07-01,0.9588414887703702,1.4194171830575626,1.7175983651226143,2.055725495095914,2.139278043753547,2.9349413362865384
2021-07-02,0.9577639023272095,1.4147787478180855,1.7148486014679611,2.0403116046697214,2.1369598831792884,2.9330701181935326
2021-07-03,0.9584790129328707,1.4148132476189046,1.708653861351442,2.037822792026308,2.1293597046895787,2.932952469924474
2021-07-04,0.9586552875931353,1.4169719856777292,1.7062990278730752,2.0364301966574296,1.9963526186309308,2.9325582041041165
2021-07-05,0.9617498155640944,1.4215978822794808,1.695881553038024,2.0314783117022697,1.964809507114405,2.934754934270276
2021-07-06,0.9607999457572749,1.4179601989838788,1.6944979724830962,2.029801248006827,1.932798824826221,2.9268633726289344
2021-07-07,0.9568970091673366,1.4133857539540908,1.6803228172444846,2.0340464189263048,1.9098705315642763,2.9285119324786124
2021-07-08,0.9579559405422283,1.4253078219984168,1.6747967790612757,2.0444217186892226,1.9107377252485345,2.934315461918518
2021-07-09,0.9580442345368613,1.4241654228386809,1.6735232634395658,2.0433917235735426,1.8080315707051293,2.9355103352669416
2021-07-10,0.957835196482356,1.4244786827778042,1.6573285384797667,2.044751888911748,1.8081067181874309,2.922641479958537
2021-07-11,0.9595580009058137,1.424708164859409,1.6362502310758966,2.0444106811028706,1.7993225247867357,2.919975444899472
2021-07-12,0.951635740318433,1.4207454712172702,1.6299323783957598,2.044919544346519,1.7474022782467558,2.866914372116658
2021-07-13,0.9516502817652102,1.418637739834246,1.6302681612117713,2.0464344365399,1.746129713570295,2.8252720189257903
2021-07-14,0.9516315268424008,1.4181380513327628,1.630252106626275,2.049240287855598,1.7451901888204435,2.7047557140316805
2021-07-15,0.9516066212544978,1.4182743945972225,1.6269081137803636,2.0493595071243726,1.7300339887293528,2.3087148702027043
2021-07-16,0.9512975499961706,1.416335411646449,1.628235062069757,2.0560501718187854,1.730025235491628,2.2559186602473402
2021-07-17,0.9438740724878553,1.414970100763513,1.623514846930943,1.9857403427948648,1.7226699948652524,2.2459919160722728
2021-07-18,0.9443112315069184,1.413470904407158,1.6203290156310386,1.985095866726738,1.7182606459282712,2.190836660998727
2021-07-19,0.9445912528704143,1.4067770894043323,1.594127225969458,1.9919773756564068,1.7152498758890373,2.134891995059084
2021-07-20,0.9425981513108712,1.406810575248669,1.5915988861545143,1.9927066672228992,1.713081550589495,2.1341417011852903
2021-07-21,0.9546501466509855,1.4248897522674597,1.6016419109779467,1.9766633741579538,1.7097619301681022,2.123993579405354
2021-07-22,0.954777181385706,1.4251023298141239,1.598800026234253,1.9770306311527404,1.7113556609255096,2.1225550404511737
2021-07-23,0.9586500514918231,1.422274725298087,1.596240669714826,1.9693591839383169,1.699942656917497,2.116687691920451
2021-07-24,0.9592211235430881,1.4201573233528988,1.5958649717518605,1.9446256240541602,1.6999179264737807,2.112448548398761
2021-07-25,0.9404492114328787,1.408791660097998,1.5906463409910563,1.9392043667195795,1.6007421695397843,2.1063449160181964
2021-07-26,0.9460285010089092,1.4052028123814377,1.584971645932677,1.9390592499680226,1.6006257652414306,2.107289066852138
2021-07-27,0.9542986655030712,1.4053195118118322,1.5867646518420824,1.9370808308417404,1.6022799748727483,2.0774505957805043
2021-07-28,0.954070804740967,1.4052901018468937,1.5804290882641947,1.9345607695719467,1.6237357639619103,2.07462126904523
2021-07-29,0.9408976208244337,1.4071925432986137,1.5782128394643506,1.94910725493731,1.5991306558517528,2.0633236993591875
2021-07-30,0.947898299571184,1.40328419642663,1.5789949441520124,1.9258653370085914,1.597220380201925,2.0404589145053316
2021-07-31,0.9476491902505273,1.4045448293260479,1.5806462467460376,1.9409992123112045,1.5942713538965796,2.0390517631033895
2021-08-01,0.9500237938256357,1.3698460074697163,1.5698918433512619,1.9457857279399104,1.5948288568361637,2.008679876564316
2021-08-02,0.9403404561125189,1.366124185211993,1.5576153125503323,1.9412155155661708,1.5812856928398737,1.9637993090893489
2021-08-03,0.926988775137839,1.3564564549459583,1.5507380734990428,1.938851227975555,1.5491586624655282,1.9193896510965582
2021-08-04,0.9306556451842426,1.3674618746957992,1.5525707827026154,1.940484457614082,1.5505906976994974,1.9090601799371916
2021-08-05,0.9320416905042791,1.3697819771270119,1.5528272335130526,1.9426384640842909,1.5506994026514063,1.8723222376397641
2021-08-06,0.9357016938544029,1.3492040123532298,1.5511120609228974,1.9428526894786597,1.5517385192063364,1.8686307372460673
2021-08-07,0.9396212561386605,1.3618757050784207,1.5527029483907122,1.9420792310810209,1.5636632233574794,1.9289432491207776
2021-08-08,0.9366553915658613,1.3648744569873328,1.5520922274744344,1.9431803567668262,1.5547172599234316,1.8797845759870686
2021-08-09,0.9430898847920822,1.3635660133460075,1.5481221247118848,1.9422922975383285,1.5525424542455373,1.8751401607543332
2021-08-10,0.9053747642547049,1.3526697862245036,1.5341942816843053,1.9447641940401863,1.5265221389945347,1.8191583166123755
2021-08-11,0.905368777508101,1.351746117436193,1.5364797279082,1.941264021496251,1.5598011782016137,1.7604388552829922
2021-08-12,0.9065833725967133,1.3400199308869498,1.5320483222794492,1.9397724769516842,1.5608783289021264,1.736924523837768
2021-08-13,0.9100289856508503,1.3339676719693798,1.5327912545653515,1.9473804267993944,1.5754386548220196,1.7371786369390796
2021-08-14,0.9104581245229104,1.3339728278272995,1.532758828708856,1.941748723981392,1.6085498096681872,1.7380412171596302
2021-08-15,0.9009536165404494,1.3226207004108657,1.521191837551657,1.98046984619634,1.6072705062131973,1.7617674315648957
2021-08-16,0.9016158945280953,1.3251757646022493,1.5211983510091358,1.969013648321247,1.6097158711223214,1.765112610202012
2021-08-17,0.8458602973293097,1.1529703687088029,1.2676580261920027,1.72036549524924,1.3918492471598765,1.608178206987833
2021-08-18,0.8223457553859662,1.1247710355215725,1.2288137742507212,1.6720679383411943,1.3764036886588369,1.5617553805572282
2021-08-19,0.8083996308204855,1.0977413540860248,1.183151395834625,1.648486294635436,1.3466363161174209,1.5508723774067226
2021-08-20,0.8148386714866142,1.0921789085474338,1.1740030974796256,1.5880138979095864,1.3290924012472853,1.5495155342695244
2021-08-21,0.7986410751683664,1.0761885452437812,1.1374085960087226,1.511229650965253,1.3010420254825872,1.5348759116571589
2021-08-22,0.7672264142007764,0.9699365964806638,0.9889428928501486,1.4342805475873421,1.2183910890650276,1.4918296246020528
2021-08-23,0.7666412049139011,0.9703116320465438,1.0104226245675099,1.4308269732694159,1.2179343620744683,1.4878959306186852
2021-08-24,0.7696890731665016,0.966885256783263,0.9987602802069,1.403539353903789,1.2279088135973213,1.4996015860328444
2021-08-25,0.7701408594063855,0.9616544634854904,1.0049586643890729,1.3990549932730372,1.2238864542642096,1.4960867700677156
2021-08-26,0.7589093804781305,0.9289926613574643,0.9810110952117178,1.3617254041697961,1.2267856092404812,1.4993405865801188
2021-08-27,0.760849176843296,0.927230855265927,0.9693744439578422,1.3877957810198904,1.23401587944743,1.5102825014963326
2021-08-28,0.7591947915304015,0.923624538691256,0.9626884185009897,1.395079517305695,1.22584931692638,1.5113730537815073
2021-08-29,0.754734856441633,0.8894614396296804,0.9503275288272928,1.3742276769982853,1.194010563109052,1.5037031491068678
2021-08-30,0.7582242143628446,0.887532580322747,0.9534865161813422,1.3977228741322534,1.1948099749199126,1.481473299734977
2021-08-31,0.7570360339251938,0.8937779689324474,0.9316019561581652,1.389610901531326,1.2038022362021112,1.4555905691629671
2021-09-01,0.7554126517476907,0.9136565710036914,0.9286960123817787,1.3603039965348147,1.2059518588369482,1.4571385841433573
2021-09-02,0.7434462479487023,0.9048734101071575,0.9092992456037503,1.3796810487908704,1.1956234957872949,1.452090382012743
2021-09-03,0.7394195340677886,0.9059955637824968,0.9093874939763144,1.3973226990251448,1.1922904516404964,1.4520048302091848
2021-09-04,0.739452226834599,0.905017545316077,0.9098692107043348,1.4003068986803002,1.1931603629153686,1.4522277230819418
2021-09-05,0.7290175637986296,0.8997771509179239,0.8880313608795379,1.381686965142307,1.1789133004852275,1.4379666731897978
2021-09-06,0.7291664737236909,0.8967292365217573,0.8882191071108053,1.4013007152366093,1.1841986398000912,1.437965143927485
2021-09-07,0.7361796408515587,0.9363648474941058,0.946188212822682,1.403529858651515,1.2548097914182847,1.4842334715938559
2021-09-08,0.7359835082177993,0.929418165114896,0.9368139871222887,1.4106776566547257,1.2498992152670079,1.481128447601749
2021-09-09,0.7354047148927164,0.9247373746628504,0.9363322918342689,1.3811000701631844,1.248983718682377,1.4808295174143074
2021-09-10,0.7316787960935193,0.9351898365368584,0.9417310161153188,1.3868899082781196,1.2500318950676783,1.4837397582210563
2021-09-11,0.708084319067511,0.9293416666830365,0.9337552561822334,1.3849040574639264,1.2454036586602808,1.481610358194299
2021-09-12,0.7051577318560479,0.931151614142284,0.9349931074719939,1.3876118959004204,1.2471914435308757,1.4835963484446428
2021-09-13,0.706675330796794,0.9337384486690835,0.9388259093363599,1.3898620544107985,1.250099430443511,1.4874062027499542
2021-09-14,0.7061054216845509,0.9249985021950644,0.934923087118677,1.3992545965593668,1.2482456620007492,1.4862781608121813
2021-09-15,0.706885278277805,0.9297604285091847,0.9376765323959726,1.3985478969988157,1.2487072770636856,1.487613973031203
2021-09-16,0.6950923975976533,0.9209781544024567,0.9334232497035242,1.3940088649836386,1.2447690155061302,1.485949858804366
2021-09-17,0.6950766088102253,0.9243237043526141,0.937555188069266,1.391796601412472,1.2411095789042388,1.4851727103521282
2021-09-18,0.6959774809858773,0.9222757341927268,0.9373264178937959,1.4125887209395174,1.2406663264828397,1.4848686315060462
2021-09-19,0.652120025427541,0.851072130092664,0.8154877236540935,1.2979760278808923,1.135630265819694,1.1721673326304243
2021-09-20,0.6795779546145603,0.8833924134649691,0.8473534626129594,1.3371957063313495,1.1465604153901716,1.1874801936237944
2021-09-21,0.6861587208722519,0.8934437475067535,0.8204067242767202,1.3263225214763636,1.111626014453102,1.1129865450613834
2021-09-22,0.6963648112654893,0.9170313781906386,0.8383916355409105,1.3644618926894256,1.1397740068263376,1.1105165373210921
2021-09-23,0.6707224367295785,0.8948628879553985,0.8151055024633442,1.3489181899394624,1.121131578655626,1.090400020187073
2021-09-24,0.6774212417683884,0.9091180928934267,0.8310324870272567,1.3613219612606748,1.1286596562236617,1.0972499691699416
2021-09-25,0.6627618173475163,0.8963320681451422,0.8284230325083521,1.3590830040284114,1.1248611681558698,1.0865706621565072
2021-09-26,0.6627993110803432,0.8954880245661716,0.8291742201500882,1.3591327627634722,1.124665348543265,1.0856416026490494
2021-09-27,0.6603746089147835,0.8981825893492242,0.8278944667524419,1.3590249042698004,1.1117591087131347,1.0852507249968668
2021-09-28,0.660804440243106,0.8977811074743004,0.8278967994155881,1.3609105179668934,1.1139695067209827,1.0833843907782408
2021-09-29,0.6542221993560537,0.8834001807949842,0.8431391355483467,1.3512691304219477,1.1064563661349158,1.0809992860608122
2021-09-30,0.6623074083400765,0.8878688306104541,0.8490197359005242,1.3524513073145354,1.10738274882316,1.0825448113173641
2021-10-01,0.6857878608563759,0.9061429409771397,0.8618104137476937,1.3730443213412424,1.1196886824617673,1.0969779853291475
2021-10-02,0.6857804253470088,0.9037228861451809,0.8602104554820514,1.3733262683742806,1.1183923173084631,1.0975368088594044
2021-10-03,0.6784784891931039,0.8954483012515255,0.8590794582702419,1.3681738686472675,1.1099020450416826,1.0904922086914897
2021-10-04,0.6789486324844975,0.8898597338801312,0.8525171343318085,1.3716137993721664,1.1101241229034904,1.1035855967151464
2021-10-05,0.6831715035563053,0.892248567402819,0.8541756586953039,1.3691423553019557,1.1111070299995383,1.1027379700171538
2021-10-06,0.6928613255615916,0.8712923446803589,0.8470157245365808,1.3588801520172749,1.1059947618346624,1.0907215262840193
2021-10-07,0.6946547123851062,0.8711294389786662,0.8462388040098892,1.3589865133199412,1.1057217936107326,1.0885792580340057
2021-10-08,0.6940453941974855,0.8702758272244957,0.8517921279954396,1.3523336052715333,1.104708521178214,1.087086309829095
2021-10-09,0.6936909444070959,0.8701302547021182,0.8512134610837495,1.3537391252705044,1.11648115856259,1.0870952145884696
2021-10-10,0.6892312282499344,0.8685174477567582,0.8551511011016,1.3571915597960598,1.117342826402987,1.0951035366415713
2021-10-11,0.6942046139842297,0.8642579650217195,0.8544057674756478,1.3513349614908687,1.1165085520898403,1.0923317457719035
2021-10-12,0.6972060508276484,0.8642226886933324,0.8657334768804315,1.34823494157222,1.1190260992597736,1.0930618217384869
2021-10-13,0.6944841762055951,0.8610274961588548,0.871898609179914,1.3322943391840318,1.1161965459974201,1.0861408555174656
2021-10-14,0.6931573122285677,0.8630892409416046,0.866590652901574,1.3162824990925546,1.1153410977953138,1.0747582716861699
2021-10-15,0.7057594860582551,0.8634154178289803,0.8662043567073384,1.3227216071581576,1.1146303457325133,1.0617472002218924
2021-10-16,0.706959128400825,0.8638399583330318,0.8675047585813659,1.3264710614426327,1.1149682101358165,1.0597400272158697
2021-10-17,0.7029119032462086,0.8585255164876369,0.8525769582779182,1.3093736343238338,1.1119563141690618,1.055272556425904
2021-10-18,0.6976161038822024,0.8598033659073826,0.843536263685152,1.3054193163301362,1.1058310778613982,1.056804952861195
2021-10-19,0.686188424736645,0.8358406109408241,0.8202257455100677,1.2881583508219139,1.096300643051397,1.0344455117514428
2021-10-20,0.6871871060100003,0.8454197574650187,0.8212400856209995,1.3054963894333227,1.0981121903382036,1.036812003192969
2021-10-21,0.6970969752282181,0.8442374770303416,0.8322094676190651,1.3100032834201523,1.1034768054499693,1.0417761382439512
2021-10-22,0.699526453501048,0.8449249873574484,0.8325840727306407,1.309628414190051,1.103453570299665,1.0417443665209358
2021-10-23,0.697576405776567,0.8489457494050062,0.8327194341437687,1.3080802288775286,1.1033060203980776,1.042834033351239
2021-10-24,0.6919939679172216,0.8505093692485132,0.8342935322145965,1.3071751664030302,1.1030454240407805,1.0574306365781176
2021-10-25,0.6865552065296183,0.8507206759684367,0.833170277000629,1.3065300837355507,1.1016303292438088,1.0607167977086667
2021-10-26,0.6935707240250015,0.852508314979568,0.8340520599112027,1.3128171147247591,1.0735926200341817,1.0634763870010426
2021-10-27,0.6974712642659747,0.8585723299968612,0.8451700116921312,1.3151709894840915,1.096273503060846,1.0742016841111721
2021-10-28,0.6934074365717764,0.8731599450534634,0.8632007392239257,1.317018529466739,1.1025082877540697,1.1689080046977292
2021-10-29,0.6935398471563353,0.8734610131894273,0.8733735540913902,1.29884487274868,1.102908667775783,1.1719985380701021
2021-10-30,0.6880333711448454,0.8752717707492406,0.8735131155477658,1.288376820978238,1.1007715676626226,1.1804191870050673
2021-10-31,0.6870964836655064,0.87525566159203,0.873561327876936,1.2848170772444418,1.101220544418734,1.1826524907813822
2021-11-01,0.6849029661930854,0.8707036747907312,0.8763749543825661,1.2849890047955175,1.099562776405913,1.182067836436464
2021-11-02,0.684566164588607,0.8639457932705802,0.874446165325993,1.289470360188081,1.1010476910093863,1.181192812857487
2021-11-03,0.6832448444329257,0.8616464794559634,0.8752833450736204,1.29795439714857,1.1074801047461729,1.181946697657418
2021-11-04,0.6801899211538576,0.861952402124473,0.8763689536446797,1.2959616568497068,1.1074296228588538,1.1825996913250212
2021-11-05,0.6766573716432859,0.8455485926540957,0.8877572334450702,1.302044212922347,1.0975100704877094,1.0741914751151647
2021-11-06,0.6753685030592337,0.838964205829716,0.8866634995924525,1.3025037024230421,1.0928336377779047,1.059351606439228
2021-11-07,0.669384216573242,0.8349139996579885,0.8850081454413078,1.3073129197704756,1.0946860671900516,1.0518494903156883
2021-11-08,0.6797015839775352,0.8380065922214459,0.8809161362826857,1.306981866567326,1.0959717101420674,1.057875941339489
2021-11-09,0.680098685042041,0.8390262973816675,0.8791648666940836,1.3121527448505697,1.0427201162248148,1.0583133934382005
2021-11-10,0.6813819352339219,0.8365584721842675,0.8818267593436736,1.3136643450841885,1.044700629181696,1.0675541799137946
2021-11-11,0.66655898792433,0.8202401579012619,0.8747062779987066,1.306909891977459,1.017144385997624,1.0550662053377926
2021-11-12,0.666030894173062,0.8196293535241169,0.8745984155033224,1.3075611673471086,0.9653657877854175,1.05371804892832
2021-11-13,0.6659392489901771,0.8195810411119728,0.8766248079078202,1.2607826245229155,0.9653266058370652,1.0109972891779655
2021-11-14,0.6643087665871578,0.8124640090326802,0.8766435600109177,1.2337538073385976,0.9518678195471776,1.0040557981258955
2021-11-15,0.6649045089388301,0.8074018642234286,0.8753900027955231,1.233635956766637,0.9393494178449322,0.9967882764639303
2021-11-16,0.6762458167867914,0.8254835058438647,0.8889024816460135,1.2286498305266333,0.9479483251048721,1.0091908554264843
2021-11-17,0.6709118928973697,0.8194941594476415,0.8747458357314224,1.2287224240754346,0.9348232914193462,1.0041994159396146
2021-11-18,0.6743377081969749,0.8307336226737362,0.8858556494766473,1.248062626086694,0.938889097833934,1.0115248771406935
2021-11-19,0.6749367212393828,0.8413371899523288,0.9023024329380855,1.2515825128702527,0.9408986364333001,1.0164072237044486
2021-11-20,0.6768731012563352,0.8426967225220154,0.9052571387714177,1.2504734855959232,0.9408347745892508,1.016420584022041
2021-11-21,0.6780996083755786,0.8451081891517822,0.88360076673891,1.252706779421398,0.9428752303436627,1.0177616496266364
2021-11-22,0.6790943788595287,0.8439504134369191,0.8803941586844414,1.2519534683560802,0.9253494463637044,1.0013543260802678
2021-11-23,0.6785186219230357,0.8513356672713508,0.8778159452577622,1.2522572468165172,0.9247963272077427,1.0032783147023931
2021-11-24,0.6722137234893628,0.8472223650422801,0.8712035875346432,1.263292775515992,0.9086627068302128,0.9923326023522766
2021-11-25,0.6688311164802423,0.8476082087595358,0.8827410980069511,1.2262749306490621,0.8824553650865719,0.9743020444608768
2021-11-26,0.6955959414509643,0.8792617019811027,0.8992937931094367,1.230737819913666,0.9038516889062373,0.9890872605147513
2021-11-27,0.6964233111723998,0.8793401486086749,0.8995456270907636,1.2294257192526263,0.9039959949140348,0.9894870185232509
2021-11-28,0.6976053071900312,0.8839744709587538,0.8956879234432403,1.1933432702151647,0.9028678913569566,0.9882116589853802
2021-11-29,0.6977285171879793,0.8787052718314748,0.8962543189114961,1.1924414849621408,0.8907349646252349,0.9901234859621771
2021-11-30,0.6951827777560408,0.8550126132600365,0.8904378194316872,1.1924024151390384,0.8865371614848535,0.9826960520683726
2021-12-01,0.6950465621152446,0.8549822023231098,0.89001638463099,1.172514206046186,0.8860092041966462,0.9836366920181795
2021-12-02,0.695065479072837,0.8523257810531157,0.890415263918622,1.144303050996389,0.8841694142496597,0.9835314429136551
2021-12-03,0.7034048293790721,0.8631780200641506,0.8941126981054235,1.1575052850674385,0.8885358037412084,0.986891838870355
2021-12-04,0.721313492760709,0.8639860354136002,0.8988155203380558,1.1627862458320617,0.8993176887751527,1.005687475929056
2021-12-05,0.7204792348836802,0.864691363942691,0.8989757047705649,1.1274981118413017,0.8936468462940007,1.007688407726164
2021-12-06,0.6819020828299802,0.8227619286327399,0.8346224948009131,1.1228381166905888,0.7963135849680032,0.9385029170554495
2021-12-07,0.680885678066899,0.8224718941307503,0.8351022876389785,1.1065447736274407,0.7951574205175901,0.9383176440120095
2021-12-08,0.6807911175774357,0.8228904415622676,0.8395791418646433,1.1069952363406694,0.8038071696813975,0.938830276647636
2021-12-09,0.6881632135138612,0.8274740032649263,0.8437861107290591,1.1127973371391773,0.8019463709511442,0.939906860351086
2021-12-10,0.6882806643934236,0.8341353713199373,0.846750664677975,1.1240668992868714,0.812309847388049,0.9411779408613989
2021-12-11,0.6935900994661853,0.8355692239003853,0.8461789610994808,1.1242708890283346,0.8152899490019294,0.9397675447851186
2021-12-12,0.6922169181610256,0.8321920223017174,0.8411694190779841,1.1228931245868214,0.8098801675194114,0.9332469251909544
2021-12-13,0.7001841222344481,0.8474818014971414,0.8595193285688205,1.1361705747295565,0.8187333712451301,0.9431844846660484
2021-12-14,0.7023557664087867,0.8423261606676702,0.8563980003858908,1.1388121078216644,0.8209818825209337,1.0222905460607148
2021-12-15,0.7024881426123065,0.8456829791923756,0.8566905333884368,1.1536862056450603,0.8208085344654499,1.0267046400575353
2021-12-16,0.7041596675049019,0.8403397314097052,0.8540108606604323,1.151937575871541,0.8211776123323444,1.0297922570036229
2021-12-17,0.7058213327311961,0.841392000571792,0.8539263171910432,1.1188613422967675,0.8209760168059982,1.0307564012192012
2021-12-18,0.7051448110478813,0.8396599122585174,0.8541793129554816,1.1019321645564535,0.8236262455198643,1.0301991386139333
2021-12-19,0.6789359404132398,0.8076117580828849,0.8198702266233809,1.0638868794085101,0.7828856710296125,1.007027939357937
2021-12-20,0.6695326531201916,0.792362484723051,0.8114055429406437,1.0572725640285463,0.7830511159992768,1.0047379032211747
2021-12-21,0.6612944251261572,0.7648770168658073,0.7899791180154988,1.0001795737421344,0.7465690182869141,0.9792320285091407
2021-12-22,0.6588796546199581,0.7639885596364524,0.7899109215224223,1.0001100827475153,0.7467397777907068,0.9797676340796816
2021-12-23,0.6576181644926866,0.7503292540562357,0.7740370607203949,0.9953329642870481,0.7418090652086585,0.9797144873624819
2021-12-24,0.6575502890725146,0.7512840470308171,0.7737693732729091,0.9939560488902685,0.7623293031061674,0.9798274129996402
2021-12-25,0.6575839067073769,0.7465108449432583,0.7726401636969351,0.9940831221790686,0.7629051712384562,0.9807124045137168
2021-12-26,0.6556233612795839,0.740454942270682,0.7703330156849852,0.994910694166267,0.7615322991201322,0.9793943249668235
2021-12-27,0.653000128537189,0.7348774463506503,0.7716101406482704,0.9928327353804204,0.7588847176189027,0.9790734113342165
2021-12-28,0.6663173934179791,0.7465326450042165,0.7571021718754813,1.0134178958844697,0.7742334439732268,0.9909315409446005
2021-12-29,0.6594713377482393,0.7459463424745255,0.7552532289360988,1.0133011209191929,0.7761419628563159,0.991387265832545
2021-12-30,0.6321669790088528,0.7210620036642515,0.7371236678435223,0.9775511061600328,0.7559705981016193,0.9758445818645667
2021-12-31,0.6330038993388415,0.7199508418058156,0.7374908568313561,0.9738719980343571,0.7561186668631812,0.9753306992619472
2022-01-01,0.6359055904771698,0.7212837961946619,0.7396509564256518,0.9783714100863519,0.7569745347276884,0.9754796916053369
2022-01-02,0.6346947157069875,0.7216385746611337,0.7393013825910277,0.9763366010379105,0.7570719885400616,0.9593595720962723
2022-01-03,0.6289485232795506,0.7187557164846263,0.7401736375208443,0.9785852177396457,0.7545972134497638,0.9558448282667531
2022-01-04,0.6114803513031679,0.7180692223170703,0.7396324670667569,0.9692706319903519,0.7547589196545047,0.9555017567029037
2022-01-05,0.6179729913661464,0.7307514106490032,0.752277764843202,0.9835420826259027,0.7643057091374715,0.9579001277426715
2022-01-06,0.6179948927762139,0.7347186807120958,0.7465095336999004,0.9832997186332937,0.7646854014936956,0.9579134175476414
2022-01-07,0.6201263883803568,0.7453217316391624,0.754465824054986,1.0017897199992858,0.7428000483221178,0.9588653168263438
2022-01-08,0.6202200624544167,0.743465805170285,0.7540822183660213,0.9979769943900005,0.7430205638990709,0.94923582088639
2022-01-09,0.6109041583960135,0.7410700295104415,0.7538858210540538,0.9974267085803797,0.7435553405690296,0.9487500475230909
2022-01-10,0.6092050976791404,0.7418046275140114,0.7423768630826009,0.9944712065695624,0.7420984778568501,0.952562689071965
2022-01-11,0.6087272138970032,0.7457888868161542,0.7542094321389393,0.9950667133332465,0.7455130849161732,0.9628828166449183
2022-01-12,0.6117679855241305,0.7433114106139589,0.7611500516061148,1.0070991018384046,0.7497150906891485,0.970781488317087
2022-01-13,0.5945783744081211,0.7459260910275226,0.762983478104009,0.9950091056488968,0.7527430982609851,0.9773872183078361
2022-01-14,0.5951432684167829,0.747089597466174,0.7645130507249426,0.9926065546996696,0.7530682798379622,0.9864542113253941
2022-01-15,0.5944803599738518,0.7471337706810607,0.764424334717224,0.9922458837250433,0.7506798233221453,0.9865986229670256
2022-01-16,0.594047451956285,0.7455216121256152,0.7623501377948361,0.9915860459013874,0.7505666782212227,0.9861863169936983
2022-01-17,0.5893034486006321,0.7463323869025394,0.7684262604186759,0.997914371916896,0.7510727898622807,0.9879579638283246
2022-01-18,0.5861465614084728,0.7318993724053566,0.7666051109044504,0.9639807506010122,0.7436371910398353,0.986101045779688
2022-01-19,0.5760628691356036,0.7316440553606305,0.7572901067452626,0.9543239169094977,0.7381126493168212,0.9824697122942807
2022-01-20,0.5759629776132229,0.7324494847720369,0.762488825532019,0.9581552422487633,0.7392277046763109,0.9845342890165447
2022-01-21,0.6131020551466893,0.7871940816614238,0.8095256721137252,0.9891399054906437,0.7762392025036466,0.9972165193613841
2022-01-22,0.6166151997482963,0.7950491015221187,0.8197803580699948,1.0420515162665085,0.7853060757072053,0.98288573444911
2022-01-23,0.6157963010859498,0.7994901803698777,0.831388107310034,1.045684642346591,0.7932223238740851,0.9910507557894064
2022-01-24,0.6117796378664578,0.8018886883385155,0.8333601994915664,1.0531654878957575,0.7934754301160932,0.9907094747100608
2022-01-25,0.6099441868259752,0.7968040936501218,0.8278162566790209,1.0457819034310645,0.7672521968304888,0.9856735673035334
2022-01-26,0.6040863296270155,0.7736603847515652,0.8069587700834496,1.0380961335898038,0.755350946780622,0.8601605135892154
2022-01-27,0.6011685415322561,0.7702718746771259,0.7957325997227405,1.0366259573784549,0.7533642556084348,0.8578930636385492
2022-01-28,0.6025954748333612,0.777596662444739,0.7958535346957131,1.0378337579160788,0.7534564280597702,0.8489667743085203
2022-01-29,0.6035604634580598,0.7795938664050593,0.7962014443453169,1.041253992605731,0.7514049201315637,0.8443630162566402
2022-01-30,0.603573267756135,0.7792289288569617,0.7908286823714259,1.0416963220013546,0.752035604707921,0.8440683374058208
2022-01-31,0.5988478505654459,0.7713507875606102,0.7906050733461318,1.036793934085724,0.7493301117528681,0.8449173896292292
2022-02-01,0.599289255652517,0.7759173468562783,0.7907858893805038,1.038229416774152,0.7370310532108495,0.8450122118588909
2022-02-02,0.6041343992238747,0.7785829954203451,0.7948364578299751,1.046030220570633,0.7409865013676126,0.8467641518515563
2022-02-03,0.6050728174230916,0.7787802285587577,0.7754066158790714,1.0436304643712373,0.7402412950278119,0.8472176772202733
2022-02-04,0.6463660708310992,0.8097198691836678,0.7828200953123136,1.0480566415120842,0.7570329310446193,0.8608561817231946
2022-02-05,0.6428086776962582,0.8083694769648115,0.7855550346411777,1.0474879272755866,0.746965476778733,0.8594946755609809
2022-02-06,0.6296916683879821,0.8038020685062177,0.7862691888982251,1.0484173975888418,0.7410690468033616,0.8567113985588032
2022-02-07,0.6345291534162049,0.8061270654889614,0.7882126729222778,1.048200223929223,0.8471656846148955,0.8696870976556625
2022-02-08,0.6324685630398472,0.8053558870405572,0.7943594217999314,1.0491025445363307,0.8486982586332152,0.8636787755514788
2022-02-09,0.6328915209415215,0.8089279416059222,0.7967088132789667,1.0492288630041706,0.8473995810784144,0.8625654525848545
2022-02-10,0.6335796452187293,0.8150913095299458,0.7972828295474075,1.056462641872468,0.8523259235970237,0.8675291793628349
2022-02-11,0.6348616050424917,0.8198249149426053,0.7955701763930108,1.0625072339524182,0.8671802587185714,0.8707836126742391
2022-02-12,0.6332565439779757,0.8198324436277474,0.7959585471276543,1.0625331144748325,0.8838791772853277,0.8704894997498671
2022-02-13,0.6312509252578012,0.8199738652342976,0.7950049102064559,1.0633851295638381,0.8842902675430998,0.8720325560219498
2022-02-14,0.6228002446729929,0.8069035758191329,0.7834692328317433,1.057049955492674,0.8725749800100538,0.8586423560529711
2022-02-15,0.6306700265618124,0.8245950681437442,0.796794716682072,1.0758896519015753,0.8819086896513212,0.8633882805419764
2022-02-16,0.6209446329473988,0.8139552879238894,0.7801631705425239,1.0548750914235852,0.8769243636307702,0.852961392227384
2022-02-17,0.638029624106493,0.8130760381479504,0.7663959276096703,1.0441503875406344,0.886686387954227,0.8556712114842706
2022-02-18,0.6349337898386053,0.8136033062326479,0.761313402092837,1.0451334369912322,0.8876676842934683,0.8557301659248473
2022-02-19,0.6344564365229316,0.811252899131731,0.7590183654733679,1.0374389361513896,0.8908385203886873,0.855109732431117
2022-02-20,0.6348951946102347,0.8136536974710162,0.7603779384756943,1.0310366244750935,0.8965339636015254,0.8555678154318855
2022-02-21,0.6357916673492986,0.8033539003872034,0.7603593404246208,1.0405127481576248,0.9156701264240609,0.860131207485258
2022-02-22,0.6402157997457525,0.8056451225496796,0.7680778033440699,1.037281745866325,0.9161390135614899,0.8589316194931049
2022-02-23,0.6374571325630646,0.7958290092250881,0.7493864151877995,1.0356937535326418,0.9176336234407585,0.8590967679465804
2022-02-24,0.6153509695651579,0.7658778460307677,0.7323441191785989,1.0318019047366866,0.8943541969358574,0.8423429155079898
2022-02-25,0.6161090254578392,0.7776322398194737,0.735495739963664,1.035644198941184,0.9183075889147679,0.8438830574050669
2022-02-26,0.6078777657942045,0.7706204821916838,0.7338751168975381,1.0315821063566386,0.9178029605141773,0.843251835546943
2022-02-27,0.6108287813872462,0.7744660402436793,0.7348095865058409,1.0339145885554177,0.9194347704819474,0.8413516675584786
2022-02-28,0.6723964041810556,0.8035093424831559,0.7619386402304913,1.0822621850133158,0.9340965165595169,0.8601740900001459
2022-03-01,0.6753126166298518,0.8048743903762521,0.7652636862228246,1.060777019105562,0.934115552042567,0.8593728481109526
2022-03-02,0.675288702120753,0.8046299462169637,0.7652145855296907,1.0611954780580661,0.9341823562148212,0.859302959886802
2022-03-03,0.6706441124530608,0.7974849566484294,0.7620215747358287,1.0491046079098738,0.9293687261619751,0.8560651027727076
2022-03-04,0.6678612482688793,0.81016458276792,0.7701640405561482,1.0549514467727161,0.919368827227099,0.8326675547796547
2022-03-05,0.6679314146232919,0.8098466960501689,0.7723157168158142,1.055736923954482,0.9217023108305347,0.8308550511896806
2022-03-06,0.6677377606304398,0.8093080085192597,0.7649937115057719,1.0603547408355785,0.9233100807353012,0.8291753217395825
2022-03-07,0.6678344235911027,0.8100849070333168,0.7657451088221963,1.0615010599240504,0.9231279599552411,0.831261026128795
2022-03-08,0.6693747839427665,0.8107796002158048,0.7583227967787679,1.0600592325496085,0.9157760124135831,0.830360747921274
2022-03-09,0.6796580421303493,0.807355376703804,0.7524685061851528,1.0635787218375716,0.9244148547762625,0.8278428659936196
2022-03-10,0.6903892476799515,0.8058331590704745,0.7575310346566955,1.0592693146607988,0.9167170113359687,0.8291420020435788
2022-03-11,0.6839420998832128,0.7992477917807812,0.7557219738500266,1.0574204041250987,0.9283060143021027,0.8266336344086179
2022-03-12,0.6832311594507996,0.7989118965238783,0.755217386299954,1.0577043237161796,0.9292824354367596,0.8264497018759148
2022-03-13,0.6715503224465873,0.7816410475600508,0.7366794690431256,1.0396205204124804,0.9206177401384372,0.8151501256877208
2022-03-14,0.6754074713555467,0.7829686754943372,0.7395553501264225,1.0384356750843344,0.9185356177908608,0.7113757275667439
2022-03-15,0.6750658430488077,0.7782200005648314,0.7373274387705422,1.015932091924173,0.9179103496541294,0.7045651692882711
2022-03-16,0.6802642421619125,0.7880606393317448,0.7401579935921996,1.024674929708348,0.9190799843770682,0.7059628137531786
2022-03-17,0.677479946592779,0.7880649711127768,0.7412353035323855,1.0248056287904161,0.9188441006177872,0.704407280903173
2022-03-18,0.6780764164073722,0.7923246280657604,0.741018593730957,1.0219569984593684,0.9158676248954006,0.704642673706885
2022-03-19,0.6784818438595339,0.7923738543337675,0.7412380875845767,1.0243134461510925,0.9174383224524524,0.7089899514019012
2022-03-20,0.6797246103340501,0.7941259732980581,0.7421559725441107,1.0251184667564248,0.9117678440056785,0.7119294551337759
2022-03-21,0.6742039597688771,0.793456701079699,0.7425441655743013,1.0220062390292077,0.9027892640013274,0.710163449428172
2022-03-22,0.6777365191841129,0.7958068155778047,0.7436431851229789,1.0236058540334858,0.9026150217496931,0.7119668747974206
2022-03-23,0.6716113905657362,0.7941446556583535,0.7413656763674714,1.0197927766936892,0.898390434948073,0.7087425907412019
2022-03-24,0.67387277527231,0.7956686372504194,0.7419374689695309,1.0332892361037276,0.881736452842909,0.7175305040451764
2022-03-25,0.673968318979807,0.7950955863962057,0.7415946581846612,1.0341420816257085,0.8822262451019031,0.7200644221222754
2022-03-26,0.6738347839972402,0.795756547366631,0.7423365413218824,1.0351372617798316,0.8825052840942812,0.7252901202606036
2022-03-27,0.6819843938767909,0.8019655182633059,0.7430460839756075,1.0417340930186567,0.8845573234413284,0.7373748050445066
2022-03-28,0.6697684813987018,0.7929563745810619,0.7358297512024613,1.0249153087738652,0.867978139821381,0.7221301652406868
2022-03-29,0.6682751345602005,0.789385394700761,0.732687272707429,1.0297189411658294,0.8640261089531286,0.7197696210771141
2022-03-30,0.6678709677092409,0.788109856843741,0.733534078988947,1.0430602931695299,0.8625086944689241,0.7187372002019833
2022-03-31,0.670184271847286,0.7903125749429153,0.7353967296827183,1.0435933960138957,0.8695426882874102,0.7220309725285763
2022-04-01,0.667879902064752,0.7958597046108481,0.7380389248873097,1.0551610092286348,0.8686396817910562,0.7227896108799431
2022-04-02,0.6679416922821523,0.7950753862228529,0.7391275859857249,1.055158921602658,0.86846066976689,0.7232536619900121
2022-04-03,0.6675028662124638,0.7958696856635659,0.738518603911955,1.055498034683379,0.8674852461964745,0.7311806884286329
2022-04-04,0.6669921476078704,0.7957810135012906,0.7383869336119592,1.0573208164880394,0.8681748898115303,0.7314995885347784
2022-04-05,0.6598427678712623,0.787074544029082,0.7263295239137386,1.0478465118976799,0.859009794436444,0.7845028880263262
2022-04-06,0.6682030236760436,0.7967579238278027,0.7350846448377317,1.0715540970644732,0.8712769811003861,0.8705752303524765
2022-04-07,0.6643107547565297,0.7875491482897872,0.731427036539402,1.059378644911187,0.8732905346201288,0.8692728036832011
2022-04-08,0.6667339463683338,0.7841175983883389,0.7298236690260552,1.0660202247629564,0.8760358961072849,0.8689761385346866
2022-04-09,0.6670938306101551,0.7838648846509966,0.7290637850146697,1.067656781902931,0.8759994112708718,0.8693719434112437
2022-04-10,0.6677073131715661,0.7833345154632223,0.7272590828657322,1.0659036178299373,0.8755265615862031,0.8651472701065362
2022-04-11,0.6787251516477678,0.7903495929508971,0.7141137533757144,1.0847754578111186,0.8871964648924637,0.8759834584933115
2022-04-12,0.676995035380077,0.7867607043408834,0.7129884512283904,1.075020902497363,0.886061697339466,0.8700950710809526
2022-04-13,0.6764290192190608,0.7852461863757536,0.7130403820201308,1.0738544880879877,0.8830080584757024,0.863450409217793
2022-04-14,0.678540380697188,0.7865339269733441,0.7111084729849281,1.0763830317140162,0.8829338400201799,0.855092814515279
2022-04-15,0.6792985797028547,0.786552396725022,0.710948922462533,1.0761728033601403,0.8972326490909358,0.855361737187045
2022-04-16,0.6793368817775433,0.7865485810497835,0.7106602020977825,1.0763467536578823,0.8973255414612978,0.8516976088005318
2022-04-17,0.6790168138174735,0.7835072593616443,0.7061623542026546,1.0714218744408397,0.899494669485802,0.8512738119221314
2022-04-18,0.681407579575188,0.7842884729581243,0.7080505504875783,1.0722728710726908,0.9002937226453028,0.8490240601835722
2022-04-19,0.6814878957925888,0.7833660831687205,0.7075768710407295,1.0764462475865497,0.8996715564551347,0.84878645895726
2022-04-20,0.6798072808733538,0.7816027230220622,0.7012635769989232,1.071562069269443,0.9003690735139797,0.8456276585206148
2022-04-21,0.643398842860581,0.716954285250806,0.647586468452998,1.0432055196392764,0.8664931992886717,0.8284885972511297
2022-04-22,0.6397044991570978,0.7051475077472155,0.6319088609866694,0.9838627112408459,0.8569946819765148,0.8185538658726179
2022-04-23,0.6366685326725313,0.6984598651373394,0.6173967359684078,0.9778669790855334,0.8518208569061008,0.8094104802685663
2022-04-24,0.6363127391875848,0.6933973785400721,0.6136790311641754,0.9639658527494168,0.850292094359715,0.8075124630311498
2022-04-25,0.6379286513420117,0.695412473735655,0.6099463900498685,0.9628270940763562,0.8502856600763864,0.8845722787690238
2022-04-26,0.6491833445689598,0.7095520035477346,0.6149508775117363,0.9674576402843988,0.8646170693438686,0.9284083208259375
2022-04-27,0.651497940470618,0.7106323002503607,0.610615428855599,0.9671246577948005,0.8644220316834745,0.9287884426522675
2022-04-28,0.651327684921379,0.7049032433496428,0.6153953834592445,0.9663435325204204,0.8649456787647722,0.9294882111143612
2022-04-29,0.6536665897064663,0.708995217421742,0.6193689083086673,0.9651222579108795,0.8706117020542072,0.9299486056173508
2022-04-30,0.6555030169772483,0.7122026005855163,0.6217139469175357,0.9860112689656487,0.8737807565957967,0.9353560814819739
2022-05-01,0.6562849245862907,0.7127996426783272,0.6251219974216208,0.9843561114027722,0.8755021955007422,0.9384391346538506
2022-05-02,0.6561822270989358,0.709347815928342,0.622940062926088,0.9633444566239788,0.8751004918589183,0.9387517723611412
2022-05-03,0.6504267035383241,0.7069640699677375,0.6165416445012846,0.9520114737079871,0.8708864526696976,0.9359138393232512
2022-05-04,0.6579665488526767,0.7155788787049597,0.623169110242598,0.9653166506855126,0.880388399350329,0.9409764554638964
2022-05-05,0.6419891111317799,0.6966761411541739,0.6195590741087046,0.9601868119416214,0.8820776699411634,0.937423757265771
2022-05-06,0.6425288226370153,0.6976126731383796,0.615346227494671,0.9618195081837597,0.8816006254904232,0.9373839243769543
2022-05-07,0.6410078017034434,0.6981080346037769,0.6186175410260616,0.9632530422264197,0.8827688258546975,0.9322523569989929
2022-05-08,0.6416387625790048,0.7009475630253532,0.6168716668222036,0.9655173639775357,0.7852873814468413,0.9214214541774802
2022-05-09,0.6860813623856965,0.7416333554894924,0.7078793450143196,1.0353986386766023,0.8298925450345387,0.9975733179465518
2022-05-10,0.6893161665700676,0.7442202393666021,0.7208857381760614,1.047713791426644,0.8380424594620776,1.0052988870501076
2022-05-11,0.6990216677953562,0.7714867341422612,0.7877592022341925,1.171318941212291,0.9261655038486756,1.1045314668282809
2022-05-12,0.6976362319252065,0.775080199818762,0.7852241317421789,1.1844763681949688,0.924583289083562,1.1028528447765484
2022-05-13,0.698128935627338,0.7773318919237062,0.8018535690210901,1.201514250294636,0.929598783176799,1.1119718367730649
2022-05-14,0.7009153746440993,0.7788287557201543,0.8031412337500003,1.2102387190364086,0.9297292440432352,1.111044838034905
2022-05-15,0.705910468912345,0.782865676222829,0.8098224125048659,1.231740188238121,0.9368332353731569,1.1149006279483316
2022-05-16,0.7041574953155124,0.7704678709564838,0.8017619676473257,1.227497815681108,0.9322366482627716,1.115986271351181
2022-05-17,0.7053729101389163,0.7736005335376056,0.8045126699430999,1.2332622763676702,0.9358987815419207,1.11745043848139
2022-05-18,0.6973263620329985,0.7781447575873811,0.8051804257719455,1.2492828675474543,0.9335143069351843,1.1195810605431797
2022-05-19,0.7067920346410133,0.7834028205090089,0.8170145513996394,1.2517107362175555,0.9360665476855645,1.123061198719159
2022-05-20,0.7100929764196663,0.7852577377970541,0.8173922202789923,1.2547049284056573,0.9303389833773756,1.1233227662403795
2022-05-21,0.7058667693974606,0.7792852293504906,0.8151737060769368,1.2556712142345035,0.9258658015520361,1.12238031344241
2022-05-22,0.7053028791137483,0.7819866231638924,0.8064408717092468,1.2480046133613378,0.9067879737004667,1.1169300326943221
2022-05-23,0.7057555010806579,0.7824344220443478,0.800139496422169,1.2503266226490048,0.9069758853419492,1.116662934212581
2022-05-24,0.705515970572586,0.7816253932606956,0.802201680002668,1.250395579836365,0.9056816599055887,1.1155842545458141
2022-05-25,0.7026805962659453,0.7820352466545596,0.8020134340673614,1.2455343457087136,0.9056163555626346,1.114808516941079
2022-05-26,0.7009036270017109,0.7851715567653673,0.810728820611713,1.256088898218667,0.8810691270743787,1.119104284574044
2022-05-27,0.7016878335859762,0.7876063638143505,0.8107386463064035,1.2588450370113005,0.8811518637218108,1.1239279359171752
2022-05-28,0.6992146549336942,0.7840780267968,0.8088001812624589,1.266097566193625,0.8794921949270411,1.1220598766102707
2022-05-29,0.641278629153627,0.7496317100160261,0.7849489387452644,1.2249256012488752,0.8623933247792814,1.1083960184682715
2022-05-30,0.6571363837100361,0.7761278000563618,0.789224703103719,1.2303689714779356,0.8774389526029295,1.1165578162246281
2022-05-31,0.6570248226446481,0.7776182178699318,0.7891800607460685,1.2298521401122309,0.8775137620298081,1.1172260880169134
2022-06-01,0.6658632297801509,0.784333113513183,0.7989685914979151,1.251806337335838,0.8829881825120819,1.121670287393221
2022-06-02,0.6489576023681995,0.7706444032954837,0.7882671178196936,1.2449196356066814,0.8794833222679497,1.1180315574646484
2022-06-03,0.6502189707047032,0.7716733001771025,0.788162779468123,1.2491444056351175,0.8724290493307774,1.1181914295129363
2022-06-04,0.6488972975409273,0.7686577909671144,0.7871476139262225,1.246442537810883,0.8703806238362868,1.1175630426034733
2022-06-05,0.648729459806377,0.7676302393936111,0.7864200004059168,1.2453083103928348,0.8708309629805743,1.116021254062492
2022-06-06,0.6550738258526478,0.7668367893654308,0.78665680019714,1.262445529985226,0.8721366037009052,1.1167879866732717
2022-06-07,0.6335064449406782,0.7580287358312209,0.7841737750786097,1.2605168159503954,0.8622440748128366,1.114412713704261
2022-06-08,0.6245844296809093,0.7536761010552708,0.777006592568638,1.2561224323503015,0.8599617021373338,1.1124347598681574
2022-06-09,0.6238609853430988,0.7530591393574679,0.7771436449228344,1.2577556248068176,0.8386716174937762,1.1123782577445793
2022-06-10,0.627010680442909,0.7655393429546489,0.7773257933057699,1.263971123126635,0.842107244938773,1.116436338454005
2022-06-11,0.6264812202478711,0.7803052649943021,0.783738979747431,1.273945867757421,0.846709981384153,1.124392967046181
2022-06-12,0.6305659705597028,0.786556141978657,0.7878404897808315,1.2850449165673266,0.8484481287496509,1.1377040077947214
2022-06-13,0.7104386833380225,0.8522068924499712,0.8296071866217509,1.288608872743847,0.8664242686799799,1.178329842848375
2022-06-14,0.7027877625110979,0.8415576736868692,0.8253062248157679,1.2842220149169945,0.8657641851160351,1.1762926749787719
2022-06-15,0.7048608572962767,0.8428729725579385,0.8308522664826755,1.3305329158419679,0.87918063708833,1.2058496777834309
2022-06-16,0.7281575681582102,0.8802981001254402,0.8537973327904909,1.3554237334989838,0.8946039930204918,1.2290678125455925
2022-06-17,0.7275462650991256,0.881620671814219,0.8559973156928152,1.3545419264912009,0.8939707004801304,1.2280217012566035
2022-06-18,0.7397823590619418,0.8943858189327948,0.8721175078868544,1.3576029438713906,0.896285728573653,1.2334927419927233
2022-06-19,0.7615450057230059,0.9353919061667018,0.8921697450587154,1.3662489234047954,0.9020469028433553,1.2664459032430462
2022-06-20,0.7572777860356992,0.9324938796116742,0.8908269754547148,1.367293711677967,0.9018351847752434,1.2645484564379899
2022-06-21,0.756804297883388,0.9302672893546938,0.8914219339311212,1.3649613134369485,0.903712356556338,1.2735195998372988
2022-06-22,0.7557621717295288,0.9348410252538981,0.8912318177252031,1.3579731380253248,0.9033663469875703,1.2726844256468524
2022-06-23,0.7658299157652954,0.9554083465539133,0.9031778322479602,1.3796578724835145,0.9089899801619122,1.2737596944943586
2022-06-24,0.765942728465271,0.9672969461402714,0.9090241676606101,1.3931754224816297,0.9299091779782196,1.2747642947360924
2022-06-25,0.7576276909864778,0.9615786933861681,0.9052562689615719,1.3881428905290194,0.9267534204492486,1.2682744251583755
2022-06-26,0.7574356433217424,0.9618923169312557,0.9058983065698708,1.3932250811335198,0.9265435970889233,1.2762153847082593
2022-06-27,0.7568387984487404,0.9598708181458679,0.9054055522244363,1.3870886943016492,0.9266014386468742,1.275537996090987
2022-06-28,0.7573057265317814,0.9616250298203889,0.9051486123175329,1.382493244475646,0.9291345390187966,1.2856756029718728
2022-06-29,0.7556914319587118,0.9623914845814494,0.9053576535972172,1.3819816886872327,0.9250024356704223,1.2899793341999553
2022-06-30,0.7538469042730347,0.9540216448451114,0.8996648758699625,1.3652013694974778,0.924216602623094,1.2907423426865123
2022-07-01,0.7554491210017851,0.9538308718559775,0.8991364334287806,1.3654248355388277,0.9288063364825714,1.290683044573949
2022-07-02,0.7542449158492939,0.951963972846741,0.8963668493505467,1.3633861105364902,0.926854878261553,1.2844144084990305
2022-07-03,0.7542119720765623,0.9524864669751005,0.8966949177608282,1.363194111132229,0.9285256450298659,1.2841186564646496
2022-07-04,0.762142651665408,0.9658845614863554,0.9054929574788725,1.3800384257588043,0.9308431110433445,1.2451381005349964
2022-07-05,0.7570578308508837,0.9580410259488026,0.8998595486823211,1.365015163124484,0.9222060495310042,1.1931505007459515
2022-07-06,0.7585137970249575,0.9633267638385568,0.8991126474848256,1.3645663625080615,0.9198533333367035,1.1932334074197266
2022-07-07,0.7665394888788356,0.9692522151069947,0.898151001757425,1.3624013790307663,0.9207457946410442,1.1953254457200506
2022-07-08,0.7656399416448288,0.9673304250868858,0.8974118274505828,1.360105982823889,0.9200034712727883,1.194906622574261
2022-07-09,0.7656723296286746,0.9676212291922928,0.8976228793454009,1.3602333252436116,0.9211017527298301,1.1930698103893438
2022-07-10,0.7588748906547246,0.9614738508681923,0.8935161018101212,1.3469571697068987,0.9143703581568885,1.1794543250612322
2022-07-11,0.761291160277468,0.9658609408314823,0.8895357256926664,1.3538599716085487,0.9124073785565715,1.1874852065611963
2022-07-12,0.7596694571432301,0.9660712549222168,0.8879512200234436,1.3527025471628837,0.9114873738011515,1.187462045475109
2022-07-13,0.7661737041765297,0.979648616833902,0.8934454088281648,1.360990213341925,0.9161027823521466,1.1882158350896408
2022-07-14,0.7664534004964447,0.9919417527815128,0.8968359621503886,1.3685267655539834,0.9021911966225231,1.1879897685387741
2022-07-15,0.7674010347182769,0.9949346895109547,0.8968359621503886,1.3684347200798508,0.902428184010522,1.1884097533305242
2022-07-16,0.768725617004999,1.0173610548577063,0.9020988677827718,1.375341528727989,0.9078056309937679,1.1893343661272584
2022-07-17,0.7657920401537541,1.015411829815945,0.9000132012216902,1.374095719861399,0.9057612166927135,1.1891540788459258
2022-07-18,0.782433875477169,1.0742744933415773,0.9100792114177013,1.3920435466976795,0.916519968759352,1.1984135468959363
2022-07-19,0.7885858477436213,1.074839012202007,0.9111258254684405,1.3939954588060506,0.9172428863044226,1.1998492213544314
2022-07-20,0.7879876711272339,1.0739022125653321,0.9120644462904711,1.3974401868877884,0.9172481511156874,1.1997680120362908
2022-07-21,0.7875618227054486,1.0772717033108101,0.914343778833996,1.3992016043939566,0.9175161060401267,1.199699768808069
2022-07-22,0.7880945294390118,1.0779237670976887,0.9142890457403205,1.402952113451853,0.9180016728332118,1.2010174937892355
2022-07-23,0.7880321463001626,1.0783820166124016,0.9144135925556008,1.4029538588611274,0.9182651511375394,1.2013405198727658
2022-07-24,0.785939747180539,1.0787031072548865,0.9140396803248191,1.4035064192404212,0.9183371508900605,1.1373054008612669
2022-07-25,0.785642470605861,1.0892615396275358,0.9186188750096076,1.4153373757424537,0.9149152110561853,1.117684121424818
2022-07-26,0.7823551094224886,1.0872375741758604,0.919155198259854,1.4132112398750478,0.9139613514779197,1.117044889924843
2022-07-27,0.7993841488027509,1.116798100889647,0.9327493231233375,1.4320431505487516,0.9249649469975255,1.128797113445896
2022-07-28,0.8028745683975045,1.1208099875058377,0.9319579564099442,1.4380534416056825,0.9253063890261295,1.1308207015222604
2022-07-29,0.8018556933354323,1.1194637462587569,0.9369087017917224,1.4251002337407719,0.9220138784467455,1.126278806698591
2022-07-30,0.7999520730691575,1.1165685719438483,0.9346201810244225,1.422888184066367,0.92540811037532,1.1228277145759475
2022-07-31,0.8000549438699407,1.1160940433715676,0.9349206739792617,1.423508297576496,0.9254383217035992,1.1231849176181348
2022-08-01,0.7994961101724939,1.1162842597040241,0.9346706453157119,1.4234450337775615,0.9252507194102425,1.1234665919290114
2022-08-02,0.791404156713479,1.109325655251666,0.9289759714941389,1.414700557545359,0.9143195840405834,1.1185950808979341
2022-08-03,0.7760257885483418,1.1023061009106156,0.9269769247180122,1.4051811685027313,0.902899954014999,1.1138914808300182
2022-08-04,0.775809692433496,1.101917801546706,0.932312944551536,1.4045914485626028,0.9027634508511918,1.114818888583535
2022-08-05,0.77875323363231,1.1139449224017872,0.9301638632796657,1.407322469621665,0.9014362643327685,1.1183803269905537
2022-08-06,0.7755078563980384,1.1118745514603998,0.9287716425174737,1.4052573191991093,0.900619105724757,1.117816495059695
2022-08-07,0.7368557647108896,1.0855777464665397,0.8523503643955183,1.353842955169368,0.8506200802213782,1.0484968277101856
2022-08-08,0.736192025323929,1.0845461282731095,0.8390757027463732,1.3473282177814958,0.844429171578395,1.0416433598946269
2022-08-09,0.7275962607136046,1.0629622209857543,0.7717550310276102,1.2346511023364979,0.7383624144965077,0.9295842845091074
2022-08-10,0.7313378678423118,1.0702961568447082,0.771755828546901,1.211219384410123,0.7255184394223732,0.9300733248718148
2022-08-11,0.7310029548413848,1.0694674324731768,0.7572933506588313,1.19673246554504,0.7008015556241352,0.9203069273461841
2022-08-12,0.7299276986443375,1.0716681612259429,0.7565706025582484,1.1949298059973854,0.700551895617096,0.9208172706651653
2022-08-13,0.7247623677993131,1.0684779598198888,0.7501093256817432,1.1723183841221658,0.6927057399001486,0.9167440570247803
2022-08-14,0.7190301455784566,1.0631787338460696,0.7443862675337797,1.1611539259834953,0.6834863457154118,0.9391720243045159
2022-08-15,0.7178374001966755,1.0616619661361593,0.7421086129509639,1.1555866652402955,0.6795583794281382,0.9461024870258805
2022-08-16,0.7089418089535107,1.0471573618556134,0.7313994601249759,1.1252508886957453,0.6622189550483466,0.9659357258503813
2022-08-17,0.7006181562102795,1.0424565128010213,0.7221241731888267,1.1275230587338751,0.6581332166955312,0.9757020375383361
2022-08-18,0.6970972364407624,1.0408487583698003,0.7237852169850618,1.1235699522047806,0.6580200000098076,0.9840173627693863
2022-08-19,0.7278245379192942,1.0765709724613248,0.7325050393413097,1.1392986008527752,0.6883082692226794,1.002979712130779
2022-08-20,0.7258375873070017,1.0746587491924848,0.7318363503053741,1.1356411007185476,0.6874019768628662,1.003564144062646
2022-08-21,0.7234080006726292,1.074267822684464,0.742814206933946,1.1313290514347227,0.6850921040447512,1.0019090530947667
2022-08-22,0.7220380806600392,1.074288602823652,0.739476635648257,1.1322117224519352,0.6847819299752589,1.002068260029726
2022-08-23,0.722299273630118,1.0751126622764748,0.7393466677733872,1.1306839614951576,0.6850875686650592,1.0021390287803744
2022-08-24,0.7221582994627277,1.0630856372600512,0.7252042953501987,1.114355108305444,0.6817437361583829,0.9946281453104692
2022-08-25,0.7218124754942944,1.0616015892129391,0.7258882240167578,1.1097539780826946,0.680258983751311,0.9904688999223707
2022-08-26,0.7309423555713819,1.0844629636941465,0.7400488527546071,1.119107727144028,0.6820114892531893,1.0036761326758903
2022-08-27,0.7300200872834367,1.0842621677258804,0.7400634935346169,1.1183696180556744,0.6822411544691207,1.0033029911373186
2022-08-28,0.7134060842587617,1.0683700591663754,0.7324617102399866,1.1149474103847956,0.6685729877977344,0.9956879329747952
2022-08-29,0.7182691502971521,1.08158585176233,0.735861926234156,1.1219493188976428,0.6725060332632568,0.9975582432860026
2022-08-30,0.7089390217337133,1.074313834135378,0.7245547943707377,1.0925537953654463,0.6641587232246622,0.9936287171941256
2022-08-31,0.7077661715601189,1.0749411225656167,0.7226748962230404,1.0917463681978825,0.6628904654451062,0.9924201075255826
2022-09-01,0.7067547491554405,1.074012516005902,0.7199531439998247,1.0844593064479349,0.6599491614322487,0.991689813005201
2022-09-02,0.7065305665263214,1.0734616213015213,0.7196885082165444,1.0838120943551623,0.6598224043026149,0.9908117047653252
2022-09-03,0.7064193354381885,1.073634825511629,0.719580376034014,1.083626544840836,0.6595991816474783,0.9915472437949688
2022-09-04,0.6989686094344165,1.0722682947597229,0.7192002470656832,1.0675619490377015,0.6585122911326673,0.9909449618024991
2022-09-05,0.6990233287679855,1.072443823043127,0.7186394822269068,1.057357362375227,0.6579585949215899,0.9898915706885737
2022-09-06,0.7036772086541196,1.0746555119332493,0.7264133197083201,1.0600910590117527,0.6607363866988238,0.9971860963792988
2022-09-07,0.7065491124266547,1.0786535688219687,0.7368720174083032,1.065025028380171,0.6684168486119687,1.0000848642029452
2022-09-08,0.704103125881355,1.0686791973111307,0.7365853206584718,1.057038142536192,0.662106533050959,0.9952026388417583
2022-09-09,0.7340335387348652,1.0603440434859188,0.7321961807610862,1.042886305520003,0.6596040861564524,0.9888008611705483
2022-09-10,0.7230275499435691,1.0531632972109644,0.7226978046081088,1.0216436985046338,0.6525880945951958,0.9700306869015266
2022-09-11,0.640739742708193,0.9926898671018044,0.6685553855720904,1.0118389862361794,0.6223546491937385,0.9150211868392565
2022-09-12,0.6420915938380733,0.9948373161910753,0.6686836024506362,1.0184218315605442,0.6200213542111677,0.9138523382558962
2022-09-13,0.6744250561568895,1.0104369804243618,0.6741316005924703,0.9992930340066345,0.6261026914709745,0.8906009344855986
2022-09-14,0.6427249026005251,0.9661070166712513,0.6376664742960838,0.9583211604176164,0.5994814553247787,0.8525730447027632
2022-09-15,0.6448426197819976,0.9913988981804546,0.6393235925069587,0.9598446228921158,0.6049448442860402,0.8550775866037577
2022-09-16,0.6262773271288847,0.9756991104450049,0.6105485423499439,0.9575899286371338,0.6224267357862023,0.8442177205613444
2022-09-17,0.6052132670601871,0.944658045217486,0.5865097131353108,0.9523951277465749,0.6215973571852307,0.802136640435327
2022-09-18,0.6093120677829427,0.9653899737089193,0.5951054182111425,0.9636653799711701,0.6299466948201382,0.8180772273529674
2022-09-19,0.6092603382180156,0.9670834879248326,0.5956395796407155,0.9662808471655602,0.6453839680455623,0.7971236707253014
2022-09-20,0.6088717962392751,0.9597643405218617,0.594670761369809,0.960389038620835,0.6593616532581213,0.7866778894305837
2022-09-21,0.5998610299201549,0.9526762461189726,0.5810269131411555,0.9337130633750574,0.6633488665660603,0.7841616582496966
2022-09-22,0.6084832062900346,0.9512773408964985,0.5790972565731781,0.9207820102110827,0.7667456375984948,0.7833228290233685
2022-09-23,0.6079898214976726,0.9508991269944203,0.5790941730632171,0.9240980749237722,0.7706551251592955,0.7920229353711324
2022-09-24,0.6077350993626134,0.9480312994482334,0.5770200014235666,0.9141070289522276,0.7734371269025466,0.7813615754045251
2022-09-25,0.6072433743257339,0.9486855437343418,0.5770190274636494,0.9151557788277026,0.7725355838214899,0.7833909435927694
2022-09-26,0.6074392536573984,0.9467027919223073,0.5734579054392697,0.9041293726689938,0.7730480392025557,0.7636186812741153
2022-09-27,0.6074357636152965,0.9431980815773885,0.5701165552839842,0.903848488573269,0.7785084872447668,0.7565006410320501
2022-09-28,0.6082543618690244,0.9413917118664177,0.5735318442252189,0.9043045427852557,0.7785000013216171,0.7510997465166857
2022-09-29,0.6046974504025528,0.9410463287538705,0.572826584833916,0.9035670033545355,0.7851819517421971,0.7512222539942944
2022-09-30,0.6049517524627643,0.9411359181277016,0.5727847514869393,0.9039635276610307,0.7863207572339086,0.7517157234249926
2022-10-01,0.6050311262836913,0.9415930026245346,0.5731084612691026,0.9053196941823475,0.7863136262310231,0.7522478228863069
2022-10-02,0.5980989841260771,0.9334948705360449,0.5633915506590166,0.8846038082293236,0.7954641540461559,0.7503899376767592
2022-10-03,0.6011701812518242,0.9353837913561365,0.563389731756028,0.8833897285467363,0.7966986319306709,0.748777904142468
2022-10-04,0.604235789030856,0.9325339778621428,0.5630963973794157,0.8815700059277445,0.7986691488034711,0.7686794635956415
2022-10-05,0.5956805299034007,0.9290181708273625,0.5630768447653737,0.8780688801441044,0.7976354242397257,0.7667489253119458
2022-10-06,0.5959595971309126,0.9281182636567454,0.5656069870114594,0.8787604671137405,0.7974615983488479,0.7666842788032209
2022-10-07,0.5974456500410792,0.9287316255525204,0.5665325785118569,0.8789900320168359,0.8021567551755351,0.7672742018186638
2022-10-08,0.5936824943848878,0.9252083193873817,0.563263652498633,0.8764538434219621,0.7922296207446264,0.7649897606524049
2022-10-09,0.58712139934005,0.9157546519766668,0.5569944371783973,0.8562101026154365,0.7900577003976904,0.7454012698819279
2022-10-10,0.5843766651934724,0.9103126672089985,0.5573664713026866,0.8570994070496314,0.8060612318711432,0.748219624952206
2022-10-11,0.5768778716606119,0.8997293134749375,0.5509106955389206,0.8492259100165178,0.8043359025743808,0.745448703073443
2022-10-12,0.5758324384222989,0.8897432231622968,0.5470091135500482,0.8400166038134044,0.8025633617576184,0.7453701681770614
2022-10-13,0.5758106531175768,0.8876900684221831,0.5470064173593926,0.8408106064526033,0.80385984475732,0.7451980017564793
2022-10-14,0.5749196863038292,0.866076406832238,0.5396375720620403,0.8323196801831627,0.7995470559985438,0.7443633339648031
2022-10-15,0.5738520399558608,0.8663340037209508,0.5394443837459256,0.8314610220987296,0.7987618263369637,0.7432678406772031
2022-10-16,0.5527567756926595,0.7986017631518464,0.5250087198489748,0.7946522180554118,0.7903744051406332,0.7297206543462148
2022-10-17,0.5465916536187386,0.7984050780506157,0.5244070491163161,0.7952775215272908,0.7896269862065664,0.7293358740715397
2022-10-18,0.546814702136671,0.7985463715608402,0.5184928935340506,0.7879887543078147,0.7904844597157716,0.7284447162338099
2022-10-19,0.5470820181461027,0.7958852066793727,0.5155043340631232,0.7898577717440616,0.7937455715896272,0.7291981396837356
2022-10-20,0.5458365656028218,0.7944363233786232,0.5154069440496512,0.7830424473121451,0.7921087298989424,0.7262284907044446
2022-10-21,0.5458211687770754,0.7947453337368788,0.5148261556996239,0.7829092297344681,0.7944627095719494,0.7259189508484628
2022-10-22,0.5456663905504887,0.7923066237567942,0.5145708620627186,0.7808845052108022,0.7944905458497264,0.7259764412167419
2022-10-23,0.535127540659109,0.7690201966168619,0.49779234788522797,0.7563553563052933,0.7825840964376922,0.7052130255432741
2022-10-24,0.535612695835465,0.7694672540237429,0.4966914178484344,0.7588386757616532,0.7863561110204648,0.7055909479215651
2022-10-25,0.5178857442726825,0.7481649593945924,0.4717670051238969,0.7494501300056268,0.7771646993025466,0.7003606073073099
2022-10-26,0.5166366317404855,0.7541533379949151,0.47185162174051115,0.7376058517935162,0.7741921213265552,0.7548709032457589
2022-10-27,0.5184722200816194,0.7570284123170137,0.4580046568829182,0.7375368403640162,0.774165600713168,0.7632065323106262
2022-10-28,0.5194458140468512,0.758602018540296,0.46274162103345223,0.7382431731143367,0.7690589552037741,0.7821639462466115
2022-10-29,0.5192839817432624,0.7629998471019855,0.46356062877331555,0.7376426298312754,0.7677394938363407,1.0796800237433064
2022-10-30,0.519505768013908,0.7616540867408172,0.46712631669569116,0.7371661337347771,0.7697969206191988,1.082698740436847
2022-10-31,0.5191572397310293,0.761971517268394,0.473046239332492,0.7321762483950472,0.7687039457556413,1.0891140511367328
2022-11-01,0.5190105362199742,0.7618631630962899,0.4640239969828061,0.7299117287633385,0.7685828697892816,1.109656479980104
2022-11-02,0.5196955890337476,0.7657270742295984,0.45510169297180664,0.7346226478258335,0.7714348365879272,1.1337693770377177
2022-11-03,0.5158469418515248,0.7494515763062072,0.457963553309522,0.7287089294453181,0.7712535689152962,1.1360426814218956
2022-11-04,0.5236697328934847,0.7618771883870029,0.48089784611240555,0.7519174320418932,0.7992200725960443,1.135891861152029
2022-11-05,0.5234930114373585,0.7620743542516092,0.47984478416110543,0.7736110320097267,0.8015362756702958,1.136613404056781
2022-11-06,0.52155900649788,0.7600343588877291,0.4844870858666783,0.8076118914905865,0.8070279589845055,1.149992828958655
2022-11-07,0.519490598764356,0.7553645655288923,0.4845112510176946,0.8251230669778981,0.8048126589438804,1.1516266287319596
2022-11-08,0.5545735072364391,0.8017989570230218,0.48733713313051796,0.9031128325576898,0.8482172017305549,1.2448417523858786
2022-11-09,0.6312079068191516,0.8851853660838767,0.6352008080126795,1.4175018004376487,0.9375748700317809,1.2920631387348365
2022-11-10,0.663901808866518,0.944668453279473,0.6870608161581181,1.4898969780519977,0.9980441493260347,1.3447833454601534
2022-11-11,0.6660306094449048,0.9440241505073309,0.6927113915230692,1.4931160992502233,0.9993620794268493,1.3494413999462451
2022-11-12,0.6664094477292761,0.944070993009837,0.6934606775599793,1.5083348296526868,1.0055388602419704,1.3320195075553731
2022-11-13,0.6682518552166914,0.9448930954248351,0.6946564818538327,1.518606339893356,1.0138670877817244,1.327738824438498
2022-11-14,0.6695970850211024,0.9458734495423261,0.6947548565952439,1.5258322110186133,1.03506592934221,1.3040184394243663
2022-11-15,0.6699123590593415,0.9454666188354218,0.6924956049571502,1.5242495636677944,1.0366579055940732,1.2944082256160245
2022-11-16,0.6702269807581394,0.9466212900069138,0.6911164212931233,1.5240691677511342,1.038008749367704,1.28681483806732
2022-11-17,0.6362844008845517,0.9072797471694563,0.6789865107317682,1.5152289018000746,1.0173872333388563,1.2709845970441458
2022-11-18,0.6353699642025881,0.9069691108001862,0.6797763909934875,1.5156176351658046,1.017324461568919,1.2703066555596454
2022-11-19,0.6340593840492174,0.9051321213039828,0.6677895515847465,1.5135860390067064,1.0163143287600065,1.2703297986089717
2022-11-20,0.6356852259541771,0.9132411894768261,0.6704745395321563,1.5146964613717873,1.024378776579988,1.2844234188645733
2022-11-21,0.6379119503972358,0.9129633755958011,0.6749086025214637,1.5149879001238922,1.0244135099764888,1.2860494690607494
2022-11-22,0.640956059394896,0.9154130690069462,0.6824652858531773,1.5200559926304313,1.0261003193309655,1.2900328583368235
2022-11-23,0.6426481564952298,0.9178577881624299,0.7198451419185662,1.5512074216020704,1.0263463526257373,1.2920417325742226
2022-11-24,0.6308666457389847,0.8894214369922441,0.7037963033296015,1.539622196875096,1.0296315169132795,1.2806524730844013
2022-11-25,0.630682039449793,0.8892400357835823,0.7036601565814695,1.54083605662568,1.0294479552871558,1.293780084349857
2022-11-26,0.6290712411181094,0.8853017817175841,0.7068195301641554,1.5403701341106368,1.0283472409220569,1.2923706993256328
2022-11-27,0.6241488952323745,0.8679668049525396,0.7042928626593774,1.5335139862317686,1.0262629507328698,1.3067515037353121
2022-11-28,0.6230420335372719,0.868321204315903,0.7101281356835892,1.536159686960768,1.0260571702659975,1.3067443826619836
2022-11-29,0.623252878183458,0.8716833798606365,0.7099897060206284,1.5361754398425815,1.0269862882760081,1.3121256055323005
2022-11-30,0.6297348902935983,0.8802280517210002,0.7107500743984018,1.5422820627729943,1.0275418474466544,1.315129470461964
2022-12-01,0.6298384555631154,0.8805012887044541,0.713088096207811,1.5441763159306943,1.0291396147522713,1.3191690713235433
2022-12-02,0.6300129684992923,0.8809842775180348,0.7131161973772342,1.544892118242274,1.029069847630217,1.3189680508367148
2022-12-03,0.6300283114155601,0.8842892720818263,0.7134022411642071,1.5431342350550543,1.0302158285363034,1.3202629627886682
2022-12-04,0.6305003512199575,0.8852360104369028,0.7132512732167199,1.5452006979401025,1.0302395663535384,1.322180378814574
2022-12-05,0.6222079162551711,0.8828791558025862,0.7052059882808389,1.5442314765690401,1.0274159705514123,1.316189287688724
2022-12-06,0.6199248411284245,0.8780477832363418,0.6947977697594031,1.5409185262584357,1.0232412572175302,1.31542872686158
2022-12-07,0.62049525496153,0.8799355973517521,0.696034378621767,1.5422037804242796,1.0241179233602418,1.3193673679274833
2022-12-08,0.5869857434577195,0.8776336099064227,0.6914374589049492,1.5407645764406233,1.0208223046474354,1.3175308631702247
2022-12-09,0.5861347688450277,0.8749089277899356,0.6917167164049175,1.540204016644865,1.021233026731315,1.3182397024859285
2022-12-10,0.5857453452467944,0.8750006367142423,0.6918493861708735,1.5402143831640298,1.0212413161273404,1.3177506677218263
2022-12-11,0.5828793890242308,0.8735348131857948,0.6923047101899851,1.5319608970334433,1.0214232258022993,1.3206374656088564
2022-12-12,0.5453167435820594,0.8574082887947145,0.684776056960709,1.5140117964764417,1.009071879097516,1.313578712529244
2022-12-13,0.5495533395513905,0.8564678735625915,0.6852210874472738,1.5152188803512054,1.0085057938044826,1.3129466406870773
2022-12-14,0.5472456877027859,0.8299622980612583,0.683409775430773,1.5155161579064105,1.0053333309276566,1.3114894206262087
2022-12-15,0.5492672939925772,0.8306582301427086,0.6861370355784013,1.515198224362076,0.9916265858310876,1.3132765558509876
2022-12-16,0.5543464131216419,0.8446773054576141,0.7214902459975523,1.5327401520403916,0.9960431199787478,1.333564260459797
2022-12-17,0.5506104479930932,0.8238780320186371,0.7219922515542766,1.5277017666358597,0.99103595541359,1.3257894115785611
2022-12-18,0.5503808433403548,0.8213205201506649,0.7244971076160752,1.523154782240296,0.9800016879121981,1.325658485046356
2022-12-19,0.547357272439751,0.8180759517813265,0.7284022653751385,1.5230409590808545,0.970172068577904,1.3404335999244748
2022-12-20,0.5487967836859848,0.8136870857833122,0.7340564293123276,1.5246095404584705,0.9669069561896999,1.3426832416819736
2022-12-21,0.5390380802602986,0.803511588548548,0.7300455406850432,1.518560536072988,0.8645885795316286,1.3408240197120622
2022-12-22,0.5389772864890698,0.8035504301253816,0.7299325774018691,1.5157035686158546,0.8602660363047445,1.3377543939685037
2022-12-23,0.5377606478637393,0.8034538078318363,0.7298148888420113,1.5157805041351202,0.8582186410613051,1.337699811354032
2022-12-24,0.5377605348897567,0.8027637270264889,0.7299036107701028,1.5156185833974898,0.8579302064259309,1.3359820800030053
2022-12-25,0.5356619604426052,0.8000753388888748,0.7297736187950975,1.51104927608861,0.8534789398132873,1.3367496105526704
2022-12-26,0.5356729625521592,0.8002049963078645,0.7294260983715977,1.5103405327178085,0.8566862797688315,1.3365476143184505
2022-12-27,0.5347910326416927,0.8004525692960662,0.7263385879651052,1.5093695319758507,0.8565886023893008,1.3377951874483254
2022-12-28,0.5345654013909575,0.8011608850157217,0.7261868914571533,1.5255806271741792,0.8409194049340031,1.3412973708129563
2022-12-29,0.5345725076257639,0.8013677868791409,0.7263668577994279,1.525527557653843,0.8436308363601703,1.3411464592958071
2022-12-30,0.5345091438937402,0.8010145979931156,0.7262938153518474,1.527517840838587,0.8439233089995811,1.3427842957591731
2022-12-31,0.5340108634295103,0.7992642135729696,0.7261532856962586,1.5280593668595923,0.8371009136454253,1.342890324265728
2023-01-01,0.5303840795124151,0.7958743315561353,0.7260074141704723,1.5263583866747406,0.8344216093914872,1.342499967466433
2023-01-02,0.525033192104662,0.79398813500496,0.7228424270705207,1.5472411234727514,0.832782840414359,1.3315221866918978
2023-01-03,0.5248778993419773,0.7939140986860546,0.7228712043414328,1.590089773649473,0.831734190311527,1.331360225888528
2023-01-04,0.5252418217577957,0.7971197460402611,0.7290658105337491,1.5902421388776915,0.8317925684727959,1.3325266297000202
2023-01-05,0.5236732929960025,0.7965868559785761,0.7285530202669686,1.5903697042657117,0.8262578966271498,1.332821394500368
2023-01-06,0.5238954944990157,0.7968202329532774,0.727893239332133,1.5906561340323127,0.8275539404049247,1.3327400354022894
2023-01-07,0.523873729720361,0.7967520890030366,0.7278514909648788,1.5906388260808362,0.8246947447131238,1.3327221104655669
2023-01-08,0.52362719717328,0.7962338189836732,0.733525894211253,1.604983632616259,0.8122578289742041,1.3297829489758701
2023-01-09,0.5236681694829713,0.7974334622494395,0.7337270311917825,1.6238756037647535,0.8124403229433201,1.3305011345612594
2023-01-10,0.5245568468417089,0.7974524078796602,0.7344510635510036,1.6234501870230182,0.812471351255619,1.3313409575729176
2023-01-11,0.527322889513395,0.8012264960423332,0.7364731368313556,1.6235409658146516,0.8222635395446354,1.3312939491543136
2023-01-12,0.5364563147380901,0.8019569422172068,0.7365107889187784,1.6239698213648983,0.8212368442316629,1.3315228761844748
2023-01-13,0.5480809169195194,0.8025452343776259,0.7375191759519969,1.6373687143130757,0.8234463451714299,1.334997599694553
2023-01-14,0.5568242195565407,0.8117211541126305,0.7407011883684648,1.7358349141692218,0.8250235063648546,1.3362202671253742
2023-01-15,0.5561925818642555,0.8109475955515636,0.7407311020547253,1.7377231390923804,0.8263696037855152,1.3364331877499411
2023-01-16,0.5563628031257541,0.8106457391572646,0.7408235600574756,1.7378232905300317,0.8244004190049271,1.337931224518451
2023-01-17,0.5559068255718157,0.8096575235967449,0.7407525851562283,1.736781229904717,0.8219625367494512,1.3374776873181793
2023-01-18,0.5577323944884475,0.8131154487050839,0.745754306929881,1.7458859381461544,0.8229128990441846,1.3396339882559625
2023-01-19,0.558800673828904,0.8142397379664047,0.7476315240936177,1.7470471149313633,0.8238480732619647,1.3400134041933958
2023-01-20,0.57727745734446,0.8245388624711567,0.750770960397051,1.7837287171392586,0.8301681192788296,1.3439127187644813
2023-01-21,0.5762759422745007,0.8225672779026362,0.7509852659098984,1.7828072340180057,0.8311393543198222,1.3445251084042626
2023-01-22,0.5756581282902444,0.8218312132686469,0.7512266780956874,1.7818062559916652,0.8285380733844918,1.346052215756153
2023-01-23,0.5711072999491168,0.805212317054875,0.747927592718532,1.7727697002082807,0.8357653020317773,1.3414856061218985
2023-01-24,0.5679416662368013,0.7978874059495342,0.7475379796795345,1.7769870114134876,0.8380790515112552,1.316484985366188
2023-01-25,0.5669044313446744,0.7980499727064954,0.7483245342537806,1.7832863063017972,0.8389276403909868,1.3130591580946096
2023-01-26,0.5663206600091235,0.79647434581181,0.7445584254718464,1.7803994219078134,0.8376259367005361,1.3014541714835264
2023-01-27,0.5660146077350457,0.7921556234090125,0.7436056256544805,1.7795687968325735,0.8377457915715637,1.0579553688560732
2023-01-28,0.5656962497040136,0.7919767178280774,0.7413016365978421,1.779770776447343,0.8365895835007152,1.0563539253234833
2023-01-29,0.5685755346990323,0.7968616127322316,0.7407755751532044,1.7881327195982424,0.8366496381906312,1.0461828799208999
2023-01-30,0.5745281653418742,0.8030164775178524,0.743461509887115,1.795660248200248,0.8422849912204696,1.0189351669927729
2023-01-31,0.5738942967330096,0.7994807771427134,0.7438256030154723,1.7937035874039506,0.8427788550604854,1.013213879453458
2023-02-01,0.5759914357800647,0.8023418073873524,0.7422357665402797,1.7961785322539465,0.8433008414077865,1.0111439114351024
2023-02-02,0.5695512709467981,0.7892441784808426,0.7281375123074976,1.787070473968398,0.8139003476365656,1.0109039311334316
2023-02-03,0.5694671316956189,0.7893179151584354,0.7296418406277368,1.777417107629738,0.8124860151030563,1.0119226200527784
2023-02-04,0.5681681722903729,0.7857187286352554,0.7267400612403977,1.7610119822249914,0.8075646638102923,1.001467520264028
2023-02-05,0.5684023902989305,0.7871238770213631,0.7268878636934268,1.752102631850824,0.809300618048781,1.0024750523037365
2023-02-06,0.5264098595096927,0.7154553398416298,0.7248751444996469,1.7092987331059868,0.7627401159735768,0.8890582066791909
2023-02-07,0.42286157313748657,0.6008152759834988,0.597856778183512,1.2974796849944863,0.6506925141142823,0.8214142281666242
2023-02-08,0.376180964729463,0.5065000449869171,0.5406916531505336,1.2185325211187699,0.5565111756305025,0.7326882970783285
2023-02-09,0.38641483908825747,0.524555249430289,0.551035262903059,1.2369511104435973,0.5600237236648837,0.753364946856444
2023-02-10,0.38529474377642847,0.5237594050024682,0.5482809040399257,1.2120911808900956,0.5485881492685872,0.7499192319303248
2023-02-11,0.38009995030157556,0.5207563435698129,0.5468478038639286,1.194729426532502,0.5322594598942645,0.7471282056661137
2023-02-12,0.37921705932285427,0.5210945407901909,0.5467281414540688,1.1907207980609025,0.49286697138600605,0.7467257258508602
2023-02-13,0.37823740178872783,0.5212416482875657,0.5603977851977607,1.1927075108162022,0.4897760683493433,0.7462318366601994
2023-02-14,0.3780911267275629,0.52079296274273,0.559082377854833,1.1962012235665507,0.4885460655913514,0.7463134122414211
2023-02-15,0.41770486812726426,0.5390669283672054,0.5747531626376162,1.2037188278669892,0.49715672815351997,0.7577777843811401
2023-02-16,0.4245667204332449,0.5414516875038092,0.5798068516770298,1.2116126345271212,0.5049137558992592,0.7647081671121941
2023-02-17,0.43204375536080497,0.5448779440124327,0.582122402757357,1.2109301247112862,0.5080096944035223,0.7675132140252755
2023-02-18,0.42778492199060175,0.5273056448180926,0.5785669860886625,1.2063635844197425,0.4916325771616452,0.743826971002658
2023-02-19,0.42342116563786747,0.5229039378534127,0.5734772056258644,1.2072633133771322,0.49315745491562146,0.7422622576925587
2023-02-20,0.4224907246985568,0.5209529604802816,0.5658738868128799,1.2080691760284248,0.49330114018152277,0.7352751220721556
2023-02-21,0.42285561983542086,0.5197907570768386,0.5187287696227347,1.1818018118773004,0.4935758301672828,0.7341340221765008
2023-02-22,0.4238979837261279,0.5199127165985798,0.5186816971299538,1.1842989576671201,0.4826190368212248,0.7340070602176209
2023-02-23,0.4245005331047722,0.5197126063029907,0.5193985035079753,1.1812565406865485,0.48297913706051776,0.7094089351571177
2023-02-24,0.4304259836211475,0.5231452476575666,0.516166130443273,1.1842014330128647,0.48216715678018784,0.713809410426631
2023-02-25,0.43039585469683567,0.5230003412937362,0.5155933626108241,1.1863191624067342,0.48216545626133506,0.6809772417112546
2023-02-26,0.4297957861763368,0.5229611477160834,0.508377450967377,1.1811077055607875,0.48072046688766623,0.6784593806196066
2023-02-27,0.42953381149024533,0.5177405694314908,0.5090023012128881,1.1827246686530146,0.4782589566786306,0.6651601868170176
2023-02-28,0.4237949109791701,0.5052933906759118,0.5082661654912854,1.1805025271233633,0.4757383105375474,0.6562206026824378
2023-03-01,0.42424599065641067,0.5088432039704323,0.50511370096688,1.17664752101423,0.474419828354613,0.6505544495337017
2023-03-02,0.4247346283425886,0.508965162381091,0.505466643273873,1.1779020329379026,0.4755286782943035,0.6510909265436967
2023-03-03,0.4363753660227835,0.5110458318555563,0.5091625164705584,1.1773785194283573,0.47343100497034474,0.6559214345117015
2023-03-04,0.43596580093295506,0.5078591599649382,0.5090974458369342,1.1773489317147445,0.4737069103453025,0.6513798096011831
2023-03-05,0.4353760713453391,0.5065921600634476,0.5085854462990382,1.1773761523805593,0.4750364014756498,0.6500122152476485
2023-03-06,0.43536904909659097,0.50640080167444,0.5084656122427261,1.1765764683790882,0.47515461186512015,0.6497736767834562
2023-03-07,0.43459806559394626,0.5016409875360452,0.5068005241262746,1.1706437257103597,0.47696435378860436,0.6442480559555299
2023-03-08,0.43573227709030343,0.4979991851578081,0.5051575483430346,1.1875415111618304,0.4760149707604514,0.645593308791234
2023-03-09,0.45557218535164395,0.5145834790554401,0.5092574186836525,1.1942900611840144,0.4850735691019063,0.6610229845970095
2023-03-10,0.4562366871132106,0.5148989082454469,0.5090050788770016,1.1976411673615357,0.48494236725100676,0.6610244562434168
2023-03-11,0.45692356378666366,0.5183806842268796,0.5084232201945378,1.1973818527008386,0.48523937252968097,0.6575163131096611
2023-03-12,0.47847587950646425,0.536650867595871,0.5122548494476568,1.2167458002249214,0.485851025204674,0.6705270952740675
2023-03-13,0.5077145326330409,0.5440444147406203,0.528283901126451,1.2143332331736245,0.4841191516014659,0.6737767943980632
2023-03-14,0.5092062317069339,0.5440214536511581,0.5270050286428469,1.214631981558262,0.4814974994668175,0.6732770848502063
2023-03-15,0.507308649222397,0.5434495554687014,0.5223563546557112,1.2265466633220738,0.48565550670539304,0.682431288511211
2023-03-16,0.500921675737768,0.5156143282046045,0.48781529669380863,1.1934994183473564,0.46327254183041655,0.6487355218544085
2023-03-17,0.5306494517884227,0.5302552182490707,0.48283569143041716,1.2063114322893798,0.4699360111583735,0.6507828876362834
2023-03-18,0.5325219970048735,0.5318191687613973,0.4813875843057334,1.2068885718189688,0.47027814254404054,0.6571513059762306
2023-03-19,0.5346213132092338,0.5308700751866694,0.47287451396165614,1.2048166477809934,0.46944068763276314,0.629676507923735
2023-03-20,0.5336652294714372,0.5294615717466684,0.46653670266376907,1.2042028216498561,0.47139860051435006,0.6281890294892217
2023-03-21,0.5335616073153634,0.5338990746871921,0.4639914167489763,1.2039497466604328,0.6582006218514944,0.6436499832062761
2023-03-22,0.5385064973090592,0.5406304189993775,0.47228214460968565,1.2076227757811226,0.6954458931107361,0.6424658654283136
2023-03-23,0.5421477735822968,0.5468359517328776,0.4744498018978309,1.2086972020273687,0.70226661221427,0.6492975687295902
2023-03-24,0.546953306194675,0.5528231524819811,0.47682840270335114,1.2165959593782842,0.7074947366081848,0.6535650377757624
2023-03-25,0.5469311519408805,0.5529702951601377,0.47654298983583665,1.216915242715339,0.7102741118784816,0.6524789110713456
2023-03-26,0.5475363337660438,0.5536610029723277,0.4776134986686911,1.217281221742609,0.702023090471024,0.6525087655639463
2023-03-27,0.5511690955718257,0.5577418462119422,0.49226542587275035,1.2215216556037565,0.7140720131570716,0.6516380745104151
2023-03-28,0.5503285714433462,0.5590539839928176,0.49183788605466544,1.1911305168482553,0.7235068256830592,0.64536933085265
2023-03-29,0.55446421768167,0.5591595828306297,0.4917543351167595,1.1912805483392364,0.7247378772104195,0.6468843323590011
2023-03-30,0.5553563497108173,0.5591357921159861,0.49180053022566445,1.1927962878175544,0.726421636701186,0.6435976601666973
2023-03-31,0.5553343450582635,0.5593465749797871,0.49180429839840856,1.1935527165509376,0.7249947050451732,0.645425417088543
2023-04-01,0.5554792859900546,0.5594353953205663,0.4916882768125047,1.193736216961399,0.734411966653116,0.6567152820212458
2023-04-02,0.5563790652149084,0.560589845763917,0.49186861300182816,1.1732795206305824,0.7333167714708516,0.6600500939062418
2023-04-03,0.5575978404248787,0.5606068300502831,0.4932694266390247,1.1252648652729256,0.7388366836014547,0.7656978240341069
2023-04-04,0.5577142047411502,0.5602363943677983,0.48349573407612106,1.1258483452108496,0.7389669245756014,0.7631318983840059
2023-04-05,0.5576568923046847,0.5608403798617271,0.48327067251695444,1.125815785103479,0.7362760692647903,0.7637262425168821
2023-04-06,0.5580553582714124,0.5625471078383617,0.48304766852475095,1.126669740945404,0.7359819471354674,0.7821519968037763
2023-04-07,0.5583003940725376,0.5625880109510251,0.48329814055806536,1.1247873440219243,0.7365483914993024,0.7862169401563148
2023-04-08,0.5582654734220498,0.5621634951208674,0.47296014540297987,1.1097028265059732,0.7376177653371238,0.7857044205993898
2023-04-09,0.5584885992292993,0.5608173120830473,0.47269299182148516,1.085419430177762,0.7375146806998354,0.7851068499646363
2023-04-10,0.5638961848858267,0.5625935163680951,0.47292220731122153,1.0867331235743618,0.7385844544861093,0.7839773917048953
2023-04-11,0.562654973132376,0.5586717348881346,0.4704653880165236,1.1025272686020136,0.7295569428602756,0.7841427676663585
2023-04-12,0.5565893919768626,0.558237012755874,0.470457440246502,1.1041443956482004,0.7315287083452024,0.7825391372446379
2023-04-13,0.5473983963055307,0.5639006969600774,0.46962401579534885,1.088586779768911,0.7300609365640787,0.7808484420372361
2023-04-14,0.5395159162944162,0.5553383373747034,0.46419673937472977,0.9295304948035791,0.7295707239437776,0.7787350406239048
2023-04-15,0.5396296131196471,0.5555541471931362,0.4642863990003097,0.923835065459073,0.7271569699645372,0.7782150828974959
2023-04-16,0.5392328375156044,0.5553668449085469,0.4713189554775601,0.9278605351798556,0.7271554257268509,0.7767482188343562
2023-04-17,0.543238068691813,0.5571800324117683,0.473805525275344,0.9277825965709434,0.7285945830880833,0.7766636787343677
2023-04-18,0.543628799046461,0.5520988718814709,0.46517949817645365,0.9072097014863432,0.7307152479407566,0.775239184540301
2023-04-19,0.5550789569124047,0.5778125928252195,0.47993980270000164,0.9245964723389112,0.7468979714797147,0.7871209084344478
2023-04-20,0.5385603224775737,0.5627096187633792,0.475755052765153,0.8539896548029875,0.7439477753183606,0.7851798562436038
2023-04-21,0.5438744006122818,0.5706341232262351,0.47423774053347667,0.8551502099875941,0.7514643289832817,0.7960233063313925
2023-04-22,0.5449818299791042,0.5711597190333566,0.47820014741526284,0.8564028491130524,0.757510602176734,0.7929517312321708
2023-04-23,0.5451993900366613,0.5713740087303457,0.4781774152780311,0.8567473485175631,0.7502221898104292,0.7937143232299337
2023-04-24,0.5444952047069379,0.5643401567045601,0.47695957233590763,0.8466679438123228,0.7463302756556439,0.7866299539020725
2023-04-25,0.5460283635665824,0.560695836483856,0.476918289505445,0.8347984954526624,0.7458895318745519,0.7845291001982738
2023-04-26,0.5459622897840881,0.5604473571111145,0.4791666790447413,0.8367218089713033,0.7456439179224101,0.7850213636721814
2023-04-27,0.5502885438146602,0.5619649595307358,0.478745345798868,0.8426133227107522,0.7457259161769276,0.7857839187323121
2023-04-28,0.550447069741107,0.5612370626360872,0.48051415253517743,0.8467953482524381,0.7470172574245688,0.7856965156934914
2023-04-29,0.5475627370801608,0.5545247119525935,0.4754149793635376,0.8298034336661189,0.7466964149483483,0.7844077968701199
2023-04-30,0.5409766758640179,0.5467071339752109,0.48021104214579036,0.8132866275009586,0.740268547705994,0.7851089375317137
2023-05-01,0.5475604037657051,0.5482965154748298,0.48259204651188986,0.8162175688028939,0.7384527060520457,0.7657935502151975
2023-05-02,0.5468009663771283,0.5455744093747202,0.4836042852946935,0.8115622490156064,0.737695193155645,0.7647374889891184
2023-05-03,0.5465948875770107,0.5466601894796339,0.4826467112245563,0.8097961892392079,0.7374995512092785,0.7625593037090085
2023-05-04,0.5468021463568711,0.5472184274033064,0.47979530791553904,0.8102973369346756,0.7375864312002118,0.7616905635503329
2023-05-05,0.5481831651285906,0.5598584677886915,0.4799882632510433,0.8160480475701531,0.7379577720819934,0.760722195131931
2023-05-06,0.5491027452865457,0.5674003939514504,0.48057238905046457,0.8168638857265845,0.7363656742229318,0.7618251213900111
2023-05-07,0.5498243868884527,0.5678433927507852,0.4801246204556422,0.8141686330249633,0.7368156757749424,0.7600834853184794
2023-05-08,0.5517463209118462,0.5645349193594782,0.4791659281224619,0.813463521076952,0.7410970897137796,0.7644202437030052
2023-05-09,0.5510612809459869,0.5638751451994857,0.47843689770581266,0.8120244989834475,0.7403911966000928,0.7633815343968614
2023-05-10,0.5399476992147108,0.5471972582926419,0.45765124924229655,0.7719924243208699,0.7357062002142055,0.7359434716999336
2023-05-11,0.5420268029445977,0.5480474676943672,0.4598145155955609,0.7745661092137994,0.737270501503399,0.7364983567017754
2023-05-12,0.5420436267297665,0.5473347523152458,0.45886608275755936,0.7748126173779416,0.7385712070191562,0.7357358808480399
2023-05-13,0.5419464113181812,0.5464892625935709,0.4588688534157869,0.7720662312704215,0.7377283757024955,0.7359128300790477
2023-05-14,0.5419510562234239,0.546232090569333,0.4422259219774186,0.7690513828814417,0.73724604749839,0.7359963701977543
2023-05-15,0.541019721925953,0.5427975638580634,0.4421275222243784,0.7622701041921888,0.7348598277800368,0.7349058834067997
2023-05-16,0.5097984485594723,0.5226010399225548,0.419732674248037,0.7409889642598002,0.731640106724457,0.7225251592597165
2023-05-17,0.5054112480243699,0.5204574767711853,0.4114915145084774,0.7287155163268496,0.7264108858230532,0.7183736310917862
2023-05-18,0.5002045395722108,0.5168797638954721,0.40894598019300943,0.7272636096398567,0.7259502803095874,0.7158288355640322
2023-05-19,0.5002008718926135,0.5169959519724753,0.40830880435987615,0.7266623919986516,0.7265715530909818,0.7152401336661747
2023-05-20,0.49938164095812065,0.5167880629194344,0.40721766371465623,0.7166154780085353,0.7251394390042809,0.7142313829386183
2023-05-21,0.49818268282685435,0.5164082855448279,0.4073250212112447,0.7095641439924153,0.7246138815385832,0.7143623877529123
2023-05-22,0.49705944777197175,0.5137148964812672,0.4069481817735527,0.7031599208607807,0.7238499871195637,0.7121537742911452
2023-05-23,0.49708440456586644,0.5146234443301804,0.40796123003057716,0.702519585604463,0.7237978390486,0.7121457992973464
2023-05-24,0.5014401419343513,0.5183453705794263,0.41002342103927614,0.7066455430240468,0.7249171165531568,0.7141705799063118
2023-05-25,0.49695652028961657,0.5153930961381703,0.4082086569306352,0.7034142532730481,0.7227432002690836,0.7099521204433671
2023-05-26,0.4971393196763947,0.5154869484786181,0.40848374976499924,0.70110119833179,0.7251663578348521,0.70997230273676
2023-05-27,0.49621269064230367,0.5124584609950636,0.4063738580543479,0.7055008148880048,0.7251975780674764,0.7105451774664251
2023-05-28,0.5035025109421348,0.5188767186104475,0.40776341645536684,0.7049978405618743,0.7262875903507741,0.7109447784398941
2023-05-29,0.5030939857600478,0.5178304504212583,0.4075143752048374,0.7018404411028116,0.7275459727200635,0.7109185912304526
2023-05-30,0.5016747991096194,0.5129714692026662,0.4074376929308905,0.7026691333090911,0.7332480099144871,0.7106001846941707
2023-05-31,0.5028955996247163,0.5133922478680043,0.40815008610787656,0.7024213090781498,0.7324642957459458,0.7100817650524816
2023-06-01,0.4935688549708304,0.5033994667489672,0.4031115666908361,0.7010736322439404,0.7339373128864166,0.7038993255393492
2023-06-02,0.49431146183095775,0.5052721371522788,0.40329755210740487,0.7038469439058551,0.7361152693002724,0.7022720375341442
2023-06-03,0.49460264136925086,0.505615015074287,0.40325993295717716,0.7038801329099199,0.7353668624726568,0.7022759266888514
2023-06-04,0.4945658610934176,0.5056493468809344,0.40336364342779574,0.7055021152644796,0.7375873799846544,0.702292247567633
2023-06-05,0.5061562646545689,0.5136646248048936,0.4482981506271983,0.7263339495236644,0.7443418141150051,0.7238166926597915
2023-06-06,0.5157322030414564,0.5176877126035785,0.4491925038895542,0.7009520839947951,0.7470734917200438,0.728493382161012
2023-06-07,0.5030947779605203,0.5037082234014745,0.47265117716135635,0.7136088206117744,0.7415351843651897,0.7176239627970141
2023-06-08,0.5024016860429213,0.5033545542817736,0.4731665821863204,0.7077785862800372,0.7415667683989816,0.7178550109795026
2023-06-09,0.5018639279199522,0.5001020377334939,0.4731947317056564,0.7269901827858765,0.7418134461714666,0.7191202803411725
2023-06-10,0.4842560138783268,0.4911623298733318,0.4962128804770501,0.7231609330873301,0.7522278339962764,0.7454991022608217
2023-06-11,0.4482007734657714,0.4776854801822866,0.47668758590338217,0.7226991017985912,0.7537756594494079,0.742420121491628
2023-06-12,0.4459583059643932,0.47688654358906035,0.4774934123176092,0.7219961428346489,0.7537908250420947,0.7405466988506065
2023-06-13,0.44472780620640695,0.4730261356649321,0.4912433847741151,0.7047699255705087,0.7498667947578629,0.7282722166368353
2023-06-14,0.4456763914185828,0.4841314809644132,0.4689937784343041,0.7064629033066534,0.767564433396514,0.7242899037180186
2023-06-15,0.4067706175172949,0.4650493270663214,0.4644545648584919,0.6800487392845017,0.7637712967844446,0.7172425223652666
2023-06-16,0.4095331521911291,0.4679595905656584,0.46385587635982634,0.6841614265203855,0.76322281762672,0.7120584196489942
2023-06-17,0.40199195489295647,0.46741753775302136,0.46474925426706815,0.682500290041992,0.761095386026862,0.7105569279157016
2023-06-18,0.40180480571314586,0.4642553548891016,0.4644023524255327,0.6819284526743693,0.7582024603936927,0.7056545255928163
2023-06-19,0.40267910837637716,0.4579058614350477,0.4640312519859466,0.686595538665572,0.6027028142629801,0.6903115788489509
2023-06-20,0.41210397618987055,0.4558307010356411,0.4599724229522377,0.6838481695528447,0.5603016316523911,0.6872472597357187
2023-06-21,0.42150244579121987,0.4592918333449451,0.4565797604092458,0.6840442210930742,0.5514786633257757,0.6851566055685085
2023-06-22,0.4169082686118761,0.4536800938953573,0.45882289286726935,0.6736660789743525,0.5453845943365058,0.6813460844124182
2023-06-23,0.42007790084211677,0.4540184621663074,0.46012873980069285,0.676552636284931,0.5400566793815832,0.686347655149845
2023-06-24,0.4188429272899622,0.4531098138003034,0.46176452941664275,0.6763679204574539,0.5412811335562648,0.6876675525532637
2023-06-25,0.4139334301603081,0.4483239058962264,0.4499134707256744,0.6706440899903788,0.524441013812071,0.6865806736888546
2023-06-26,0.41415146934776276,0.44576461267141726,0.4496416123081225,0.6728230252178118,0.5061738799262869,0.688485397326955
2023-06-27,0.4077406621644863,0.4463819061347973,0.4499120192501859,0.671148131581614,0.49462344983437845,0.6872028386561041
2023-06-28,0.40922465427224475,0.45151323326101656,0.45238642499275716,0.6737877331510053,0.49947536913994967,0.6924182761679817
2023-06-29,0.40879955266236995,0.45120540390080444,0.45319043533692266,0.7143915576755394,0.5010295721029328,0.6888128131356281
2023-06-30,0.408792361292054,0.4594498283086429,0.45823523855950515,0.7211654608504774,0.48977695927132525,0.6839645611104845
2023-07-01,0.4082534737526572,0.45854634086240326,0.46335898092872696,0.7194271766144446,0.48850875407593775,0.6839068368642857
2023-07-02,0.40722782235872335,0.458410770313634,0.4626318690021767,0.723980554399008,0.4831941957517525,0.5552340460458492
2023-07-03,0.4078543278724149,0.4541731677727311,0.4623016846796547,0.7226538741849756,0.48278243569529716,0.5555072510579184
2023-07-04,0.4087842749879092,0.4528493961234593,0.46241738996591825,0.7227174571405133,0.4826709380668602,0.5539876142073518
2023-07-05,0.4090679741056418,0.45198837282752946,0.4630379778627837,0.7221001408812348,0.48413463343259444,0.5330106930086811
2023-07-06,0.41113311976061007,0.4571759098869468,0.4658257369027052,0.7248693028670936,0.48677684009610056,0.5316736349720423
2023-07-07,0.4121194998545478,0.4576788728921547,0.4671368089683571,0.747267374293156,0.48685164285742294,0.53187693502749
2023-07-08,0.4113341144399038,0.45759360586582143,0.4668164558680174,0.7474302975236586,0.4869175215439284,0.5297042316534857
2023-07-09,0.40128095042194634,0.4542397772467019,0.46497753899902167,0.7465854965425781,0.4843913338027236,0.5279919487197899
2023-07-10,0.3998334886114753,0.45415203612732,0.47650455164859384,0.7210139017853575,0.48645860254579787,0.5279035157942434
2023-07-11,0.3994923305326975,0.45319228084429447,0.4770970316688007,0.7211065408093408,0.48445293077912066,0.5278691027732926
2023-07-12,0.3985139017068052,0.4423777699987316,0.47683589594064485,0.7190767252415993,0.4836934309393257,0.5188942558427406
2023-07-13,0.4045746562044269,0.4555836166125254,0.4871799545869457,0.79731087562581,1.2076463284358803,0.5438679232768705
2023-07-14,0.4113478122543521,0.46043617110484514,0.4896433657769438,0.7968101673329225,1.2364576765386612,0.5461292397143044
2023-07-15,0.41135006567624444,0.45955333404596066,0.4814662159665737,0.7920847063195878,1.236571871321306,0.5548189966591843
2023-07-16,0.407032483298882,0.4577653938126427,0.48432468606650414,0.789527358668988,1.2383740619995725,0.5579221109953705
2023-07-17,0.4020051374283746,0.45684650378684094,0.4841542830783397,0.7908146244562584,1.236524091620359,0.5541795573747914
2023-07-18,0.3875084550679755,0.42460583994732565,0.4700233706070748,0.7749301881079461,1.2284832022881411,0.5388068290869037
2023-07-19,0.38540890761145175,0.42457139549682954,0.4697058988506305,0.7757240112715872,1.2296958189983973,0.5332435600363893
2023-07-20,0.37849777040644156,0.4124982917868786,0.46955530608199214,0.7740102771207298,1.2255494146948074,0.5166987593483775
2023-07-21,0.3765251834091647,0.4115973356063976,0.46377019929476215,0.772600480127097,1.2244324227065766,0.5198067243915501
2023-07-22,0.37619161238006654,0.4122868577544766,0.46399765301605056,0.776295572560564,1.228973413700113,0.5239943114409107
2023-07-23,0.3765298859048396,0.41235876481493394,0.4642675349604525,0.7763851584531035,1.2287016609969292,0.5255297092692346
2023-07-24,0.37769851921405634,0.4136706394126069,0.4620264871622315,0.7839741130854222,1.2334979090889473,0.5292175064311918
2023-07-25,0.3776354346869169,0.41375827867908066,0.46033383964899727,0.7815358494769502,1.232795796990595,0.5646461422209879
2023-07-26,0.37046042116497785,0.4114920894215094,0.46061007555683403,0.7913660354877028,1.2327874688376863,0.5719951454571293
2023-07-27,0.3704023478961638,0.41122885439991,0.4597338924862143,0.7865612330582756,1.2320295748925645,0.5720196215621349
2023-07-28,0.37041369797408247,0.4110705004025001,0.46000927236841693,0.7868003345356893,1.2320128448383367,0.571218550419623
2023-07-29,0.3704227899026172,0.40914927057783507,0.4485189093177461,0.7861454716028627,1.2313565694825153,0.57440875460278
2023-07-30,0.36107442966764036,0.40736252375665427,0.4460574568895141,0.7865979657758164,1.231283225355237,0.576916434202849
2023-07-31,0.3586169192858397,0.4051390874280871,0.44456264849619764,0.7875384914132701,1.2315868313750613,0.5769282453729773
2023-08-01,0.3592118440720127,0.40381719800028704,0.4475672540641409,0.7879479042990234,1.2316195579779297,0.576549553315719
2023-08-02,0.3607724832496508,0.404352989885455,0.450486080419669,0.7904468754861943,1.233620112780109,0.5849762516612923
2023-08-03,0.35778678302806216,0.38526353651491857,0.44998294197246796,0.7856835498076584,1.2357205736949493,0.5832786395476937
2023-08-04,0.3549099252667837,0.37217913252663926,0.44959140148226023,0.7814192821497553,1.2383464818671508,0.5766610587784946
2023-08-05,0.35366164477233525,0.3712541576901733,0.4499869572628479,0.7811759714375062,1.2377402935663475,0.5799046545831038
2023-08-06,0.34923478360300353,0.3704979027133036,0.44825006108867327,0.7759669378874733,1.2336210316028582,0.5702207961675252
2023-08-07,0.34928696662961234,0.3704983549562837,0.44823233069840435,0.7760261523045324,1.2336467540070957,0.5702539144666597
2023-08-08,0.3512152901601355,0.3716512089723701,0.4488921967041189,0.7810457633023384,1.2346396100992882,0.5715442162589536
2023-08-09,0.34813991221602697,0.36795201538227434,0.44724721361304415,0.7773239587575212,1.233423753713691,0.5706417015960685
2023-08-10,0.3479752028927041,0.36770006962457336,0.44730160014875014,0.7745043654286687,1.2335508349858866,0.5706571388844195
2023-08-11,0.34798138876397927,0.36744331915291734,0.4469518616671743,0.7744545296186922,1.2329822939747972,0.5703176595885803
2023-08-12,0.3478778958747583,0.3674222225601931,0.44683479396565934,0.7746942104168112,1.233182367245056,0.5707885356479201
2023-08-13,0.34764920083499945,0.3671045698268222,0.44663326828716,0.7769821475468042,1.2332749048273832,0.5731672837518377
2023-08-14,0.3475318891269409,0.3670366199892429,0.4466419416892993,0.7797198388380785,1.2318493168487394,0.5727247552591571
2023-08-15,0.34700641484999384,0.3674881891856518,0.4466664159518027,0.7865994289908176,1.234648317751633,0.5793077052757996
2023-08-16,0.3457655644564732,0.36745381563339946,0.44721503700860366,0.7890952246898526,1.2363931446760605,0.5882939259362187
2023-08-17,0.3788649984503303,0.39510987827935684,0.46249028696657773,0.7964031579254411,1.2741304878155286,0.6186175727685113
2023-08-18,0.3809343697319753,0.3956147175214183,0.4622181492576257,0.7969687871080942,1.2741305135102599,0.6233301173426017
2023-08-19,0.38007335717515656,0.3955292427964676,0.4620307808011408,0.7955153583972624,1.2741845049198086,0.6224714752249595
2023-08-20,0.3800588565262778,0.39575256737615505,0.4613816648164667,0.7955753567768048,1.275881201716259,0.6219877378611663
2023-08-21,0.3790126851186463,0.39393508986204073,0.4624779584682002,0.7960505942579434,1.2770613455972524,0.6232092076431615
2023-08-22,0.373113875621353,0.3914924006485486,0.46091046086288134,0.793917744408418,1.2759258464157608,0.6202975479198652
2023-08-23,0.3740862556745597,0.39544987440613083,0.4650612538459796,0.8012183492024844,1.2763206510137604,0.6215801457013534
2023-08-24,0.3741502376177811,0.3950836477381301,0.46546283320695003,0.803946400290999,1.2757142268643946,0.6218860634393759
2023-08-25,0.3740669950256514,0.39511572389438643,0.46532304670151275,0.7990400227898089,1.2759185850995765,0.6200847302874973
2023-08-26,0.36296187724574813,0.3852019557691155,0.4625432996717402,0.798254457855361,1.275259727578963,0.6193612591423905
2023-08-27,0.3623656573950526,0.3853237160709499,0.4631976985467598,0.7994453085131757,1.2742516684853822,0.6194480208695123
2023-08-28,0.3623720208110717,0.38516413377419273,0.46328702626062807,0.7970181035497846,1.2701111940173753,0.6192455801580407
2023-08-29,0.3802771340490386,0.3955601248551065,0.46972845595974966,0.804513004613648,1.2715600175651538,0.626182673414863
2023-08-30,0.3803758641606113,0.3963044538958281,0.47016235831379355,0.8092251618171533,1.2716685448584897,0.6263247067211636
2023-08-31,0.3927786695326438,0.39907480461861256,0.4731713649762536,0.8128108320128822,1.2715515335182435,0.6286312464766824
2023-09-01,0.39271594446716945,0.399259199731353,0.4735871013601152,0.8138117956504048,1.2724182626104656,0.6286302158144148
2023-09-02,0.3927377851610443,0.39947282192549605,0.4738066547914238,0.8117220332052528,1.2706642438661175,0.6286994347502903
2023-09-03,0.37828039526095636,0.39048315376239423,0.43457808363217604,0.7927109136780982,1.2666921236031399,0.6037140202132021
2023-09-04,0.3604171465902965,0.3813501890571234,0.43320029389084347,0.7917710501124795,1.2641154322279895,0.5925058559926561
2023-09-05,0.35422991221746475,0.3775435736364877,0.4029426621435469,0.7743927368638195,1.2633867450698077,0.5868419711199178
2023-09-06,0.35400540004351116,0.3771374219292058,0.4022705523669397,0.776637089287613,1.263235381304739,0.5865350213976797
2023-09-07,0.35614112720456864,0.377712965318729,0.4028079808889908,0.758641634054537,1.2620143523529928,0.5847132119662277
2023-09-08,0.35373144628315745,0.3649370010520089,0.3639212788635145,0.7257249272667863,1.2562356616870671,0.5341216185823433
2023-09-09,0.35367098106206735,0.3649252081164126,0.3630120962992124,0.7259659970037816,1.254994841082304,0.534163726383518
2023-09-10,0.3536982511975446,0.3653836562256125,0.3617334044396857,0.7363231557488008,1.2551597736492786,0.5384930337754993
2023-09-11,0.35772114221009205,0.37440170801662415,0.34858209760463194,0.7385790621643324,1.2583624958158044,0.5390459326072005
2023-09-12,0.35606439465849965,0.36355553946510805,0.3483467620433415,0.7343471937847146,1.2487413111059986,0.5373167274148679
2023-09-13,0.3553393615502888,0.3635006763727573,0.3487581641808549,0.7351111673130785,1.2487960218963376,0.5360917460715247
2023-09-14,0.35133317352500687,0.35901918598799265,0.3476926338955254,0.7332964725543184,1.2489062093341514,0.5363332384870014
2023-09-15,0.35113767533391793,0.3593252543999721,0.34521836587971333,0.7327535326990243,1.2496540724471086,0.536506082900208
2023-09-16,0.3508851875690517,0.35933555638865955,0.3453771870760822,0.7321940495400527,1.249293370545361,0.5366282582588975
2023-09-17,0.34878024831425775,0.3590160184244157,0.3457885040686455,0.7288388418205236,1.2493454264368713,0.5369593385643393
2023-09-18,0.33207049612066747,0.35365681900083773,0.34337722009382593,0.7309171454199709,1.2500649311706586,0.5367683913339585
2023-09-19,0.31206803509424075,0.33645251934996556,0.343463329264083,0.7287424095713889,1.250499726035776,0.531477990682773
2023-09-20,0.31205281660617645,0.3368727119014265,0.3383831074345675,0.7250092593018492,1.250530815748896,0.5314781321464204
2023-09-21,0.30941100147177386,0.33885738531531784,0.3383021967457987,0.7280928654398641,1.251772526509461,0.5265843622818143
2023-09-22,0.30934780199920286,0.33887225059713366,0.3323139708162749,0.7254798042045741,1.2512714915605287,0.5248104925861545
2023-09-23,0.3093578899748442,0.3376294411605475,0.3315209641194269,0.724628061941663,1.2513320160935126,0.5248065424353623
2023-09-24,0.3099813637585796,0.3356045944542731,0.33141888817563814,0.7195121228002488,1.2506168880884587,0.5220790157143997
2023-09-25,0.30846845330231965,0.3338488373447234,0.3315946015006447,0.7183638729140042,1.250538014702342,0.5214718876064502
2023-09-26,0.3061703610546059,0.32791418657256033,0.32780251044348896,0.714447603258571,1.2478906271899486,0.5131353584213901
2023-09-27,0.305254898867407,0.32670339985204905,0.3269574255634974,0.6735127253648358,1.2472515768860108,0.5123639438165384
2023-09-28,0.30964411998457425,0.3217488470842405,0.32212101420637684,0.6720995910604444,1.2478832621459213,0.5043687575840003
2023-09-29,0.30952546479925735,0.322371503623101,0.31534342341774324,0.6725356889194114,1.2486590159921787,0.5008668392967435
2023-09-30,0.30956650802963875,0.3220149128377839,0.3152436275331926,0.676090916629151,1.2481154926422593,0.5007056802928401
2023-10-01,0.3171111879999245,0.3305742144205613,0.3173501188519634,0.7107789895557751,1.2484701870639956,0.501932757774233
2023-10-02,0.3180847804465103,0.3401848604917444,0.3174041132945364,0.7121296547328011,1.2493409144194598,0.5030175562321061
2023-10-03,0.31774881779760156,0.3393620626171782,0.3162929334887016,0.7120503108544396,1.2527166090625523,0.5004366350298074
2023-10-04,0.31659383796401447,0.33295979296332845,0.31140735860267255,0.7109710438183433,1.251067642902145,0.4962526070792274
2023-10-05,0.3159489949088641,0.3340501864639146,0.31076487820561854,0.6879750110449344,1.2514744408474654,0.4962627752726175
2023-10-06,0.3184855610978846,0.3369780657997246,0.31201610205605074,0.69011973605975,1.2514928390197706,0.4964671793440854
2023-10-07,0.31843896562514223,0.3371662684840732,0.3116774696945897,0.6885547711909531,1.2515502026263878,0.4963792040206562
2023-10-08,0.3178975773910778,0.3364475223065319,0.2935612654856431,0.6886018662028787,1.2510246440094845,0.49657260092536476
2023-10-09,0.31823133719323676,0.3422778106202869,0.29695081442220106,0.6923603523720537,1.2523900332575224,0.5019732959889897
2023-10-10,0.3181762831427135,0.34247951535723326,0.2965595890079033,0.6922556825478386,1.2525135330971668,0.5021981704299335
2023-10-11,0.3116419643749416,0.31101518441750203,0.2785128550645441,0.5993956964629423,0.5685670031976465,0.4748710658776163
2023-10-12,0.3033245788496253,0.3060323686251051,0.272227748933467,0.6002612768638123,0.5120937616704211,0.47232337316890294
2023-10-13,0.30350319676442056,0.3067812847507044,0.2710830879782958,0.5995994149609138,0.512395535300026,0.4611178643075269
2023-10-14,0.3035073333238573,0.3068585340927234,0.2624777287335656,0.5999237508315131,0.5030202848093246,0.45950597178350544
2023-10-15,0.30452228341402826,0.30689634860763854,0.26410793647831465,0.5984834088680374,0.5029341007511436,0.4595714637974654
2023-10-16,0.3199744958020458,0.31208331781377374,0.26711390222627657,0.6181883512159057,0.49170937764900924,0.4593343012920666
2023-10-17,0.32000598147556936,0.3145953216950046,0.26843262999637363,0.6150771956195319,0.47779517072755145,0.4582079148767007
2023-10-18,0.3199733349802226,0.31451545212335213,0.2678316617317898,0.6123945788461311,0.4748273443594332,0.4578783147220454
2023-10-19,0.32118594244670906,0.3145943825061365,0.2679248664236496,0.6254738056675931,0.4920671078198465,0.4514591726514416
2023-10-20,0.32798514509619087,0.31792722527653355,0.26752797470325146,0.6413534364583661,0.4830289019273169,0.4472180158707726
2023-10-21,0.32780677054059965,0.3186517733027093,0.2681016885210695,0.6612095215078762,0.4834982728539794,0.4477393050882814
2023-10-22,0.3218848194501351,0.3195171798266891,0.26909554076596726,0.6503877450342842,0.474319852043948,0.442643973981042
2023-10-23,0.37691802289156373,0.34186368144393586,0.28646096870117677,0.6752851262474703,0.48416384476861235,0.43418781121166833
2023-10-24,0.3799910808595027,0.34225571979591296,0.28760319862474626,0.6680050400709716,0.4857423766638333,0.42408090813142807
2023-10-25,0.3810061833044962,0.34210780203283564,0.28842758086398634,0.6828464080735309,0.48579942246821983,0.42758104483275194
2023-10-26,0.38174551172965954,0.342322466459227,0.2883889911333965,0.682395482051488,0.4858010251318002,0.4400109282781799
2023-10-27,0.3822071496148562,0.34322350721202693,0.2884984042212285,0.6857105031278962,0.4868256872455989,0.447691164564456
2023-10-28,0.3821997034882406,0.342703186620708,0.28893615320841476,0.6810147821513226,0.48672471579909976,0.44630574744854234
2023-10-29,0.38280900794523015,0.3433933949855676,0.2890624485827452,0.6826096638291701,0.4888398541063424,0.44649060268573315
2023-10-30,0.38176451112192905,0.34322573104383003,0.2835230903912918,0.6925150145546695,0.4948321276811815,0.4464788296951936
2023-10-31,0.37977811578468085,0.3413939891256719,0.27822606659710464,0.7105379024150535,0.4973493698668592,0.436147329325256
2023-11-01,0.3819774544185721,0.343241422427093,0.2786750736136963,0.7196903652271984,0.4943168503560798,0.4363861929516985
2023-11-02,0.3831786499346569,0.3469825908842093,0.28096692314882377,0.7220961833354983,0.4872145982954441,0.43735729932040557
2023-11-03,0.3834977331423855,0.34874964808327497,0.28097686636300284,0.7235193798017173,0.48731442875037645,0.4328689417482681
2023-11-04,0.3838176062759378,0.34957060071402707,0.28745996110666144,0.734870789756628,0.4871787603305796,0.43246889312739856
2023-11-05,0.3838571727447205,0.3516864041077555,0.2931729550579671,0.7383443574785414,0.5082962510790782,0.43606910122286446
2023-11-06,0.3823048440319661,0.35058945208851167,0.30550699367318035,0.7347442047547543,0.5291478350681915,0.4580676075152629
2023-11-07,0.38229306863475343,0.35100900463661316,0.31374964927127313,0.7351373674952615,0.5364336712707561,0.46497586481161224
2023-11-08,0.38217724084912863,0.35100126383178637,0.3131628060473769,0.7351096867170734,0.5353704814568684,0.4678947089447252
2023-11-09,0.38615098922681806,0.4218550731252897,0.3151848086235834,0.7399824877314627,0.5389849189312582,0.47031184655807745
2023-11-10,0.38711382431265395,0.4242355877699885,0.31521374354792775,0.8597809038127051,0.5392566419647595,0.4722464662601669
2023-11-11,0.38713710246973615,0.42488136021642486,0.3152228064546583,0.8570669494965596,0.5392658832791327,0.4764194217872482
2023-11-12,0.3872224478864188,0.42500830570988923,0.31706355082064114,0.8552607248410493,0.5386209552619694,0.47664102331619795
2023-11-13,0.3885336402367528,0.42455392589002194,0.3198335005217934,0.8681614879834266,0.5333637533848266,0.473626861643061
2023-11-14,0.3907574029711544,0.4306856950962001,0.3172922303031373,0.8786162525882445,0.5435198585592036,0.4641355881562369
2023-11-15,0.3762047758088891,0.4108247616731639,0.30452021473047697,0.9082210075850866,0.4504006986511671,0.4315955183025083
2023-11-16,0.38595827652012177,0.4222560501851338,0.31760064756028694,0.94734265613863,0.4664152960606252,0.4335153525408906
2023-11-17,0.38633804473053895,0.42223699457677843,0.3179598264697453,0.9468646394925339,0.46371849533538295,0.4632186385589762
2023-11-18,0.3864695778601413,0.4219639865984456,0.31793141418651205,0.9464662852600907,0.4589368388140052,0.4884457809291196
2023-11-19,0.3878992053475453,0.4237139788829544,0.3121786503391283,0.945445191133369,0.4578181629337288,0.4861091342945207
2023-11-20,0.3876743643380302,0.4214137481457876,0.31623564188890924,0.9587584860648609,0.46003119181952246,0.4920789721637573
2023-11-21,0.40027671393180564,0.42891312849508206,0.39141644827640537,0.9764637006761704,0.4734350908693632,0.5176172884199
2023-11-22,0.4082965971280656,0.44682317014305256,0.40147071762228687,0.9927387617536348,0.4829939192759319,0.5277566367301987
2023-11-23,0.4081757867570304,0.4466456192559923,0.4019787370438743,0.9908917722110102,0.48328728341948085,0.5278065869017297
2023-11-24,0.4082681621845187,0.44663675007147874,0.40167062984361335,0.9902944591960641,0.4830860067142891,0.5297941211273345
2023-11-25,0.40829177364241054,0.44656333215941885,0.4015631625705144,0.9909905503370734,0.48308388038559225,0.5299783318928504
2023-11-26,0.4090721470897172,0.44713434548718156,0.4023281773617629,0.9921812589728577,0.4838086036417991,0.5300924362291006
2023-11-27,0.3936594242143251,0.44026982419429206,0.39771303191940915,0.9939230066511693,0.48191212360770663,0.5227910108193984
2023-11-28,0.392595934409298,0.4393937449088312,0.39726896210054563,0.9913994727647152,0.4801082233652406,0.5244455868793895
2023-11-29,0.3765243079233743,0.4333619691724915,0.39230313360780855,0.9827127147844545,0.4748510599323081,0.5197830477643821
2023-11-30,0.3763575474380618,0.43298472034235236,0.3911966590099075,0.980719393120116,0.4716864134785266,0.5241485315342491
2023-12-01,0.3786771225308274,0.4339446243135653,0.39121724924719764,0.9807408556193095,0.471958687662419,0.5238247978504121
2023-12-02,0.3799072197833503,0.439170183661421,0.3912257972159596,0.9859067259828689,0.4721111841046773,0.5258187818194786
2023-12-03,0.37970864526806813,0.4394182531370732,0.39128974041605585,0.9865772291085901,0.47197930921364667,0.5261028733563909
2023-12-04,0.3898687109488105,0.4411531271418393,0.3938917361243547,0.9877572943405467,0.4716721509196626,0.5424685334345118
2023-12-05,0.3990986070794654,0.44262930927613947,0.3944754502496834,0.9848578740890308,0.4717406840097466,0.5439747069839648
2023-12-06,0.3990558773690485,0.4467394943323615,0.39451298515906,0.9848539710726487,0.4750497047715292,0.54391263955925
2023-12-07,0.39869506732274707,0.45751483570705775,0.39467318063581225,0.9956570935929427,0.4750425455938697,0.5440000760548438
2023-12-08,0.39961361397571027,0.4574545321119716,0.39800591321184675,1.0099122669669958,0.4821257786185645,0.5540916491832365
2023-12-09,0.40062934753297186,0.45704391770820785,0.39777173096451024,1.0025406948952609,0.4833025486103899,0.5536033194167047
2023-12-10,0.3952368958552946,0.44755766107066747,0.39287855885335027,0.9992299819853484,0.4726955831591101,0.5552795022232302
2023-12-11,0.4146436835411759,0.4615039935164441,0.3940904388207536,1.012010168567608,0.49339410634345726,0.580885270869613
2023-12-12,0.4141969325265381,0.4621635010794851,0.3987899765241835,1.0147665970859405,0.49337221382604596,0.5811177912460042
2023-12-13,0.4177154425426359,0.463984276585886,0.39949919687649305,1.0150010799418583,0.49345376302141686,0.5826686491798145
2023-12-14,0.41770185704347196,0.46568986106507726,0.39930027514486194,1.0209239623098931,0.4918232460029724,0.5833815911064808
2023-12-15,0.4220775263479802,0.47442625685339795,0.4056575519915075,1.027103089078941,0.4950451565755554,0.5954612148560771
2023-12-16,0.4219229368331253,0.47392357020542336,0.4055343695153688,1.0251451479487517,0.4939357439464329,0.5996689725697788
2023-12-17,0.42528010851646303,0.4752113379328752,0.40847330452814334,1.0293800364338326,0.4939153952214552,0.6077110672983485
2023-12-18,0.427781405330655,0.47542531845234115,0.4089748827141001,1.0316877659776984,0.49233039713197424,0.6081456594829083
2023-12-19,0.4283997052743059,0.476432588936203,0.41744746998010174,1.0339340425151113,0.4926091770636242,0.6101623879434758
2023-12-20,0.428710075187701,0.4734478831960881,0.41918160309665325,1.0487375602014164,0.4904271421893844,0.6083098925454404
2023-12-21,0.4285923378895683,0.4741767472631627,0.4276180295055122,1.0738923715410176,0.49051710762131606,0.6119196045433689
2023-12-22,0.42848195763145214,0.47887617175943015,0.4276667496444898,1.0746425433813018,0.4899989564807883,0.6119196045433689
2023-12-23,0.4275820041671308,0.47875108094653546,0.42685862820153037,1.0851562790706621,0.48970342243394166,0.6122704106485577
2023-12-24,0.4298321421191559,0.4810854106837735,0.43023787178257655,1.0854898391117695,0.49045950788183296,0.614127373945034
2023-12-25,0.4297716502776634,0.48108703115476403,0.4299390988463976,1.087853308364863,0.501136502304558,0.6156597884552284
2023-12-26,0.43412084152231994,0.4831042774911695,0.4804536226594642,1.1034104254183572,0.5077061407809144,0.6200883755075274
2023-12-27,0.4336430262205204,0.49460933525816514,0.5071581934970553,1.1115320761348924,0.5074867914897173,0.6210224071713671
2023-12-28,0.4362428553716795,0.4959155042391738,0.5074455839587617,1.1198373336815994,0.5058117185199305,0.6229938206220142
2023-12-29,0.43752028277535115,0.49809264610575205,0.5114480664072344,1.1187283821905611,0.5066326916365124,0.623435119368692
2023-12-30,0.43250814149287947,0.49359556402712224,0.5110007197900055,1.1087733219540972,0.5057642373552689,0.6235304943470271
2023-12-31,0.430083876556512,0.4852178772427466,0.5110374460245217,1.106783548550014,0.5037027114255614,0.6220537365775424
2024-01-01,0.43694597350960457,0.48798709249945643,0.5106926872453119,1.1135051919760013,0.4955687754873196,0.6230418704561698
2024-01-02,0.43735073230984617,0.4875791764100958,0.5108868720148214,1.1149266401891316,0.49515872803012495,0.6236751968458506
2024-01-03,0.44878837609167327,0.5038550324604303,0.5098487938781607,1.1297172609978192,0.5143264993311912,0.6609666933099455
2024-01-04,0.45077003476677435,0.5046836062576163,0.5111784441144716,1.1332403904944963,0.51442618824467,0.6622181416009273
2024-01-05,0.45081489961115023,0.5042605866818038,0.5130854622303993,1.1400463851359055,0.5157648606506384,0.6633732737985328
2024-01-06,0.45099842359957276,0.505234799691773,0.5180404222816083,1.1507154283821825,0.5162916430097026,0.6655687141085799
2024-01-07,0.4498641253245672,0.5004322221820494,0.5159521626501528,1.150223715288321,0.5164065719420686,0.6638120413411805
2024-01-08,0.46576449440585216,0.5076528482258595,0.5156091460971549,1.1595531687600162,0.5236037078645026,0.6675499378692824
2024-01-09,0.4655721288401544,0.5075637250750239,0.5154995722944505,1.158764927642732,0.5240560481492061,0.669572374783501
2024-01-10,0.4652350232003685,0.5389977153623571,0.5154614045503576,1.1543359454432298,0.5354577738847583,0.6747386155084055
2024-01-11,0.4659433428118466,0.5391712472247571,0.5155057296463075,1.1567544295208954,0.5354448437960451,0.6752425531512942
2024-01-12,0.4969064733005351,0.5460201527549471,0.5226575382318339,1.1733334840324419,0.5476192977923248,0.6841617172245504
2024-01-13,0.49680882367949053,0.5469707699195661,0.5229967994993241,1.1736486093291971,0.5477820218536852,0.6838686545990724
2024-01-14,0.49286875233670574,0.55350825724086,0.5221964977123512,1.1669176225608877,0.5463777623363354,0.6842854596669755
2024-01-15,0.4934295052331854,0.5512566139101603,0.5322201148226839,1.1666193284576734,0.5455560541531871,0.6834267110941294
2024-01-16,0.4936310510718749,0.5532837922255134,0.532353742404839,1.164788601320222,0.54528053934076,0.6830365783962322
2024-01-17,0.49397463992898666,0.556100837080804,0.5343771825647066,1.1624458491850715,0.5314202569121205,0.6835250681764965
2024-01-18,0.49670939875225995,0.5578998221418073,0.5345807932810613,1.1700348907074238,0.5345638911759525,0.6865647274689711
2024-01-19,0.49670608797001276,0.5575285689634651,0.5344672854323727,1.1627511031737188,0.5349460670458501,0.6855822222534246
2024-01-20,0.49673463475129015,0.5571060771145879,0.533925316116135,1.162651323983235,0.535896684897529,0.7191750730637347
2024-01-21,0.4584788933842554,0.5461047865296498,0.526430257347104,1.1529107696889764,0.5283122429307324,0.7007087384612589
2024-01-22,0.46791710693505845,0.560673527014219,0.5327359369201203,1.1608505287562034,0.5313503140311278,0.7110038115070753
2024-01-23,0.46711043238067496,0.5649101351503837,0.5343647768467025,1.1541806378404245,0.5323225584770888,0.7122528493688145
2024-01-24,0.46654500685589134,0.5648763904800748,0.5362784754304747,1.1570513777289773,0.5322953767249895,0.7055289476349544
2024-01-25,0.46625896656983823,0.5643161627003016,0.5364311194425692,1.1555646993403121,0.5312558407091619,0.6956973902574748
2024-01-26,0.4744547158653423,0.5655956471502641,0.5400070383420861,1.1593332308127877,0.5361383066001097,0.6963814251066053
2024-01-27,0.47405830717909103,0.5653898365427631,0.5402127947100297,1.1583533315371863,0.5344459952724946,0.6963583824019919
2024-01-28,0.4740807212238382,0.5654913038092791,0.5402796896539839,1.1538459470582267,0.5289113756288565,0.697311523173377
2024-01-29,0.4773068320284361,0.5675668493535772,0.5405536728170465,1.145323266901173,0.525239538587263,0.6986699327890976
2024-01-30,0.4760773666692911,0.5670009180318484,0.5411778087185954,1.1394402249845095,0.5321469421460692,0.6999049695207596
2024-01-31,0.4754858971453132,0.5671150005012667,0.5430529254543703,1.1429122236662193,0.5327208211817785,0.6996388008629311
2024-02-01,0.47554020683717463,0.5664626189845495,0.542712197385912,1.14135128176676,0.5322516579206447,0.6997482119153392
2024-02-02,0.47529568375319065,0.5661088318705979,0.5400120700780308,1.1349008117026007,0.5325764759446118,0.6992665723471714
2024-02-03,0.475428288685365,0.5652773507331998,0.5376492489482767,1.1343849969168798,0.5122434700548821,0.6972887655796703
2024-02-04,0.476066363392884,0.5653415714357515,0.531564490090939,1.1361844234142422,0.4876218300951592,0.6823858202691894
2024-02-05,0.47580054823123963,0.5649820925122245,0.5268039006782936,1.136128716169736,0.48170668545259154,0.6774531731975011
2024-02-06,0.47593349310742256,0.5678017055162096,0.5268323067136023,1.1361204099864781,0.48154615556203056,0.6754446754019556
2024-02-07,0.47566239210571,0.5199051021913852,0.5262920761278364,1.1353410285809762,0.48021882660247356,0.6748372571760727
2024-02-08,0.47633216527000466,0.5179895556421538,0.53110230367303,1.0474913320925268,0.48005258876601525,0.67318653932659
2024-02-09,0.4821415514606538,0.5197886405012405,0.5316728807909159,1.0493061402480386,0.48243371135643337,0.6696139834202719
2024-02-10,0.48250622807681615,0.5196738939945955,0.5303688269294912,1.049450080138623,0.4824459920432106,0.6694610363061941
2024-02-11,0.4812219184685397,0.5196568593737749,0.5275440844917809,1.032796103315023,0.4815543046011531,0.6632077163453934
2024-02-12,0.48140023131299375,0.5259890632363189,0.5288807476981544,1.019028961465213,0.46655090416887673,0.6607937349783972
2024-02-13,0.4663540470248575,0.5213078572705268,0.5223065032809889,0.9819500690843052,0.46280075465934245,0.6537587716314114
2024-02-14,0.4619241806574231,0.5194050811350884,0.5158337873258385,0.9477292165905873,0.4521107116343812,0.6572206958523106
2024-02-15,0.46163081476267526,0.520006923487695,0.527701461627943,0.9507555266178642,0.4613797404145762,0.6351807290167373
2024-02-16,0.46151540741242103,0.5204809272641988,0.5282910068786747,0.9533872537403926,0.46142167230124825,0.6174706401708374
2024-02-17,0.46088681882026167,0.5191264352463056,0.5307234734204153,0.9514652802406728,0.46130558117346654,0.6201196775507152
2024-02-18,0.4610347676990245,0.522628197744291,0.5292864000746836,0.9372749403483182,0.46036862775910337,0.6169688058072377
2024-02-19,0.4500635737853412,0.5143396752631597,0.4704855547986969,0.9160156944027747,0.44698508854175184,0.602316089260386
2024-02-20,0.44221980154716073,0.5009028994177264,0.46308832250495235,0.8962489852248565,0.4330953719848231,0.5982641744553522
2024-02-21,0.4426278144101951,0.5024200868611067,0.47894643443686463,0.898028136016418,0.434046622695246,0.599533654122687
2024-02-22,0.44331964112126226,0.5023507285696229,0.4785556487304109,0.9013718680285967,0.43487779846033076,0.5975963535260228
2024-02-23,0.44421595319139123,0.5040389273899543,0.48102501626048694,0.901003879966817,0.4353681331536019,0.5973822257341909
2024-02-24,0.44426398824673224,0.5048478558502052,0.48031028914661034,0.9019006732364956,0.4370862398907508,0.5984754407631154
2024-02-25,0.4438839800152737,0.5078989238239128,0.4781634657188276,0.8962104160259842,0.4356023578521853,0.5984779353236428
2024-02-26,0.45376256074171456,0.5087332100953363,0.4812139730081175,0.8974085018706178,0.43608580952888154,0.600582064565973
2024-02-27,0.4614784960720403,0.508870844921572,0.48249315847594015,0.8980665523909427,0.45450505892207654,0.6262484141110355
2024-02-28,0.49244473051257254,0.5142480905944867,0.4901968034767712,0.9149456473801676,0.45598969379307647,0.7102221124843461
2024-02-29,0.493721252216599,0.5150241786944543,0.49812637138187194,0.9197497865092465,0.4573945857485156,0.7104466399976684
2024-03-01,0.49380765683475325,0.5131197606180324,0.49880963031990405,0.9139240662223822,0.45932847924072995,0.7859004382145294
2024-03-02,0.4940732671919455,0.5131611849346551,0.4983819752414133,0.9131647099980268,0.4800086447613147,0.7860461777382586
2024-03-03,0.48650594519854146,0.5127109610717668,0.4972210574333102,0.9112972210724988,0.48311526913156677,0.7890406245217798
2024-03-04,0.5009966546052383,0.5162561011105732,0.4961472958158202,0.9110468125416036,0.48731431631641664,0.8549572338155342
2024-03-05,0.5218655133159306,0.5148441345535136,0.5131104502110246,0.9219048940873483,0.5174071789027366,0.9289392973315036
2024-03-06,0.5248571579012111,0.5231450680122735,0.5374867127019318,0.9091097109005423,0.5222382443998563,0.9303129873497212
2024-03-07,0.5240420587152236,0.5233046927926941,0.5680656927206612,0.9066340608847795,0.5167928714278232,0.9242842188411563
2024-03-08,0.5239658398610405,0.522621569143494,0.5683440730207331,0.9023763806509937,0.5156623748768662,0.9243922978550079
2024-03-09,0.523944076909122,0.522620351058452,0.5683693757579487,0.9009390190839023,0.5155334425727063,0.9356295439501822
2024-03-10,0.507212761588662,0.5082102949752509,0.5853535569370892,0.8893913783593126,0.49893015354059417,0.9266933089457938
2024-03-11,0.513127535612869,0.5137093696608291,0.5845779590691352,0.8881327768460877,0.6090347013817367,0.9347676259697417
2024-03-12,0.5111230164779619,0.5153358690436993,0.5846659892981989,0.8872536461956422,0.6172538334674317,0.9498807114242256
2024-03-13,0.5122135388566443,0.514055834935639,0.6591063275566789,0.8910940664057126,0.6171539079289431,0.9495074882991418
2024-03-14,0.5116888500729666,0.5104359835401744,0.6623164716490656,0.8947821458387513,0.6179023137001017,0.9448921457089464
2024-03-15,0.5158922304716781,0.5176507490225263,0.6661775417611285,0.8968095416351473,0.6273453647794762,0.9581055482005331
2024-03-16,0.5309708864983825,0.5329827141525235,0.6950209686664911,0.8921185516348463,0.6347151997935331,0.9959070419368872
2024-03-17,0.5349965198784563,0.5360157652344087,0.6959451780898581,0.9083066538103018,0.6368855160445617,1.0067072564762545
2024-03-18,0.5352969108646992,0.5398954508906378,0.6963683799868965,0.9100090791037723,0.6417226490998468,1.0175294078120845
2024-03-19,0.5640984192820258,0.5863438537833234,0.7228086039749886,0.9351337037704851,0.6710721319808598,1.0426270938059106
2024-03-20,0.5907740584985128,0.6217177824998446,0.7391314913197328,0.929506125533485,0.6766196767144471,1.0907573597637372
2024-03-21,0.5962103851573337,0.6186750557410585,0.7392507093437085,0.9387318755635404,0.6834132613101943,1.091184062929114
2024-03-22,0.5990695999475347,0.6265329355739373,0.7392340827876793,0.9224668502300192,0.6896128460488948,1.0911562500556136
2024-03-23,0.5976058760610128,0.6248501649571786,0.7366960260573369,0.9203881821047267,0.689400349806251,1.0949151993473518
2024-03-24,0.6040876471250674,0.6283044350686074,0.7378011172933131,0.9177087852814944,0.6825140828816004,1.1058894055657424
2024-03-25,0.6049148099936605,0.6302400862456434,0.7106120814694872,0.9053428516479134,0.6785611517168699,1.1033805278211057
2024-03-26,0.604097490128328,0.6188888309784286,0.693845588415417,0.8979686050432614,0.678059399361936,1.1047180973791897
2024-03-27,0.6024454186261301,0.6204427575217947,0.6943373668306447,0.8927619346196686,0.6811038336532814,1.1056408644632458
2024-03-28,0.602002426348474,0.6190211029143997,0.6910314017588979,0.8901481546573459,0.6813749079151644,1.1384992119779633
2024-03-29,0.6031679816708474,0.6200196647384127,0.696100959577831,0.8849470122546036,0.6815748433278256,1.1409343822090932
2024-03-30,0.603453693688784,0.6198651679345746,0.6964904776842948,0.884805705677311,0.6819835608666011,1.1510733090060417
2024-03-31,0.5996068464129923,0.6215960883065319,0.6965004744062997,0.8760366849082509,0.681000119859915,1.1650070552165073
2024-04-01,0.6018244249538771,0.6279817892633993,0.706426631924175,0.8809716505359091,0.683397439855839,1.1755339662069
2024-04-02,0.6075324087236387,0.62911610756883,0.7135173844593495,0.8729663357903319,0.6740907181933213,1.1802872738638024
2024-04-03,0.6053751185393623,0.6277239339826887,0.7129415504313301,0.8658696318720028,0.6750299851265654,1.1840529851058978
2024-04-04,0.6089498235152515,0.6276859221875676,0.7146283717674446,0.8590131220367784,0.6772231616799526,1.18360078922458
2024-04-05,0.6094067046773851,0.6269400397369485,0.7114418981234437,0.8558863782191466,0.6770096082805106,1.1825815641345114
2024-04-06,0.609687582910157,0.6264794007563922,0.709894187438818,0.8494307776032688,0.6745672360695006,1.1825013509558302
2024-04-07,0.596692081015583,0.6224494378335982,0.7101491624635564,0.8326664424090141,0.6682046811759493,1.1869831178165549
2024-04-08,0.5975106628410617,0.6352114022848817,0.709442896956943,0.8324962905594464,0.6703934866847236,1.1848670666726093
2024-04-09,0.6027473561209421,0.6171749067613708,0.7101197582523585,0.8384189980568819,0.6602077187372815,1.1931014829769975
2024-04-10,0.603264202500248,0.6170715942666352,0.7151290528367645,0.8366648024963762,0.6602708729759256,1.1964764452849352
2024-04-11,0.5789173485889514,0.6123846628434318,0.7097596841425214,0.8179925701986197,0.6514272013575763,1.1920991993145924
2024-04-12,0.5867679704958338,0.633254735094229,0.7109023648476921,0.8531048911231333,0.6864219590992221,1.2153215667570627
2024-04-13,0.5933556071290318,0.6456421726707667,0.7289430157033582,0.8778870369363531,0.736218558599934,1.24720067085239
2024-04-14,0.5943830010944977,0.6516954221635329,0.7222075499250528,0.8940203147779587,0.7436187479996765,1.2518423138130375
2024-04-15,0.5993387020259786,0.6505007225227605,0.7243757900271722,0.9115293294404396,0.7438679425424091,1.2520933530595748
2024-04-16,0.5987869992663994,0.6488058627190507,0.7258897660907456,0.9085833773480365,0.7435348509445476,1.254311933235123
2024-04-17,0.6004398145738498,0.6504920062940168,0.7262496183744008,0.8963214129116742,0.7413605087688961,1.258291552115821
2024-04-18,0.6035947419394175,0.6521660412334362,0.7283120480880236,0.9072879734417826,0.7415909539405485,1.259214099142861
2024-04-19,0.6035472538604795,0.6519032774599515,0.728325830705568,0.9069336626328757,0.7407490647807318,1.2421768144701726
2024-04-20,0.6038888956747814,0.6543848326119549,0.7298964755420162,0.912186034864054,0.7474438638100622,1.2420778531774177
2024-04-21,0.5936849273674271,0.6419314343258975,0.723735149233588,0.8953496098344679,0.7442435179571916,1.236779771738672
2024-04-22,0.5954677276723666,0.6385128673050112,0.7244126154271353,0.9003270482039243,0.7525056233037222,1.2346365989648787
2024-04-23,0.5959399685792526,0.6383503333863597,0.7223885328134759,0.8967739947203002,0.7537689764182677,1.2350890221083506
2024-04-24,0.6006279568818249,0.6405801648185334,0.722052574376003,0.901281646397128,0.756366281736362,1.2406101448848976
2024-04-25,0.5950118134307323,0.6395342646781965,0.7201348065356464,0.8959932293555434,0.7530255201975949,1.2402476685568364
2024-04-26,0.5958815121836915,0.6399128695528827,0.7231492160554325,0.8998069623027889,0.752994997171628,1.24160102629883
2024-04-27,0.5960323517682397,0.6436046008381782,0.7232580859748271,0.8996400884748845,0.7532879557810265,1.2408080672486823
2024-04-28,0.594136534657615,0.6419821119160288,0.7229669018543685,0.8947571908039403,0.7526225453243496,1.240111598583285
2024-04-29,0.5937738645875308,0.642858297658393,0.7232167065399239,0.89472749481092,0.7469239929341593,1.2403309391278805
2024-04-30,0.6037687498956585,0.654943761098881,0.723436252401802,0.906486902812297,0.748576967777918,1.2499689693644107
2024-05-01,0.6096296091109197,0.6557098352734537,0.7269633154962953,0.9137310639905049,0.7515086722177908,1.2514179082327563
2024-05-02,0.609866580603102,0.6557177208590989,0.7271800042753577,0.9131276031555772,0.7512871600236535,1.2514300145971107
2024-05-03,0.6211781419517264,0.659341319612827,0.7309974372954484,0.9145884771841358,0.7524573210809589,1.266055679392279
2024-05-04,0.620938388051067,0.6592229820541298,0.7310185768442377,0.9128777042610475,0.7499345368582507,1.2773390070144943
2024-05-05,0.6209532155090405,0.6592354723542173,0.7300427377571441,0.912965260045819,0.7498159686028435,1.2772605808172144
2024-05-06,0.6219120608187514,0.6592000451235986,0.7305667886042124,0.9169026614022732,0.750771172264953,1.2793023671570938
2024-05-07,0.6209398307807172,0.659466471950285,0.7324777465935838,0.9165860838540846,0.752454957980899,1.2829662424202817
2024-05-08,0.6214933910936138,0.6599145127319318,0.7303061655011444,0.9206353415848993,0.7530088254264483,1.2872515507376636
2024-05-09,0.6194677310093777,0.6590120579517228,0.7302597034496772,0.9276315813490336,0.7518217532020361,1.2915660499884956
2024-05-10,0.6243247286971567,0.6650846713005959,0.7318354529957773,0.9320819537920099,0.7553555247713558,1.2977008104355852
2024-05-11,0.6240858064631245,0.6650830101112565,0.7313537123206169,0.9315173244245655,0.7554618652636533,1.2978138103919683
2024-05-12,0.6212509663057674,0.6547680947309225,0.7307226656251272,0.9294299101157856,0.7555753127569258,1.2983269758230027
2024-05-13,0.6225419846786795,0.6546523532923437,0.730386379817615,0.9308003896611184,0.7555875508250118,1.3008041888589688
2024-05-14,0.6194400226565935,0.6489956657791751,0.7357190276112329,0.931495849804925,0.7540994025231461,1.298496534717224
2024-05-15,0.6355275305957824,0.6561053715899897,0.7287156360627729,0.9539801764694089,0.7523322507138758,1.3038616747027556
2024-05-16,0.6364873527455015,0.6587230347047942,0.7301787219210917,0.9517498096653987,0.752342095755935,1.306801057795493
2024-05-17,0.6379349694147681,0.6657129149468334,0.7288646531663571,0.9580240336779356,0.7512143835731269,1.306530859787013
2024-05-18,0.6378543589952224,0.6626782080311291,0.7284038771370808,0.95699902240803,0.7506954151813475,1.307128212155282
2024-05-19,0.6380423467967866,0.6622293529102711,0.7290868713299716,0.9575224691076978,0.7516754017611563,1.3059052421738353
2024-05-20,0.6543902149639512,0.7493405167135945,0.7329285456124132,0.9717132326722184,0.759726716343931,1.3183583697356454
2024-05-21,0.6554735222125025,0.751219676878991,0.7241201191784915,0.974755780010722,0.7582741964766381,1.3178852731016886
2024-05-22,0.6557918629519138,0.7519490166903684,0.7244488909900129,0.9721150408819549,0.7586650218954523,1.3191272394571465
2024-05-23,0.6565279207544998,0.7511686660169231,0.7255020399651502,0.9710719323326976,0.7582935240269426,1.3226222764149342
2024-05-24,0.6560953207892923,0.750773635174723,0.7251769318278622,0.9749416721004154,0.7576854353977018,1.3229207969475874
2024-05-25,0.6562729656865234,0.7470457510776024,0.7247263249678947,0.9747116178184786,0.7579287983576178,1.3271204440697988
2024-05-26,0.6494144348587015,0.7470693014277227,0.7226222118077198,0.970783114149234,0.7589550498100888,1.330282130656611
2024-05-27,0.6437845939497443,0.7467743118489958,0.7212316476072749,0.9727260110756122,0.7484366022183351,1.3198093109248425
2024-05-28,0.6190939245895809,0.7427806784016758,0.7156361914732092,0.9560704667189532,0.7477565397656738,1.277364017736463
2024-05-29,0.6179504696644039,0.7435231654019205,0.7112411665035896,0.9505886344040722,0.74670371182837,1.2774193982278168
2024-05-30,0.6169980450406836,0.741709116412109,0.7106297391599277,0.9493798479592181,0.745040412475726,1.2319708950892616
2024-05-31,0.6173708916479498,0.7416744274643381,0.7106958603160042,0.9495956438668766,0.7310533118891466,1.231507653500445
2024-06-01,0.616414696157676,0.7412332920042335,0.7109005368575625,0.9495900774036002,0.7294035420651008,1.2216660155049164
2024-06-02,0.5959309416628281,0.737370980767713,0.7108378326325293,0.9495456630413867,0.7261861154769931,1.1723196142060561
2024-06-03,0.5801318787808233,0.7361704843344649,0.7020693274153038,0.94073103368139,0.7039272590135371,1.1192204648408628
2024-06-04,0.5777292067074272,0.7221007451988211,0.7043268412940431,0.9404150545482249,0.7005469480114057,1.118135982459424
2024-06-05,0.5775242904774082,0.7222164313502152,0.6779580563372527,0.9217356073318307,0.6985964973345792,1.118369225265665
2024-06-06,0.5763641404309754,0.7226970102426282,0.6773961008422665,0.92272869151414,0.6984587567248489,1.115656080027283
2024-06-07,0.5778939462322483,0.7261904552908348,0.6829626983181585,0.9276860124137374,0.7035466570839916,1.113466557154156
2024-06-08,0.5775923179455725,0.7260865844685672,0.6652054409953392,0.9297145812222631,0.7030707442565992,1.109487047557243
2024-06-09,0.5706268409676803,0.7197863972085958,0.6655024582140876,0.9292924703404137,0.6062676751316181,1.1004086959492183
2024-06-10,0.5703795375868036,0.718888370961042,0.6812063382140571,0.9297292155622453,0.5991478467570327,1.0895458743237458
2024-06-11,0.5721336426136475,0.7248473449046015,0.6050652046001787,0.9236673267388887,0.6021968792823266,1.0933619787422781
2024-06-12,0.5710776350242464,0.7233264945721694,0.6010565279228897,0.9143081358385083,0.6024312021532209,1.0953789420800646
2024-06-13,0.570261658303457,0.7214701126700307,0.5967088784097759,0.915982331927552,0.5963415384510975,1.0860470300329486
2024-06-14,0.5566241185998151,0.7112649893515204,0.566229906378884,0.9174328445095449,0.5885890889975465,1.0538718132473428
2024-06-15,0.5486698156154917,0.7096864652442619,0.5661536994856311,0.8926905708483333,0.5902578263114893,1.0416751965936666
2024-06-16,0.5483788943816036,0.7068841735448617,0.5629705205425929,0.8951518115054828,0.5834084462519264,1.0316436928155863
2024-06-17,0.5186823660673093,0.6746024756939687,0.5323200875128071,0.8552158372706992,0.5538637211733821,1.0161260616907357
2024-06-18,0.48669518536028633,0.6392279476411991,0.5024919322154083,0.8210977253030188,0.5484512221608109,0.9634749771603974
2024-06-19,0.481592974895401,0.6406070952962606,0.5035533397315695,0.811383473658822,0.539171026048206,0.9623013485286247
2024-06-20,0.47862414287301247,0.63434410296114,0.505228638545821,0.8106623220298169,0.5320925233526099,0.9627107699925417
2024-06-21,0.47914093123124296,0.6343244845484167,0.5052070344868327,0.8105993253754905,0.5316547695308769,0.9550951584789806
2024-06-22,0.46862948551584055,0.63012909262003,0.5023475058902481,0.7994799224326528,0.5286276242286819,0.9376043390660747
2024-06-23,0.4627523505166727,0.62675291030094,0.5000535079454747,0.7999663235216338,0.5281485453723104,0.9377396083440439
2024-06-24,0.47194096411027925,0.6279939726960212,0.5006245115125255,0.8022328481593605,0.527993988080488,0.9346219313952768
2024-06-25,0.47477420599954184,0.6267055784703252,0.5014573758848878,0.8045811203289782,0.5248829289486537,0.9381180427250337
2024-06-26,0.4738438328874053,0.6258658533159879,0.5007673576123852,0.8035157955247318,0.5231000322245548,0.8888651503680164
2024-06-27,0.47425871793075164,0.627044937871384,0.49180860570999835,0.824823054107121,0.5233702421339491,0.8911349431026478
2024-06-28,0.4758700004555483,0.6283865753452325,0.49278551429894185,0.8343128161879758,0.5229720888592374,0.8839630932371392
2024-06-29,0.4735131085377035,0.6232257681444919,0.4924316890790923,0.829296749972956,0.5220945782987683,0.8576972889024541
2024-06-30,0.4754467067911966,0.6192522313041066,0.48300467178555795,0.8291720621574459,0.519760648092693,0.8494791364634587
2024-07-01,0.4590556345422996,0.6044407298451361,0.47524711843353634,0.8217813122086722,0.5133981400343759,0.8188966754304585
2024-07-02,0.4593675297494905,0.6042968722039087,0.4740030125055636,0.8271526059981522,0.5137014830004759,0.8163866210283399
2024-07-03,0.4568479116956919,0.6089987592348256,0.4736872748855496,0.8456916805893091,0.5138213871767608,0.820676186894114
2024-07-04,0.46863558847691206,0.6270179121853883,0.49977492188887557,0.8605541535197013,0.5345592786511817,0.8530726610957283
2024-07-05,0.4673760807534461,0.6285991136394963,0.5025557206177147,0.8653015567627004,0.5346780827389276,0.8464795229921512
2024-07-06,0.4709587922683475,0.628195295614117,0.5155404039083183,0.8753736079389459,0.5471568300948834,0.8481939530740319
2024-07-07,0.4725050965676893,0.6186121882038456,0.5334311822956751,0.8900709384610588,0.5571306121890045,0.8614429652971076
2024-07-08,0.469221424420653,0.6135798624977691,0.5397286677762725,0.8948081796386402,0.5609736724872524,0.8559329786332988
2024-07-09,0.4696534979547342,0.6140343459932387,0.5306163085829895,0.8951140744651018,0.5613112855769118,0.8470536591500423
2024-07-10,0.4695076488339784,0.6141815191601875,0.5315177615861204,0.8951770591331992,0.5613732112700681,0.8460134721139088
2024-07-11,0.46249354594984915,0.5936379261902032,0.5308243457423679,0.8680112388536584,0.5229108675029109,0.8207095603798951
2024-07-12,0.4530084577506185,0.5749387832281238,0.5110345553016772,0.8458286613372826,0.46398688949986855,0.779821833076087
2024-07-13,0.4519916065356936,0.5673443847061236,0.5086765969985347,0.8273541302306829,0.4980455200835906,0.7742914360588673
2024-07-14,0.4501652692652097,0.5678990208662782,0.508559047102163,0.8119445271445196,0.49793188322735926,0.7767616915557024
2024-07-15,0.4675890971031053,0.5851387870388826,0.5255971739636176,0.8252890194381582,0.5018077459608898,0.7922776278520397
2024-07-16,0.46037614348281986,0.5816442477098194,0.5264517103704587,0.8223835477337209,0.5237209007375916,0.7848511914435259
2024-07-17,0.4559976647061422,0.5806314370570496,0.5230045124010875,0.8118620536362017,0.5449364989861254,0.7832539071461317
2024-07-18,0.455878572687952,0.5809619029012073,0.5230617814667177,0.8131331789665988,0.578678611993136,0.7816263986463313
2024-07-19,0.46196480973900994,0.5791772015099942,0.5248370776372052,0.8134250914564246,0.5702452626652508,0.7837257875938545
2024-07-20,0.4621722278034626,0.5791541604960531,0.523985539751035,0.8141694435257202,0.5740492157803414,0.7949489001500307
2024-07-21,0.45961294169636085,0.5783743063935948,0.5180176688360044,0.8162618168529795,0.5624766054282215,0.7992425418641311
2024-07-22,0.4598423685782288,0.5811639667420353,0.5205551682467154,0.8182794774612067,0.561532667880366,0.7997987919051764
2024-07-23,0.4576570533608603,0.5792977671856613,0.5207618037868061,0.8156346374731162,0.5588240661775252,0.8002334801501889
2024-07-24,0.4579585790555635,0.5860331963746973,0.5210416338745699,0.8161876439275334,0.5624505564472412,0.8009295355951206
2024-07-25,0.4575282180778802,0.5943629565171314,0.5188651254295877,0.8153861945719105,0.5660999783697964,0.8008684165201139
2024-07-26,0.4616817346238316,0.592401110051966,0.5201593918879363,0.8241936517041046,0.5650983830184444,0.8134333782967947
2024-07-27,0.4615146167262699,0.592594567577732,0.5199750086238981,0.8224103422854522,0.5648976280909649,0.8143050631213418
2024-07-28,0.4610637453424189,0.5920108019755109,0.5194626445706528,0.8223630827363594,0.5648974110576839,0.8133749098324035
2024-07-29,0.4511067679383429,0.5775396328990213,0.5181665251461001,0.8040062479139469,0.5615265647269415,0.800643628258964
2024-07-30,0.44425584418320935,0.5773194463080284,0.5169823402170018,0.7970887141870201,0.5637949129248458,0.8005096197228666
2024-07-31,0.4466226406691264,0.5780993081520289,0.5186176303423944,0.8014461269122269,0.5641263057562932,0.802106965717238
2024-08-01,0.4291445217766591,0.573394440869331,0.510150516654004,0.7990228168733734,0.5693890630681991,0.7756140267281078
2024-08-02,0.44529746228337647,0.5901037781308932,0.5230731713453319,0.820050639810939,0.5833137866064392,0.7615332999426295
2024-08-03,0.44600089713892066,0.5927632613471068,0.5247438798037283,0.8320544207096914,0.5836111641281886,0.7632493426635502
2024-08-04,0.45330320368566046,0.6105303113045079,0.5395491988301598,0.8284211354837918,0.5953268450874879,0.7653301005812652
2024-08-05,0.4759128126463865,0.6446816750539146,0.5546348373176188,0.8357510832378129,0.6075382392244035,0.7830633773630961
2024-08-06,0.4807889249961453,0.6456555002196103,0.560362712821382,0.8598382352972515,0.6110959873634264,0.7804617664539459
2024-08-07,0.47746820215534147,0.6509098382558236,0.5606001456166658,0.8478403988060109,0.7009341578943098,0.7691713745997547
2024-08-08,0.5243762375330817,0.7030205403807558,0.5865540346364225,0.8768955116908559,0.6984291700472844,0.8007175728706617
2024-08-09,0.5251333641836565,0.7057394703339573,0.5867564600074444,0.8813338640682494,0.7096242391700172,0.8031383760398458
2024-08-10,0.524685177469342,0.7056850301429748,0.5896615782416446,0.8813933865047692,0.7090535723057443,0.8035672178515022
2024-08-11,0.5276694490956891,0.7065834693905835,0.5943011875214967,0.8960052719875818,0.7178895590203103,0.8001068985898673
2024-08-12,0.5264046850188696,0.7170613331270834,0.5916602177078538,0.8951723802540308,0.7195435407325413,0.8132866675389513
2024-08-13,0.5069660862794414,0.7094336344096865,0.5899905015842593,0.866972062707932,0.7165404475373554,0.8014616833359638
2024-08-14,0.5100460660011659,0.7077069733233047,0.5886707994886515,0.8677521411609126,0.7170933825423116,0.8016473233514539
2024-08-15,0.5081148587345309,0.7035696172146395,0.5872374209614205,0.8584774648631008,0.7171926909247649,0.797707026492423
2024-08-16,0.5105255178892806,0.7034957701228322,0.5872541639078281,0.8588339712443455,0.7171888083707343,0.7974586461960569
2024-08-17,0.5108014482941932,0.7031676469389458,0.5931581536227266,0.8597136894292573,0.715618290803884,0.7982729418367059
2024-08-18,0.4876264177778211,0.6029599800555943,0.5876808686695242,0.8372374310291448,0.7077121044899819,0.7673963833456187
2024-08-19,0.48805844675397175,0.5985656463063898,0.5931595178342535,0.833046880793868,0.7180917295778433,0.7654797693499211
2024-08-20,0.48754451066032833,0.5996554511984372,0.5945243645585288,0.8333375510793226,0.7171456221620388,0.7657750071672974
2024-08-21,0.4922438578497688,0.6011191865501161,0.5924068409175793,0.833416121751722,0.7173589334235594,0.7659428743624896
2024-08-22,0.49239967474763063,0.6007275578720201,0.5941638130770817,0.827986104852656,0.7170208110286782,0.7635265082068862
2024-08-23,0.5066075878434088,0.6108659460935659,0.5949169770258713,0.8396778847950257,0.7180122025870593,0.7673874333060607
2024-08-24,0.5061848751151021,0.6090502544548334,0.5960980491889895,0.843180386627162,0.7160317047183711,0.7628102763038815
2024-08-25,0.505372790211169,0.6075815793370163,0.596361181180929,0.8393723676854563,0.7172241703221719,0.7628873626870154
2024-08-26,0.5063332416513955,0.6086996112163262,0.6032607416747943,0.8394951594220088,0.7183059910305827,0.7653189081126801
2024-08-27,0.517955673932618,0.6304127202805134,0.6053618257563725,0.8503392956269981,0.7219158440626448,0.7737741222272619
2024-08-28,0.5174962037373483,0.6339532494102704,0.6055838904967273,0.8509979789496943,0.7216173523902815,0.7729461408601254
2024-08-29,0.5172603050112005,0.6337890366852719,0.6055788455063278,0.8525572391808632,0.7221547656391123,0.7733460841821214
2024-08-30,0.5171925004903181,0.6327135927507855,0.6048267840231251,0.852874487340981,0.7223130404698058,0.7738193979476637
2024-08-31,0.5171874835759296,0.6326452681030417,0.604826184780182,0.852967178805708,0.7219729786636556,0.7732018262760614
2024-09-01,0.5189127358006344,0.6356770105904658,0.6041395478172158,0.8584347384673817,0.72505821801227,0.781552734414112
2024-09-02,0.520490794905628,0.6428504837860212,0.5770779943393278,0.860245904792346,0.7284245190295257,0.7857905419063738
2024-09-03,0.5227468639580815,0.6468933989934521,0.5758123879562771,0.866588374853206,0.7294843261424973,0.7858895083553605
2024-09-04,0.5231758829520137,0.647415839457487,0.5753909762162773,0.871776787371991,0.7292620752984181,0.7862817868811031
2024-09-05,0.5251757905530358,0.6470166214669095,0.5710671874719072,0.8693989114787527,0.7254258956142015,0.7726393552885623
2024-09-06,0.5306826463599785,0.6572176316873958,0.5736945110849072,0.8701018076564252,0.7304688914720099,0.7808386229919982
2024-09-07,0.5306172963595626,0.6590239719132289,0.5742508092863707,0.8693794043631989,0.7302147831060657,0.7837713088443661
2024-09-08,0.5315663393919191,0.6597076657622372,0.5578230275592633,0.8697998161023056,0.7303610893492506,0.7839761784651115
2024-09-09,0.5345209270819934,0.6570875814708236,0.5572753358578671,0.8644179268885028,0.7277610515759172,0.7956117258032374
2024-09-10,0.5341273212099799,0.6564123231025867,0.5540717387247448,0.8606589351588381,0.7263645668617676,0.7860812657421833
2024-09-11,0.5325878351923705,0.6557684016271794,0.5532772596389265,0.8556412618870545,0.7239837486414294,0.7837480271352356
2024-09-12,0.5331485601255996,0.6561310941969952,0.5560028389231296,0.8555839009066872,0.7306630207199919,0.7801074516422404
2024-09-13,0.5395456949141939,0.6576832469133508,0.5575892644677549,0.8560105373163479,0.7285622525878358,0.7844264413919629
2024-09-14,0.5395141610640453,0.6565163853756691,0.5575614970560405,0.852612052242892,0.7323394554844849,0.7847165290037184
2024-09-15,0.5401707274465678,0.658826296183098,0.5572236181952877,0.849956333426845,0.7354600231360392,0.7765404384620723
2024-09-16,0.5395970380751994,0.6588461672615253,0.5594287478378486,0.8458896113521849,0.7349667240677354,0.7722088345853164
2024-09-17,0.5446148514530658,0.6585284496250423,0.5602430170261978,0.8455008861183735,0.7350649215974897,0.7729284779532757
2024-09-18,0.5468446927762617,0.6593437883155414,0.5612140929333614,0.8460271361610032,0.7347213088244537,0.7741656038819951
2024-09-19,0.5478153540139105,0.6645878297830474,0.5618879891224502,0.8549633491774463,0.7347136028680473,0.7746006988730938
2024-09-20,0.5478660601240254,0.6699799419369092,0.5616554744541392,0.8563451379698268,0.7346543917744259,0.7747282663732659
2024-09-21,0.5468772269885185,0.6705525199903936,0.563904435907928,0.8533222285804974,0.7348884005703306,0.7790958198380484
2024-09-22,0.5383749766798429,0.6699051169018263,0.5628876603067479,0.8543768128460716,0.7354439117557632,0.7801171537812713
2024-09-23,0.5361794082062902,0.6715954588439074,0.5642812405298581,0.8520981124330081,0.7355549040330163,0.7715374754641448
2024-09-24,0.5359792158030365,0.6716192980245679,0.5639580498533467,0.8586918579343457,0.7351353842905836,0.770565825178875
2024-09-25,0.536523226274121,0.6714540792153267,0.5667438174865665,0.8418392869732855,0.7356152071568391,0.7673367417288399
2024-09-26,0.5384203143153529,0.6721365967509177,0.5652230355145899,0.8367077701871743,0.7356167141470064,0.7845955372062117
2024-09-27,0.538413793068197,0.6741789464975042,0.566193459028423,0.8370666280325441,0.7356965109957382,0.789474346600691
2024-09-28,0.5353851388747853,0.6730149234699392,0.5650069570678764,0.8326101907003327,0.7398561799601532,0.7917129356252938
2024-09-29,0.5354500705194055,0.6730092513642733,0.5650102003436227,0.8328584731740452,0.7444108643447632,0.7937786917090394
2024-09-30,0.5396885338482025,0.6739776339816088,0.5733967664006007,0.8307453098191551,0.7508474504580616,0.8116020147193471
2024-10-01,0.5421974213587164,0.6806020463176975,0.5719924117262487,0.8168658139861225,0.748317781245814,0.8148574450307529
2024-10-02,0.5309712356535485,0.6682663665334176,0.5483975830699469,0.7959421634111072,0.7617126723390251,0.7788314279838017
2024-10-03,0.5307188751297937,0.6666691823184966,0.5445379528195143,0.791419385517383,0.7636277223119173,0.778831799597951
2024-10-04,0.5295697203793087,0.6664830388855973,0.5345198579963238,0.7865888989471729,0.7575071764322023,0.7687759391739869
2024-10-05,0.5225249587700657,0.6608171716990368,0.5157236745434033,0.7682313752683815,0.7445403678440712,0.7490673008428961
2024-10-06,0.5222271635609569,0.6581664517337299,0.510366599749078,0.7605742351653434,0.7427627756823783,0.7472993106069477
2024-10-07,0.5207006440829394,0.6572063379113734,0.5104140453929769,0.761088080144699,0.7430044188111049,0.7496280789292353
2024-10-08,0.520552509539541,0.656931822250278,0.5127275951171438,0.7610809478437821,0.7429460640771386,0.7499926445694503
2024-10-09,0.52290169313584,0.6590956699076183,0.5141025132007794,0.7579288547296021,0.7422554262076774,0.7497221217556336
2024-10-10,0.5227101011874034,0.658779846749141,0.5137004013343844,0.7559707799651608,0.7345686330178777,0.7503282297995225
2024-10-11,0.5257598714745129,0.6598885429111653,0.5147200490471442,0.7607836383874672,0.7057319179847023,0.7507344974610377
2024-10-12,0.5235052220251578,0.6590262826297975,0.512816615794254,0.7566175852251115,0.705426136030609,0.7488346593493386
2024-10-13,0.5080789254736483,0.6416292587729737,0.492197122790071,0.7406935916993976,0.7030860073119543,0.730934573477286
2024-10-14,0.5179438632282534,0.6554294271377455,0.4946985537270836,0.752137316592364,0.6888676171834429,0.7372110442708334
2024-10-15,0.5178713569834331,0.654934809260824,0.4943030187254938,0.7501791292171358,0.6705767807337908,0.7357878956258085
2024-10-16,0.5180789255137905,0.6543323200905011,0.49464031775058515,0.7486467357299309,0.6439871016647156,0.7475490587338535
2024-10-17,0.5115761172389597,0.6523135437973697,0.4898282323715503,0.7399108925172119,0.6439958768185222,0.7438938158612872
2024-10-18,0.5122386874197802,0.6530681978762483,0.49028979164869096,0.7403888314966349,0.6400063423987712,0.7398934714263241
2024-10-19,0.5113360224488323,0.6529397757913555,0.48928277932770303,0.7324879328557965,0.6397953604028299,0.7412462071795373
2024-10-20,0.5113288901510025,0.6558953625780872,0.4872409941075748,0.7363924372188182,0.6391144991147035,0.7408464612984462
2024-10-21,0.5113956051576054,0.6574405603679697,0.4874873213168761,0.7335249209679333,0.6383367110827158,0.7322960730734375
2024-10-22,0.511084233643747,0.652972152732434,0.48715625303527293,0.7313654201170556,0.6355872156206314,0.7336145071212429
2024-10-23,0.5114632283112283,0.650101423933547,0.4878986750191541,0.7289823785938859,0.6335689920033145,0.7322184765193938
2024-10-24,0.5095426768501368,0.6467267609720716,0.4876709574962322,0.7214128611290268,0.6339344789440076,0.7196307276310496
2024-10-25,0.5115157767715423,0.6505819360708469,0.49219507456057743,0.7355564104605066,0.643586379268065,0.7344423991053433
2024-10-26,0.5115482086897225,0.651568434342211,0.49294945598466416,0.7391827899723681,0.6450035024484552,0.7393087979804834
2024-10-27,0.5104150117027485,0.6511539177476071,0.4921824539292604,0.7419280110318401,0.6451972775296962,0.7449822059995869
2024-10-28,0.5131405478796945,0.6531105644365348,0.4914734802693312,0.7412198765549373,0.6392137502073623,0.7762656648396199
2024-10-29,0.5164159145705197,0.6554745831675932,0.49000064764190454,0.7362647588898678,0.6402664008435928,0.7911018498238716
2024-10-30,0.5161968063929824,0.6556273421816304,0.49136183808744105,0.7362773504178048,0.6348458371458797,0.7949952703336829
2024-10-31,0.5043302321698405,0.6500932507963384,0.4816869425127885,0.7161616628489967,0.6249304652557515,0.7878590252889771
2024-11-01,0.5041390834828902,0.6477211142683538,0.47909568284506737,0.70247227386993,0.6249416543775661,0.785593245887589
2024-11-02,0.4960959423466307,0.6294712339915854,0.4610695744799354,0.6995371611177611,0.6128409782826493,0.7801331828767144
2024-11-03,0.47200746222320344,0.5930338129775661,0.4409201282728401,0.6884002148492367,0.5983166828802068,0.7624028167557343
2024-11-04,0.46807389533146565,0.5940829752539352,0.43335221172077193,0.6576130110353132,0.5941912682573697,0.7656994865279598
2024-11-05,0.4683292623398044,0.5859543131169646,0.4324950391059287,0.6660368550102759,0.4844911724335723,0.7766148526894606
2024-11-06,0.44519847415953834,0.5690822486914793,0.41025037843268886,0.6616384517781178,0.4934199203808777,0.7944080689929958
2024-11-07,0.44399795912077866,0.5786935623798369,0.4089836603086883,0.6628180944233558,0.48146120384545754,0.791455026487306
2024-11-08,0.44416238664702967,0.5802721711451769,0.40553701500851225,0.6625787735977342,0.4813041317371299,0.7949358590242324
2024-11-09,0.4368218678775094,0.5879967290085083,0.4062225658844627,0.6384276019849284,0.4687779200657036,0.8013603725094561
2024-11-10,0.4454990784393903,0.5756702657060098,0.4026241650314544,0.6424596098861179,0.47652800627867703,0.9173202156568584
2024-11-11,0.48344313821640567,0.5861890979803576,0.4137126420313097,0.650860566898184,0.4875225639346385,1.021144700579191
2024-11-12,0.47846792424571777,0.5909555945192974,0.428726920074361,0.6576955068059821,0.5477427439462651,1.023975551688168
2024-11-13,0.4780679783354811,0.5874925301464454,0.42867166545337687,0.6576645237629368,0.5486536614572264,1.0236523080635431
2024-11-14,0.4831504594258898,0.5938186894510559,0.4286683912394141,0.6578611156762785,0.5934669948508176,1.047566681140118
2024-11-15,0.48878586386616085,0.5939097458647769,0.4213308223170781,0.6612911837675896,0.6562816255369163,1.0500130366449636
2024-11-16,0.48698563600723455,0.5943654655808174,0.41924307467107935,0.6622163131357525,0.7949358013129784,1.053921848564742
2024-11-17,0.4870290130318278,0.5955832036593145,0.40787149282765256,0.6872083248587533,0.7994084079794735,1.0540018384354224
2024-11-18,0.4864565818544625,0.5986352119642739,0.4061571953372851,0.6860905977156584,0.8047885654909948,1.05401976508677
2024-11-19,0.48341603117470905,0.6011908498016336,0.4063663568202626,0.6867301142046487,0.8056733063482322,1.0561222270008979
2024-11-20,0.48324437687851357,0.601774579132848,0.4055106533118097,0.6873534471119677,0.8054143933321563,1.0595555388265316
2024-11-21,0.47662701760831794,0.6188796294967481,0.4079529714749272,0.6945940688444932,0.8375118677182554,1.0535274683771538
2024-11-22,0.476595099019092,0.6192442160339965,0.4074210078071605,0.6894631670032898,0.8960783211493861,1.0580750505061338
2024-11-23,0.4777973988042055,0.6199153947023043,0.4100072422100638,0.6891935217756894,0.8942722291200466,1.0560515535260366
2024-11-24,0.47477467110371485,0.6180531673394184,0.3993307771095293,0.688932638599505,0.8947492512690243,1.0503311862886089
2024-11-25,0.4723867405775279,0.5911174177027297,0.40232633143480384,0.6927096751348553,0.8911192453302003,1.0609754909056037
2024-11-26,0.47297139285710116,0.5920448055060444,0.40949880490960167,0.6921073141669732,0.8920984873115466,1.0625416113973964
2024-11-27,0.4786763491552801,0.6198154311638765,0.42035743736817216,0.6940188098021856,0.894390181796986,1.0631919100333393
2024-11-28,0.47855461795417453,0.6217410870748046,0.4210632437255713,0.6945169972533135,0.8975530403314582,1.063547083350834
2024-11-29,0.47904315050088836,0.6214694432458855,0.4208580727294391,0.6934961397150566,0.9427456619152526,1.0665069378867522
2024-11-30,0.47511873011300015,0.6185303157733514,0.4123851758458968,0.6860507399332267,0.9475308213901821,1.055807642335472
2024-12-01,0.4722637893720996,0.6130261935821304,0.4094737881697323,0.680961700287854,0.9921074167871269,1.0560336430470902
2024-12-02,0.46894726503983486,0.606289123193514,0.409151114473008,0.6779698440419651,1.0384630024838546,1.058346890375577
2024-12-03,0.46904863838741906,0.6066858385189194,0.47579303830759734,0.675634687221403,1.057184319164436,1.065287746342754
2024-12-04,0.46511336428314376,0.6118308698538453,0.4749117422459272,0.6733381887471519,1.0660850661010972,1.0692382664994389
2024-12-05,0.45783246377912584,0.5973550810722145,0.4749352484006711,0.6697007178818386,1.0673590092833694,1.0592100078184539
2024-12-06,0.4599119978300258,0.604678492760002,0.4754442641871478,0.6691131083133727,1.074304242025502,1.0588648989266505
2024-12-07,0.4598857965325486,0.6047799320426598,0.4765689322987569,0.6686678809023613,1.080100762540429,1.0598095484535204
2024-12-08,0.45537901804335923,0.603380395324694,0.474492717982494,0.6661573255699788,1.0809275547523762,1.0533321262510371
2024-12-09,0.46422274895877225,0.6252057448023189,0.49953011587477375,0.6937562969427769,1.1394088596664194,1.08706267467052
2024-12-10,0.464419380105779,0.6256447838280306,0.49935770184069794,0.6923389535483274,1.143138658325616,1.0933479370216521
2024-12-11,0.47112482660745225,0.6335636167444968,0.5059318870254512,0.700411211913713,1.1410970393481918,1.0955691497621771
2024-12-12,0.4673316977413062,0.6313913755686774,0.5049416314246589,0.699804060239467,1.1438754072824553,1.0965647788007151
2024-12-13,0.4667689457712477,0.6307539727521642,0.5071966232482382,0.699402733012807,1.143566025749564,1.095035783559305
2024-12-14,0.4650988635217694,0.6237948978959299,0.5082941485133746,0.6946755439296497,1.1384677340569738,1.0952961098079967
2024-12-15,0.46538472308958817,0.6240093547253701,0.5020205997746293,0.6951545006511907,1.138238310522321,1.091266444465894
2024-12-16,0.4619914580039872,0.6233757829171734,0.5003938138770879,0.7003634879085775,1.1374755716314067,1.0926300400815423
2024-12-17,0.46075420969058106,0.6259821894607549,0.4987579749913112,0.7016559402461654,1.1376223530919491,1.0946334884500255
2024-12-18,0.47735861330399465,0.6411233410628208,0.5073006572260852,0.711918073386179,1.1635417530844205,1.116952091312163
2024-12-19,0.48193602747005004,0.6500752140133583,0.5115801453159124,0.7233673761809429,1.1667652362449934,1.1541400759326725
2024-12-20,0.48191701551809907,0.6497331913762565,0.5086635175226986,0.7226809185113172,1.1667119255996579,1.1526764764446469
2024-12-21,0.4823400585270014,0.6546033527860808,0.5109684249919396,0.7338109615509198,1.1667765607397487,1.1490480157846976
2024-12-22,0.48502054847500103,0.6542382056636014,0.5103104240811711,0.733968046299642,1.1677854566175576,1.1514142409085124
2024-12-23,0.4848412253075787,0.6590782005906994,0.5269722682688492,0.7335124377896522,1.1679874816795102,1.152667533332966
2024-12-24,0.48778835100691376,0.6570016198169195,0.5228108460177378,0.7332942070897295,1.166785203255973,1.1526745326507037
2024-12-25,0.4848201861391163,0.656133667360989,0.5222930856974091,0.7271015864672964,1.1680251535912685,1.1437713073034685
2024-12-26,0.4920327767732422,0.6626472868007436,0.5230000289546608,0.7334648849035869,1.17819343285779,1.1525865916941904
2024-12-27,0.49363051991812035,0.6623895361342332,0.5225481973143874,0.7350018221084993,1.1774799214631557,1.1516741776005748
2024-12-28,0.4935420502530786,0.6631672930780055,0.5286258522741296,0.743913385780803,1.1759443888027166,1.1504156052179484
2024-12-29,0.4888178753835186,0.662285319400112,0.5251340876376099,0.7420146477081859,1.174828524058919,1.1370268225119198
2024-12-30,0.48110351618353925,0.6493414966236982,0.5199174637148927,0.7345025636303164,1.1739578542981626,1.1262378920740006
2024-12-31,0.48093115269266884,0.6450268841713716,0.5195857802522819,0.7310359788037101,1.1496424198738169,1.1242850381091172
2025-01-01,0.4810382455283133,0.6447365005744206,0.5196760967616693,0.7302500764388014,1.162431973595959,1.1246353740859758
2025-01-02,0.4815519013459245,0.6448620308691764,0.518727129421701,0.7374224865847725,1.1626400456597727,1.1249026143026146
2025-01-03,0.4816426249097614,0.649674474853508,0.5185947839012843,0.7418550966950748,1.1615283900369477,1.1430565175076295
2025-01-04,0.4815121581659371,0.6498006184071285,0.5182589245663335,0.7407805587297498,1.163093152842927,1.144082862260093
2025-01-05,0.48066312897000496,0.6497044053924963,0.5178536950445127,0.7405301662617033,1.1630181413851597,1.1446165127343986
2025-01-06,0.48520165358298756,0.649962499359703,0.517682574233088,0.7412365675313104,1.1628722917695204,1.1433671477271448
2025-01-07,0.495652128408147,0.6721252838403623,0.5245917994470812,0.7559834839676264,1.172653270922859,1.169694709178109
2025-01-08,0.49776991247974045,0.6733094548307288,0.5238976335452163,0.7579273257313818,1.1739223379803023,1.1695529781428915
2025-01-09,0.49779835453415455,0.676289141331442,0.524218558771472,0.7658382878642478,1.180144318597971,1.1781085826841735
2025-01-10,0.4990939181616691,0.6762704401449812,0.5245094569963862,0.7661917442521246,1.1800747927963062,1.1793341020285157
2025-01-11,0.49883575508864547,0.6761644505387618,0.5241686196242029,0.7660832387524544,1.189206923809034,1.1792305635108633
2025-01-12,0.49031260303877494,0.6652066512759774,0.5214694946287178,0.7556546425664776,1.1924848210920107,1.178520427057092
2025-01-13,0.4898752104085302,0.6704661091643914,0.5215396755288194,0.7573931988614797,1.191186334133891,1.1785264972281342
2025-01-14,0.49105291076531676,0.6724494477349849,0.5218940663252161,0.7587988384236305,1.1936455869963234,1.1757769804255536
2025-01-15,0.4961542522976211,0.6851248176689214,0.5226017273295496,0.7784761222773319,1.2283671115236112,1.1831147848677257
2025-01-16,0.49606568603921863,0.6908678960501099,0.5227936076270294,0.7780070049886008,1.2282345181491252,1.1818026732071913
2025-01-17,0.5011827607095627,0.6971425253327005,0.5238649151331795,0.7793374939822977,1.2272836599358772,1.1922774449255176
2025-01-18,0.5010853797872576,0.7015134455790947,0.5247456008962859,0.8498149148637234,1.2282316364423125,1.1969753834798416
2025-01-19,0.5029542601500124,0.7012874440167317,0.5300910017043612,0.8536933486028475,1.2507015935511123,1.2181156015592742
2025-01-20,0.502977492454967,0.7012903206549641,0.5297366436552571,0.8586630275805935,1.2495292558284745,1.21639245273585
2025-01-21,0.5061724029973887,0.6966892438138292,0.5292379142728848,0.8601106046989851,1.247517714695687,1.2185463275027295
2025-01-22,0.5080973027660929,0.6991122810730245,0.5284598560153935,0.8589482568179803,1.2479323742352864,1.220564258212486
2025-01-23,0.5051723472505893,0.6960612045764021,0.5241735749928973,0.8460023908909379,1.2405364362782405,1.2109817034836037
2025-01-24,0.505242100956046,0.6959199250426782,0.5245294981277874,0.8436922917931692,1.2416546527879118,1.2094862767162964
2025-01-25,0.505071724495379,0.695777168784221,0.5244590289983506,0.8418120440009503,1.2418756771366755,1.2070437117510189
2025-01-26,0.5053557211446594,0.6970180381261291,0.5265202241878217,0.8528570964972857,1.2452806592495944,1.194813620176371
2025-01-27,0.5007471986531119,0.6961163129517732,0.5274516999519175,0.854553449909305,1.2453947561121104,1.1847130810223796
2025-01-28,0.5009087739119611,0.6996796668239808,0.5292518249223659,0.8558435672625727,1.244498802347992,1.185205841069218
2025-01-29,0.4980242516471921,0.6906051913261533,0.5250942543344055,0.8521780738733253,1.2414774141311373,1.181413842508243
2025-01-30,0.4970969960927581,0.6951048693929845,0.5254609671764715,0.8551097352534978,1.241200546992225,1.1808490310653499
2025-01-31,0.49984695498259846,0.6953454439928555,0.5251025903663183,0.8574850028998653,1.2442004571956748,1.1812414624902772
2025-02-01,0.5011337953048406,0.7049991324135052,0.5291881564330078,0.8741457875077664,1.2510931326499972,1.1843659045851362
2025-02-02,0.5044991263089654,0.7237502264483715,0.54110550243934,0.8773602501551191,1.2771592189840162,1.21809987443489
2025-02-03,0.5074142931506712,0.7235696913560816,0.5398832192243487,0.879241628063731,1.278338236482256,1.2158447786522661
2025-02-04,0.48600446251490326,0.6933854001059734,0.5517651509471404,0.8553754561732573,1.2876336046687196,1.1939937886786263
2025-02-05,0.48690049948264114,0.6832238178085739,0.5514412957912861,0.855966092224323,1.2967596313003362,1.1949907938310398
2025-02-06,0.4867970099806691,0.685549100031596,0.5515106460547292,0.8579313540991024,1.2986700285077704,1.194217369797464
2025-02-07,0.48683591895261613,0.6778269297909587,0.5445291314898655,0.8583567221554226,1.2989388281842487,1.1836295398789272
2025-02-08,0.4783664835235963,0.6767116979356618,0.5573392867485367,0.8557819185585267,1.2970988939133112,1.08220446927789
2025-02-09,0.43659034129621394,0.6657380000822566,0.5479304872650249,0.8481538839679706,1.2958931872273252,0.9699147620396842
2025-02-10,0.4365926648518392,0.6624294650367258,0.5374293457986486,0.8426820707374534,1.2760495344499692,0.9574899316467572
2025-02-11,0.4348652020994151,0.6629393750381707,0.5424352220247786,0.842309764318743,1.2747018259877452,0.9512709843904575
2025-02-12,0.43098857380136085,0.6666817505975842,0.5667466881597788,0.8408061677936618,1.2583129897611556,0.9379145931517435
2025-02-13,0.42401233562010826,0.6677099569611085,0.5750220007175156,0.8367385157693418,1.2311354127246907,0.9313393563138381
2025-02-14,0.424204160223517,0.6682289382310366,0.5751898689356074,0.8382251443893448,1.1554368553259746,0.9306283476222778
2025-02-15,0.42381536045981133,0.6677088856545126,0.575058870747726,0.8159385632637434,1.1463165004246312,0.9303807790803551
2025-02-16,0.4248480571389162,0.6621218354453519,0.575909296089777,0.8178254775485871,1.1436849763012704,0.9307493309876163
2025-02-17,0.42305730400352154,0.6625561381871647,0.5760651085372075,0.8254962747270144,1.145048040847284,0.9252170544488838
2025-02-18,0.42094624124034463,0.6641593763086419,0.5782342354139652,0.8301905907365926,1.148891507581634,0.9244473267824584
2025-02-19,0.4128262870423896,0.6391479127663812,0.5759886842437988,0.8103326482337152,1.1319117499857498,0.9234665511609965
2025-02-20,0.41411149064271585,0.6393828711681335,0.5749839504094456,0.8154302029974891,1.0866945734871414,0.9124476802446008
2025-02-21,0.4156952360598915,0.639877371432161,0.5730667997119323,0.818753359265957,1.0913203782809597,0.9142653691220304
2025-02-22,0.41574324674942625,0.6446605429057644,0.5760221790810657,0.8200099691286824,1.0895996971566673,0.9168707890504592
2025-02-23,0.4025764922670612,0.6452366367218936,0.5721386607510431,0.8078990598809688,1.0889180766875388,0.9005101174193803
2025-02-24,0.41460505357677185,0.6824277527534892,0.5846448744696904,0.8736826094952772,1.119254948128852,0.9422720530569266
2025-02-25,0.4107582822783093,0.6530261513197407,0.5770191991218931,0.8682672998790948,1.115987704855881,0.9387294347121633
2025-02-26,0.42310244824885374,0.6639894390337173,0.5774165936909037,0.8759519830652006,1.1189642350750602,0.9406995540694784
2025-02-27,0.42133441814012695,0.6639368310144934,0.5777093317289445,0.8751234659968073,1.0758686962624202,0.9319441288033508
2025-02-28,0.42094648583235966,0.6620011712025835,0.5804906238411536,0.8889794529194672,1.0653013574890426,0.932521995487144
2025-03-01,0.42276813442582273,0.6618966410271908,0.5845281483106024,0.8904778900335586,1.0148198381383402,0.9288455503054115
2025-03-02,0.46109413498523993,0.713450514876475,0.5865148732883572,0.9939289617255734,1.1233061059199834,0.9778298383266182
2025-03-03,0.49475241195730363,0.7782556834044188,0.5500907780182053,1.090214698296971,1.188301572058756,1.0385489742857277
2025-03-04,0.4919107191367271,0.7674191283757871,0.550758502292823,1.0908269814862852,1.1828218882322155,1.0285939456956064
2025-03-05,0.4970076205647873,0.771076291898287,0.5503315989425024,1.0891032607218656,1.1790408528295915,1.0311794497731275
2025-03-06,0.4936109349159344,0.7614276133875576,0.548802172387497,1.0893497361164355,1.1713673374143605,1.0298801116668943
2025-03-07,0.4983895817772513,0.7625277493772555,0.5457029540765566,1.0900253525519743,1.1749104210735732,1.025029522841231
2025-03-08,0.4976427263797472,0.7656681767429562,0.5454734167590913,1.0902581569700303,1.175914962653425,1.0229333250941828
2025-03-09,0.5087569317530128,0.7700583566075275,0.541983505925173,1.0872238542012291,1.1422285269689907,1.0302997759988708
2025-03-10,0.511107810513521,0.7834373634852132,0.5471242497103127,1.0940270320325594,1.1388371586400967,1.0388884857131173
2025-03-11,0.5143799512881103,0.777158016377495,0.5428075231971613,1.0929283535997933,1.1481106546794373,1.0431560937953341
2025-03-12,0.5145409214201548,0.7760281388102976,0.547362937286827,1.093398355693598,1.1489967009573627,1.049301748351939
2025-03-13,0.5167999462367782,0.7760705177570238,0.545373007328618,1.0940887034259814,1.1468019380252312,1.050859194870425
2025-03-14,0.5221921128496788,0.778929657095004,0.5458409454483742,1.1071879684086812,1.1503769961258705,1.055077634712641
2025-03-15,0.5183686405861047,0.7776454234916361,0.5569652038711941,1.1069824535534405,1.1501008183409305,1.0553617710129588
2025-03-16,0.5184874381396154,0.7779204456150822,0.5595851188104781,1.1138909287486867,1.1526539148288752,1.0578238584182225
2025-03-17,0.5200095441705382,0.7794456930561774,0.5684791650947097,1.112065895670437,1.15132908288906,1.0606539021996109
2025-03-18,0.5085841500784971,0.7690636925342189,0.5617330361441539,1.103024432287747,1.1324700890819992,1.0469741101918206
2025-03-19,0.5160534048268958,0.7741025481598615,0.5591698010075543,1.1089408847489937,1.1515022886798765,1.02517238544089
2025-03-20,0.5193301414770243,0.7751850023351309,0.5591015349042452,1.1143039318584833,1.1546950433130956,1.0280880748447871
2025-03-21,0.5192783261340017,0.7723082394863336,0.5575850870828398,1.1067096029452836,1.1550458299197859,1.0277184679987583
2025-03-22,0.5176461317116794,0.7724283014639888,0.5566192222089174,1.1067365417636679,1.1546064375886613,1.0272206455798714
2025-03-23,0.5206473495467563,0.7672628167974794,0.5399638635970424,1.103534816207811,1.1548044581573624,1.0258907443938632
2025-03-24,0.5154351363585427,0.7702733996208037,0.541732018258666,1.1080672722133402,1.1535931304806766,1.0306418449038617
2025-03-25,0.515104406653778,0.7701525401574644,0.541801670329892,1.1089173501571028,1.1533338726872686,1.0350796688149362
2025-03-26,0.5099881707227865,0.7668148096183491,0.5417780364657973,1.1086524128136646,1.149163387876121,1.0292377070413898
2025-03-27,0.5092031885740058,0.766762852785507,0.545542210404466,1.1081896325600578,1.1491503942604395,1.029847186446465
2025-03-28,0.5126669922185253,0.7711374168927922,0.5408615544157653,1.108091317089463,1.1549131151409424,1.0305533073824689
2025-03-29,0.5133301494687742,0.7734332877679071,0.5381822205707719,1.1091474564608075,1.1537205052906256,1.0351976258190705
2025-03-30,0.5130343485474316,0.7732959442546335,0.5370960988547939,1.1089506535338478,1.1531820556346006,1.0353814069365443
2025-03-31,0.512696175365513,0.773884208973671,0.537208478608165,1.108891306214781,1.1538316518902578,1.0351416993500342
2025-04-01,0.5162957255265246,0.7802342256271317,0.5374171597390195,1.1080251472819642,1.131736545120787,1.0375956337326375
2025-04-02,0.5170963786102768,0.78430753386939,0.5413645621234281,1.106671819753361,1.1352595698716927,1.0383022313788937
2025-04-03,0.5167330329956392,0.7785293989748946,0.5407129410184143,1.1016771092437787,1.135142079184247,1.0080560520301087
2025-04-04,0.5171010536173957,0.7775291772614743,0.5411302854735508,1.1069821332262746,1.1368070713454512,1.0114892151726607
2025-04-05,0.517082647455455,0.7775264917327621,0.5411989095289286,1.1072000958491623,1.1368242132341648,1.01044757439164
2025-04-06,0.5249780732143677,0.8161715867732587,0.5525788153533895,1.1321405233882584,1.1573253588921297,1.03541166520588
2025-04-07,0.5155093616648078,0.8010742937216994,0.5462400306521713,1.1240951039233311,1.1508453584609317,1.01637147423582
2025-04-08,0.5189483843148833,0.8058331706285663,0.5462431730023344,1.1237167976425926,1.1519893664836727,1.0196070756108526
2025-04-09,0.5419653065765232,0.8482418343459606,0.5558760603917654,1.1467603427201403,1.1813211379379205,1.046148343798287
2025-04-10,0.5443966354666268,0.8640950235880723,0.5553506611823666,1.1502619659001962,1.1826297691036765,1.0440926769226833
2025-04-11,0.553182836686315,0.8669676139320622,0.5560619889501192,1.161160934537058,1.1675342191177942,1.0471643507367978
2025-04-12,0.5551797158537028,0.8743556729146564,0.5576506932031677,1.1752533379771017,1.1744030802330836,1.0528327665281618
2025-04-13,0.5562042695836985,0.872846656492807,0.5590672108910149,1.1751849657014208,1.1747599908974256,1.0534215528166304
2025-04-14,0.5547892173371308,0.8712449348384679,0.5580660681912085,1.173930987287261,1.1689833814166493,1.0469423580090045
2025-04-15,0.5486585324338858,0.8580578794454298,0.556033509453011,1.1578837413429195,1.1191457486624308,1.0322545981843971
2025-04-16,0.5487850754898851,0.855288656918039,0.5560886173123389,1.1599485361808477,1.1167041273804414,1.0325145939006617
2025-04-17,0.5427286860293439,0.847757578734399,0.5552782045387151,1.1582607486364631,1.1160222602793257,1.009572335457296
2025-04-18,0.5425891297042512,0.8441053760076757,0.5545137639028248,1.097192879481218,1.1160286505618906,1.0078954985391138
2025-04-19,0.5396896441701269,0.8444064276911355,0.5497106979263722,1.1000858091682288,1.099696388583742,0.9910046425048988
2025-04-20,0.5392593186644721,0.8425206585281726,0.549750970941503,1.0979265372725426,1.094539517550962,0.9910359556160221
2025-04-21,0.5365926566535366,0.8414364802125337,0.5491509312370558,1.0950171302788114,1.093349753231055,0.9869922682433468
2025-04-22,0.5518426199722217,0.8715194706615952,0.5539046189092854,1.1086666450491514,1.1009508766084861,1.0172610564209774
2025-04-23,0.5518603510697038,0.8704237561179146,0.5551365658272803,1.1092934617647032,1.1005730737404815,1.0163483377699125
2025-04-24,0.551527433725496,0.8705450141766158,0.5547018927748584,1.1096392109991235,1.1005743728590893,1.0180116802244044
2025-04-25,0.5517744661246627,0.8708845162004323,0.5543279595579057,1.1091192989892162,1.1005938029168911,1.0175726520684947
2025-04-26,0.550362638459445,0.871659489169643,0.552323199168835,1.1028322781430602,1.0996307854173784,1.013901197130515
2025-04-27,0.5505561680952675,0.8716931212269612,0.5509967706880686,1.1022211036104514,1.1010229482294787,1.0140133393199673
2025-04-28,0.5511488636758057,0.8702229068903017,0.5485198193078672,1.100690419878754,1.1019080934874703,1.0108093615966047
2025-04-29,0.5491391909127186,0.8695389748878681,0.5482664652519353,1.1005730640091997,1.1026985515312837,1.0103946620752422
2025-04-30,0.548718236528885,0.8640523868678454,0.5473715769179172,1.0964941149841871,1.1023006356965186,1.00867215826569
2025-05-01,0.5494150992184679,0.8650940999586804,0.5473688674062049,1.0969110927545183,1.1013861396995839,1.0147212392946607
2025-05-02,0.5484002270937951,0.8590744092204466,0.5425948778482778,1.0852976580762153,1.0966681804967784,1.0077525010348163
2025-05-03,0.5455896458265618,0.84464276814318,0.5311813440124841,1.082031271923695,1.0752206942320608,0.9725471653924438
2025-05-04,0.5414119179620709,0.8446361719928648,0.533051480681297,1.0744343374538887,1.0711636252271155,0.9646362218868272
2025-05-05,0.5367980100552316,0.8392817889439171,0.5126092148048335,1.0721852844045414,1.0634982435109925,0.9533710606879199
2025-05-06,0.5381395754179131,0.8377354681136504,0.5127010438721548,1.0676723906242553,1.0572766253371988,0.9526091793284348
2025-05-07,0.5381530508743076,0.8351418794247025,0.5126607861380638,1.065879900444625,1.0565642070582186,0.9508576068466194
2025-05-08,0.5525281628212331,0.9280860688162315,0.5193720073963074,1.0894509987141527,1.0706147210390442,0.9950101010785567
2025-05-09,0.5525677877576762,0.9364980106093191,0.5189345423495204,1.0914650163039,1.0705471506059294,0.996338782081551
2025-05-10,0.5536205070146266,0.9570723658139715,0.5189271960880231,1.0931256910385816,1.075656377054204,1.0755794544621877
2025-05-11,0.5535155588564167,0.9582023843421068,0.5204603182788532,1.0943216347731781,1.078879174015638,1.0856757987860672
2025-05-12,0.5530161925089113,0.9572997442906378,0.5157921410527418,1.0941957546151555,1.0886250928082384,1.0855573832527112
2025-05-13,0.5519298259449378,0.9626522004713953,0.4884657158796342,1.0996725302713093,1.0879324761559108,1.0852924710115308
2025-05-14,0.5513872833248064,0.9630075986492311,0.4804089654323364,1.102171434892375,1.086046818426389,1.087244844789393
2025-05-15,0.5511319896052583,0.9633763812082203,0.4801777397416597,1.1040119150181855,1.085484431589036,1.0908869433917643
2025-05-16,0.5511792763373685,0.9631291813910433,0.4803624504828109,1.1031539814198643,1.0852915726320138,1.0910719801760274
2025-05-17,0.5503199151888396,0.9640959352919733,0.47967084221032796,1.1014728798991205,1.0852549909143294,1.0917069698000774
2025-05-18,0.5537636821831836,0.9621980684222495,0.48095073686997797,1.0988708019466111,1.0861765017619744,1.1036935941037556
2025-05-19,0.5540745729644381,0.9611362130434062,0.47731963503008007,1.0973698382074806,1.0843674402108654,1.1049340856330265
2025-05-20,0.5542147270025051,0.960530679574557,0.4770456887889384,1.0975630510955288,1.0759166878606568,1.104684943063081
2025-05-21,0.5555289005793002,0.9606307501093829,0.4822347953644,1.0959756527459197,1.0759674978714635,1.106952750404608
2025-05-22,0.5546095749450488,0.9631657801839735,0.48292908867884093,1.095033796391773,1.0729153609489468,1.1044789340861594
2025-05-23,0.5608900881209602,0.9661144294016341,0.4869344396879524,1.0964035921232913,1.07887990585544,1.1166790372085527
2025-05-24,0.560854899348158,0.9651631749775138,0.48712075467585303,1.0954691151368037,1.0793435241639433,1.116307273471076
2025-05-25,0.5513533530084368,0.9370996674581246,0.4659986134922924,1.0395952021391772,1.0504926287702028,1.077961107488802
2025-05-26,0.5470454188020105,0.9370288198875476,0.46529837135599583,1.0392265569460932,1.0501530558660652,1.077948086427361
2025-05-27,0.5362626057988111,0.9301105714474199,0.4648108551616392,1.030445872310275,1.0442121863853844,1.074956590099252
2025-05-28,0.5369256021075297,0.9297703274091068,0.46423841978387287,1.0316418424111469,1.0449235050644599,1.075559381942427
2025-05-29,0.5387880614768252,0.92836525579244,0.4616927860977116,1.023768748777773,1.0440723630367028,1.0759024298866633
2025-05-30,0.5387589166237917,0.9317111543733627,0.4613332167731359,1.0304711421397816,1.0476594320677348,1.0953956318340665
2025-05-31,0.5074720250184814,0.8958563054026454,0.45853278457443186,0.9305528417381618,0.8607346104070174,1.0536697337712644
2025-06-01,0.47315813446778715,0.8356667688893462,0.4283663481357203,0.807331865938622,0.753021300689619,0.9868795288771505
2025-06-02,0.47272170942171815,0.8369698779201619,0.4278491173520316,0.8066752231643496,0.7509816712210727,0.9870019483786339
2025-06-03,0.4674172383360481,0.8348996928128046,0.42564879782386494,0.8067711424754415,0.7513633643808829,0.9855102845918083
2025-06-04,0.4673417736335003,0.8340021495872487,0.42557782939374234,0.8060709266170399,0.7476949835715017,0.9863950262272745
2025-06-05,0.46596166499174474,0.8470175538033913,0.43605933522509654,0.8134273390009106,0.7344052568712343,1.0041494988476285
2025-06-06,0.4683983521585627,0.8466281687435168,0.43690683581821127,0.8140319994833043,0.7356925247043371,1.0065248331515586
2025-06-07,0.44791622180021523,0.8281276105908439,0.41501670490252357,0.7977660727453646,0.7161012481998845,0.9712846046491181
2025-06-08,0.44379105979960043,0.8111376556667554,0.4050348540428873,0.7858021375123875,0.7113080131805792,0.9546777858648098
2025-06-09,0.43891269614789485,0.8189824017322652,0.40053648443234674,0.7851961356509577,0.6983980870604312,0.9523586985809255
2025-06-10,0.4387950342394621,0.8238138899243126,0.39621993938357214,0.7862560822938889,0.6957795345226426,0.9485492586674447
2025-06-11,0.43480632317001144,0.8229687042228846,0.3955668877788785,0.7861740907494293,0.6964762007464357,0.9462460995962441
2025-06-12,0.43445529787599574,0.8285055240898863,0.3969778196099,0.7792844086784279,0.6941722030016723,0.9519999327992478
2025-06-13,0.4344486866190807,0.8301611660029685,0.3826343725395422,0.7803829935470755,0.694482576681916,0.9509419395532089
2025-06-14,0.43214165860009507,0.8292315623993399,0.37925523090876684,0.7673681200888243,0.6896292631837502,0.9467804951020852
2025-06-15,0.4311319943853787,0.8285090933843515,0.3670371151233281,0.7747405628795119,0.6889391582427398,0.9453947538035632
2025-06-16,0.4299035280704845,0.8285574246458672,0.366872518077191,0.7740689525410624,0.6907742701928644,0.9438518919859672
2025-06-17,0.42229286229957375,0.8203036053138303,0.3657165155438296,0.7602982005192506,0.6580206432022031,0.9374080054088282
2025-06-18,0.417004140766893,0.816673099079994,0.36397087345283224,0.7507593371843213,0.6524034809373577,0.9323471655495024
2025-06-19,0.41702873913859745,0.8163655642938211,0.3636779252509613,0.7507098545830995,0.6509216335497278,0.9319589114105575
2025-06-20,0.4180630630216494,0.8223088393323397,0.3628408168693986,0.7573722067356655,0.6521581311009981,0.9377649502521386
2025-06-21,0.4160709616570059,0.8279701886376398,0.36495119864416115,0.757737166029421,0.6513605651821217,0.9407991394091243
2025-06-22,0.41587476979748883,0.8272292311508077,0.36489857364460865,0.750028207387145,0.6525572085697671,0.9336806865076596
2025-06-23,0.4238564108857172,0.8420410227228552,0.3728062203583072,0.7724179927899653,0.6675308565339749,0.9440657218872005
2025-06-24,0.42368803449788567,0.8403074841544311,0.3708638638575129,0.7672032497235164,0.6632176512115276,0.9432201730413172
2025-06-25,0.42411676527307374,0.8407546679055606,0.36573722348495796,0.7678101128828874,0.6631963949617693,0.9422862894954006
2025-06-26,0.4182744663945861,0.8327814967824477,0.36146558848430704,0.7584591097116412,0.6569113380194683,0.9375606789790456
2025-06-27,0.41545491213832536,0.8288593087088442,0.35708889027516355,0.7553020111208607,0.6544536347871877,0.929753365409591
2025-06-28,0.41527660389740506,0.8283543545992641,0.3571409477657435,0.764128413810409,0.655699606596897,0.929645992123999
2025-06-29,0.4155031353054604,0.8295762316232254,0.3575174396603381,0.7646709664875807,0.6543451037420168,0.9323266236654898
2025-06-30,0.41250418981315007,0.8256027317963093,0.3570216835511392,0.7642391710389114,0.6532829110040385,0.9296258148107832
2025-07-01,0.40801709127766117,0.8191125799405581,0.35165494037464035,0.7558903445841926,0.6462142528322316,0.9263148304944493
2025-07-02,0.41142428045900586,0.8287922088910049,0.3538117345044477,0.7588366907047758,0.6473708780941658,0.9359664980278911
2025-07-03,0.4113637029450327,0.8287938324376249,0.35363090859192664,0.7535517135475901,0.6447265080508954,0.9304790718525755
2025-07-04,0.4126576456115407,0.831835575921361,0.35471752055398714,0.7551886428736109,0.6455051853888593,0.9365787272937433
2025-07-05,0.3902059280348222,0.783760925774697,0.3278317033336187,0.7074479889636811,0.6054967076178609,0.9022278039474747
2025-07-06,0.3902027322783607,0.7830230552816125,0.3282177731688903,0.7091409819387531,0.6064630186240781,0.9067788199015622
2025-07-07,0.3824065334892453,0.7747680285331324,0.3283010852187878,0.7097365180302564,0.5951037193996888,0.902132962455571
2025-07-08,0.35032912232968244,0.7374948195573717,0.31318862019989807,0.6686410886556838,0.5330539055013142,0.8704167395052295
2025-07-09,0.3424615519367807,0.7177340664661812,0.31340524211849163,0.6617101917649396,0.5306762844034348,0.8725100461079827
2025-07-10,0.34011737243529605,0.7255889910210728,0.31611153860575164,0.6519037551406649,0.5398818162380521,0.8822155653183962
2025-07-11,0.3386135660154075,0.7207863618882888,0.31423982833997927,0.6305025331196238,0.542095784675261,0.8794855576177193
2025-07-12,0.335902326162943,0.7176259877191125,0.31093917921388015,0.6280198127984445,0.5403412440621318,0.8779655800847797
2025-07-13,0.3363245439090965,0.7173988799880509,0.31125737633608086,0.6279178052079788,0.5441233260983378,0.8762094771179759
2025-07-14,0.3349556137515954,0.7151805723302773,0.31076998478287265,0.625305850757694,0.5475403072360419,0.8735595188477148
2025-07-15,0.3377462014761526,0.7176820345962186,0.310681078287714,0.6207941472451831,0.5485758250218176,0.8735866956310238
2025-07-16,0.33751840967417074,0.7291557235816407,0.313895280973672,0.628720810647935,0.5528711013924131,0.8826611012043845
2025-07-17,0.3369906740433164,0.7304669725117224,0.31531140315923917,0.6287887335630935,0.6131927865133987,0.8836861717462996
2025-07-18,0.3381622241967476,0.7306949284365497,0.3159981287264574,0.6237023265649482,0.6151821529359746,0.8959757405129511
2025-07-19,0.3382408595699869,0.7289630325144741,0.3160254766890067,0.6227983348548832,0.6148782019132374,0.8960454692828063
2025-07-20,0.3352599661506475,0.7319245286075614,0.32134299521137477,0.6238786347981976,0.6148910315908697,0.9275536192063654
2025-07-21,0.31036290379207815,0.7052439224137199,0.31523602811662277,0.6187727069696528,0.6065862708954957,0.9015248149822901
2025-07-22,0.3127519924908412,0.7051736443115912,0.3152839884040767,0.6254109168774723,0.6066354452572711,0.9015715386106209
2025-07-23,0.31380887860910595,0.7083817170496287,0.31624286760638975,0.6487833921110373,0.6484540727796569,0.9339186985682657
2025-07-24,0.31391874335897385,0.7089005581588783,0.31676725332579847,0.6525919910406088,0.6485878265188908,0.937190961856498
2025-07-25,0.31435969618054654,0.7085071769202606,0.3178792914576297,0.6531591022787678,0.6486656496491178,0.937789916380783
2025-07-26,0.3134484036178828,0.7068153509175593,0.3176504726682957,0.6532940325458957,0.6469643940422616,0.9372915640000168
2025-07-27,0.31334355477800735,0.708747605074129,0.33909055745608313,0.6542200568106529,0.6473766052631101,0.9380365944807385
2025-07-28,0.3138902728530378,0.7106638942293858,0.3427491129629942,0.656965259476882,0.6498110743216102,0.9456608803250923
2025-07-29,0.31389229015386433,0.7106071432683206,0.34681759312784044,0.6572550266324806,0.6478306636958496,0.9454009423620734
2025-07-30,0.3107994363989347,0.709885408924021,0.3485866504760562,0.6576015499834003,0.6483342765147384,0.9418688569070814
2025-07-31,0.31336850032478253,0.7138756426247798,0.3501147737909047,0.6597822206268632,0.6507073145512389,0.9471945538750747
2025-08-01,0.31591581820297737,0.725845907253594,0.35773760033425633,0.6698955805353637,0.6519258319960375,0.9488691513365052
2025-08-02,0.3141611161319747,0.7279981346636818,0.35937463597888925,0.6709644536360411,0.6662400952043134,0.9526920645596463
2025-08-03,0.3151511937009805,0.7294480316052163,0.35943685081841215,0.6712861984091719,0.6762780103419875,0.9558678827082528
2025-08-04,0.3127456951703227,0.7375216956306307,0.3615999839076746,0.6772783990784119,0.6803084816601201,0.9622023530346085
2025-08-05,0.3133919010742985,0.7410920371956241,0.363902842995693,0.68078820574124,0.6842463271770793,0.9682740298101958
2025-08-06,0.28850086920328916,0.6324427071061343,0.35606775373873484,0.6455086231865589,0.6613243971912236,0.9270051103104944
2025-08-07,0.2912110435882175,0.6322001076646665,0.34107317434896717,0.6434725416252539,0.6921926287618968,0.9381211166709846
2025-08-08,0.2897892314091974,0.6057866539343917,0.3409948611415586,0.64097423267871,0.6855115437329908,0.8497457932832203
2025-08-09,0.2894197167502633,0.6125946574892108,0.33832558696407367,0.6396390096148097,0.6804814144954414,0.8391224205909221
2025-08-10,0.2915787358775516,0.612211130680313,0.33795127742765746,0.640214801858454,0.6666384262910259,0.8407403534257013
2025-08-11,0.29101923836247817,0.5980470088115828,0.33799838433987284,0.6372471354840908,0.6674222958541325,0.8428953442672558
2025-08-12,0.29143124175368695,0.6149859738483139,0.3413597559535117,0.6592230219270626,0.6718023307513015,0.8490477785460921
2025-08-13,0.2955461470257072,0.6144361453073932,0.34275080658832247,0.6601927254784538,0.6567242743082883,0.8436238155408415
2025-08-14,0.30807813569438414,0.6223938393612242,0.3429009584860234,0.6667485259570832,0.6695529271376479,0.8631201883975242
2025-08-15,0.3085362332313476,0.6222193247271762,0.34363984835333994,0.6706529210499677,0.6689688876701372,0.862050150301923
2025-08-16,0.3022974714682834,0.6225490343066665,0.3427783225959568,0.6663440018196577,0.6665921021264961,0.8460259915351116
2025-08-17,0.3016983779343848,0.6225221428040949,0.34424742587701174,0.6617316643886352,0.6652374527890862,0.8430713436852936
2025-08-18,0.3017258105958325,0.6282285063974887,0.3451959237052717,0.6675214182607528,0.6651203948378843,0.8495754253720976
2025-08-19,0.3034906910368019,0.6406506908126826,0.3442043941671009,0.6694785734778684,0.6795982404091894,0.855468861683544
2025-08-20,0.3022129865943882,0.6461976248705706,0.3575035172807893,0.678343035902254,0.6816455139905332,0.8577208365721538
2025-08-21,0.29274468943144727,0.6382950851606756,0.35292163035576374,0.6804775969659794,0.675082328708326,0.8423079494489595
2025-08-22,0.3025898241058099,0.6886475620353805,0.37696121082327605,0.7134242072175452,0.6903976922167187,0.8730531525748126
2025-08-23,0.3030805344115655,0.6896348374388749,0.3804509579494381,0.714097282842686,0.6907775548099486,0.8738408218554896
2025-08-24,0.30506884131519757,0.6897509064224577,0.3806515791434435,0.7141271085127068,0.6902961829420678,0.8746996921627659
2025-08-25,0.3111105432894409,0.7130689385191226,0.39051197339099986,0.7403358472922125,0.7007614006140805,0.8979495053686084
2025-08-26,0.3117316070883368,0.7186670522219362,0.39408262222843704,0.743742123032383,0.7066425477893914,0.9007413761497455
2025-08-27,0.30897114962108463,0.718920420564114,0.39280839822472297,0.7436455752611761,0.7067677374949761,0.8989694138817733
2025-08-28,0.30805466394657893,0.7132085982890348,0.3890261172561039,0.7383923939147131,0.6992292267594924,0.8746163476517286
2025-08-29,0.3176280645342897,0.7176984403188369,0.39036329826538474,0.7447152912019047,0.7073018381984079,0.8801503543818965
2025-08-30,0.31711551184867154,0.7177155933648491,0.39041379292071504,0.7452328216085358,0.7073343152782023,0.8802613417253117
2025-08-31,0.3172942363030141,0.7165127611631846,0.39061909616007356,0.7455197665423995,0.7081837304664396,0.8804791924645304
2025-09-01,0.3176395616440397,0.7177363475014427,0.39164887977349616,0.7460625403409502,0.7073240981130323,0.8807191099191009
2025-09-02,0.3193242467745922,0.7177597176694124,0.3917524531442591,0.7544466965467792,0.7092518957711176,0.8797518602526916
2025-09-03,0.31283763421171484,0.6990399180700799,0.37887008185825344,0.7431812602170598,0.7012957292834531,0.8586491367411845
2025-09-04,0.308938452678287,0.7030105729335603,0.3795856440804305,0.7475505717946478,0.7002635306293724,0.8580706743829325
2025-09-05,0.30807734622586425,0.702528919389057,0.3792106940342544,0.7471930491766927,0.7002438622727452,0.8568049826497036
2025-09-06,0.3082184648182983,0.7026879127104534,0.3796895081103503,0.7477543173368228,0.6960729757847702,0.85696679236014
2025-09-07,0.29691876063902234,0.692094818803044,0.3799739379535291,0.7422093618183148,0.6960793454699632,0.8572573518160317
2025-09-08,0.297380614735835,0.6862490397117732,0.3797038222339849,0.7441471964150073,0.6983597488457363,0.8632549818791152
2025-09-09,0.29596465220963974,0.6849963576927907,0.378918791387216,0.742246483585168,0.6976143896040172,0.8611098481653013
2025-09-10,0.29340806585926754,0.6766225822038212,0.3769995481697923,0.7346331978486564,0.6933052991701608,0.8512560365575779
2025-09-11,0.2944213628606624,0.6749723612818614,0.3771935323531459,0.7329590575245629,0.6923659262652513,0.8547649799832606
2025-09-12,0.29415934300180296,0.6802094652510149,0.3775299050843304,0.7375611157112003,0.6930841284950426,0.8654501203495671
2025-09-13,0.2941845559166431,0.6810342441657011,0.37769609476287713,0.730474971996457,0.6928938146298014,0.8690233204708195
2025-09-14,0.2937364055919021,0.6820497872816236,0.3784384461810238,0.7300761776905637,0.6936763842322645,0.8728428431084159
2025-09-15,0.29027589787444813,0.6826033343616799,0.37878388369756577,0.7303622356004771,0.6896289760787333,0.8752492523371392
2025-09-16,0.29113973793060804,0.6829969411254396,0.3846205966578894,0.7299426743614583,0.6899066635269154,0.8752349654901302
2025-09-17,0.2911792392571286,0.6833153649893168,0.3895016008919431,0.732017058725136,0.6901659276331372,0.8789983732907031
2025-09-18,0.2898379149899627,0.6748610465047252,0.3900337783517884,0.7237851124790857,0.6884390463045985,0.8722487778860023
2025-09-19,0.2900106012757261,0.6692715351717391,0.3868176058909212,0.7244808832892409,0.6885575625963084,0.8720649876192815
2025-09-20,0.28885080992278533,0.6649863642307079,0.3980577038865325,0.7211573078024656,0.6866778114215133,0.8703594508218832
2025-09-21,0.2767874133518883,0.6495056248711171,0.3922057909121118,0.700631983404926,0.6745369453381133,0.8599515832450543
2025-09-22,0.2805592168727725,0.6617985395829244,0.4099783314416492,0.7164909565230313,0.6799148962497391,0.8759045077273464
2025-09-23,0.27993634446044874,0.6613950365397442,0.41160067199831435,0.7192049287706515,0.6803369487783422,0.8766966792537283
2025-09-24,0.2806996128882079,0.6614789351027927,0.4110391812461256,0.7158572346604486,0.678386304717386,0.8745759869773089
2025-09-25,0.29172085644949014,0.6786809447089687,0.44079736685587023,0.7416758328326951,0.6914427115951027,0.890324632560605
2025-09-26,0.2919193213569579,0.6822744207442348,0.44139351353498374,0.7427950345621751,0.6909558916523714,0.8933136309579253
2025-09-27,0.2912653789782847,0.6812242586742298,0.44132186882833513,0.7426428934419325,0.6908922237072838,0.8913450012437558
2025-09-28,0.2938711056572642,0.6826966567928975,0.44327512096728927,0.745405036317885,0.6916596072658535,0.8907520596922505
2025-09-29,0.2947420902182872,0.6785444851860516,0.4457935056751817,0.7366939330850248,0.6886085226714502,0.885493994880816
2025-09-30,0.28895923431371445,0.6688561995515607,0.4477459184894332,0.7352896699231404,0.6873686346958765,0.876627754687045
2025-10-01,0.2989847562132389,0.6742878190815325,0.4485019612032799,0.744650900277206,0.6902988153714207,0.8853279386917012
2025-10-02,0.29885054557182505,0.671583180912958,0.46024843780780744,0.748276506885812,0.6913307491909976,0.8820859472292754
2025-10-03,0.2999587950588757,0.6715530998530981,0.4885326510903235,0.7486536629588838,0.6912934066628389,0.8829765893195444
2025-10-04,0.29952736502472604,0.6713218461324612,0.49493312215764657,0.7489857335430764,0.692230152611072,0.8815800733128717
2025-10-05,0.29922664416227623,0.6704112236612132,0.49484468427749073,0.7473534782080387,0.6922227205432958,0.8797652708001622
2025-10-06,0.2995202215976076,0.6717874558323897,0.5012559464176058,0.7472050471115294,0.6916287324576434,0.8843119244419866
2025-10-07,0.30230575608151883,0.673935019389929,0.5143537267817101,0.7541518358738966,0.6946825249295642,0.8929071769677517
2025-10-08,0.29220229820249194,0.6637903682557172,0.5131635852394564,0.7530753898949091,0.6854645895527185,0.8825284744066353
2025-10-09,0.29247720531459415,0.6686978519698435,0.5221121560123674,0.7569117092399609,0.6733473432118097,0.8830216360749159
2025-10-10,0.330333825239571,0.7223361190406942,0.5896364494366789,0.8240362312415896,0.7531560482522908,1.0183771347420418
2025-10-11,0.3310965258953063,0.723920193348234,0.591552558378813,0.83309131855781,0.7496540540327544,1.0220016065378321
2025-10-12,0.34004378726810525,0.7512251522257317,0.6483185638623891,0.8582288502564829,0.7546726214547869,1.0467456374637019
2025-10-13,0.3382873733274448,0.748342253495793,0.6487663654432492,0.8653170843021999,0.7569856464910939,1.0484850277883055
2025-10-14,0.33995705297937234,0.7377807430331048,0.6651488412030973,0.8606570328498938,0.7562338949401022,1.0441073460530197
2025-10-15,0.34209153431569933,0.7391061004517435,0.6708098841917671,0.8651171717526354,0.7050741365334708,1.045846195020144
2025-10-16,0.34457723425367276,0.7397906398374476,0.6719202109137649,0.8704978322185757,0.7071328644682026,1.0363947518320302
2025-10-17,0.345981609861854,0.7402248299061225,0.6871870659896925,0.871100297489567,0.7072897161724008,1.0356382696290625
2025-10-18,0.3462853487958512,0.7353512882159009,0.6856378807666398,0.8717894087381279,0.7099012163803843,1.0038788106110383
2025-10-19,0.34749597922725745,0.7368498863972209,0.6858473637311026,0.8581538325185458,0.7078959484425622,1.0061427522053248
2025-10-20,0.346425156689746,0.7367880544537972,0.6848239152914393,0.8523239390097902,0.7141392952228233,1.0076256400290404
2025-10-21,0.34817387970501806,0.7359569153483658,0.6896708461384321,0.8370915773950109,0.6834670618667131,0.9818295003785044
2025-10-22,0.3483311642141706,0.7356478541282631,0.6896022702236826,0.8363045913853927,0.6845330412752558,0.9802348360180406
2025-10-23,0.3515360873260341,0.7360652632424618,0.6952279095319625,0.8441407571715122,0.685257410101923,0.9809195952340956
2025-10-24,0.3519540122347554,0.7370900629026645,0.69626428811354,0.8441798440804419,0.6923624479943318,0.9814574720971938
2025-10-25,0.3511645296314387,0.7339173440995019,0.6861281075700886,0.8432359683221144,0.6943248182415118,0.980261437657849
2025-10-26,0.3544992320762397,0.7397538606790477,0.6846602286888072,0.8432950025674577,0.692222169438756,0.9772874833375402
2025-10-27,0.35457214125413694,0.7400280190299535,0.682500914680895,0.8431978207864981,0.6922112991542991,0.978479324798964
2025-10-28,0.35517550356703514,0.743478539859807,0.6852508014215902,0.8434774035412594,0.6922961099183166,0.9801965423583899
2025-10-29,0.3571448232355869,0.7420395025131707,0.6843943290680308,0.8408630925693598,0.691857024433624,0.9757167497228815
2025-10-30,0.355906563828603,0.7341771306493602,0.6828401695642761,0.8386876323266556,0.6961781435854449,0.9774569314375555
2025-10-31,0.35653648439823,0.732174843090238,0.6798685065905087,0.8371208973160168,0.6861971471451688,0.9730628455734815
2025-11-01,0.35537131293788976,0.7299669859769236,0.679134570123171,0.8362304288233048,0.6738806816624454,0.9696800661977837
2025-11-02,0.35513307582953724,0.7194913919371763,0.6786750785129525,0.8314706027721055,0.6685525477602428,0.9626113697150561
2025-11-03,0.36216483671297267,0.7354159530162259,0.7013514416343887,0.8654515180430453,0.6881819806618845,0.9809178085345867
2025-11-04,0.3744835013344678,0.7572291343208475,0.711542155885344,0.8750480286571624,0.6932308038575526,0.980922553114512
2025-11-05,0.3749807621204211,0.7519156057446316,0.7114477652615511,0.8758771196701604,0.6706072534809125,0.9688466730674784
2025-11-06,0.3777777675092445,0.752503896488283,0.7117786231403752,0.8800982259900952,0.6790416350690922,0.967493721844455
2025-11-07,0.3801454447442678,0.7456072179888966,0.7162656610660841,0.8834281593881377,0.6857147036454982,0.9862310302320493
2025-11-08,0.3769998121207163,0.7457689848950413,0.7160946615192066,0.8839500579003052,0.6857415444018666,0.9854799738259645
2025-11-09,0.380270219529241,0.7537703023758433,0.7160553585140765,0.883735646108733,0.6893375120030303,0.9814143642882328
2025-11-10,0.38028464554196745,0.7335260861549864,0.7133816277275133,0.8639363957267967,0.6968475319202428,0.9737313157199574
2025-11-11,0.37993186205932944,0.7340677318088268,0.7163733202976595,0.8714753634365588,0.7045406785544622,0.9758212104757973
2025-11-12,0.3721283034320681,0.7295703800261196,0.7161995823683438,0.8671417149215132,0.6945835465174113,0.960200580731216
2025-11-13,0.3736387995689669,0.7359101629456101,0.7177785230619281,0.8718721590228935,0.6963766906134453,0.9613499125512784
2025-11-14,0.38729029968198636,0.7390957372833112,0.7179319880153419,0.8739096146510313,0.6987357176842797,0.9634763563977473
2025-11-15,0.388133373024035,0.7397422796230246,0.7178032994718572,0.8738037608632883,0.6987226346376116,0.9658762663316688
2025-11-16,0.38854362866340697,0.7378541285065812,0.7176132514837852,0.8705743110475225,0.6987734713230604,0.9621958278199637
2025-11-17,0.38673327429030147,0.7308133690019806,0.7166845714592612,0.8721468678534674,0.6876601799715664,0.9581964718941868
2025-11-18,0.3861705414354794,0.7218794200239389,0.7109161111940148,0.8745025325104119,0.6864267803584786,0.9593297807614488
2025-11-19,0.386117105670679,0.7227445080838623,0.7117011758701628,0.8722790399676232,0.6899820197573602,0.9612963438603782
2025-11-20,0.3915214339234714,0.676845493092796,0.7012906301273725,0.8439297466920337,0.6785129000074241,0.9335111925499174
2025-11-21,0.39210076571228475,0.6777915512293163,0.7050520616036247,0.8454486978807711,0.6796742572032879,0.9396032190388801
2025-11-22,0.39113041261419457,0.6778415423482769,0.7050703081851146,0.8449857973134326,0.6797275142191437,0.9392728060327772
2025-11-23,0.3911317391056131,0.6576829311045856,0.7000642498644721,0.8265955017813578,0.6799741763224416,0.922285463504234
2025-11-24,0.39150007961457556,0.6585738364131876,0.6994879198334516,0.8302474409532852,0.6932500392666644,0.9233507466228118
2025-11-25,0.3918120943623538,0.6579385073660848,0.6992191184761564,0.8265172027467389,0.693069555286985,0.9235724134398222
2025-11-26,0.39809433067310707,0.660112176363246,0.7011441515765566,0.8204746820174426,0.6935287723367002,0.9222693366320939
2025-11-27,0.39214408628151765,0.6573513139717128,0.700683898433125,0.8167177321094651,0.6869002554663699,0.9182048192209498
2025-11-28,0.39200070155760663,0.6574632264359707,0.7009727805912421,0.817692219705968,0.6870108467099914,0.9181492940050565
2025-11-29,0.39194985571637136,0.6575457984965105,0.7016857533551418,0.8176946202650104,0.6870141447662087,0.9182017557242763
2025-11-30,0.3913422544203616,0.6570435820782601,0.7011020130330412,0.8177893553689796,0.6879908208362835,0.9183067212641725
2025-12-01,0.3990285758473334,0.6687546309110286,0.7104809403380556,0.8126392819660224,0.6927679271435863,0.9279533414974935
2025-12-02,0.416180333091901,0.6814967269790696,0.720340964692638,0.835202763110558,0.7042215893276207,0.9394220283781249
2025-12-03,0.4191199092283367,0.6916414611896708,0.726477035903706,0.8371914835199991,0.7051675136969007,0.9413250910490698
2025-12-04,0.41988861225625457,0.6921256178585343,0.7279266527652817,0.8401457238229824,0.7105705749885479,0.9407424332974699
2025-12-05,0.4237093101676692,0.6951999558929444,0.7285120507519844,0.8432768557941752,0.7125704966105466,0.9461339714505174
2025-12-06,0.42313584780102864,0.6950568738945213,0.727324396194972,0.8402911389288203,0.7104241368248514,0.9376313405101449
2025-12-07,0.423713988015539,0.695368316185308,0.7273602807982759,0.836036484500682,0.7070533139385098,0.9295855485302891
2025-12-08,0.4238089308092055,0.6970732008779875,0.7273722315477501,0.8354925306990876,0.7079290347880836,0.9321053213163765
2025-12-09,0.42401919213591227,0.708394061977411,0.7267045402764196,0.8360641982582145,0.7083511352635433,0.9347275457058309
2025-12-10,0.42293848899104,0.7061928212465437,0.7264710490310062,0.8344799781400949,0.7089323875551035,0.9310095849039811
2025-12-11,0.42298806899537833,0.697538941243683,0.7249759518111044,0.8247325029674655,0.7069891211771449,0.9171558052326627
2025-12-12,0.425296785654964,0.7030921354689779,0.7247399093055844,0.8260600961887489,0.7069430423608608,0.9104757069713378
2025-12-13,0.4252854762183324,0.7034384477219043,0.7254728482577327,0.826447254503096,0.7055592706836235,0.9093691221902619
2025-12-14,0.4272125723074088,0.7033536571316613,0.7266535207083609,0.8269704199073596,0.7063628558325649,0.9095040966706854
2025-12-15,0.4273991574392597,0.7056752273745397,0.7235091557620521,0.8262477256820908,0.7092440136059964,0.9104587822821171
2025-12-16,0.42924942488150414,0.7039894209478762,0.7209543871646326,0.8230832963465113,0.7094046892026163,0.9051726174465451
2025-12-17,0.4300189808748545,0.7084262075028465,0.7245456451511297,0.8260724810583246,0.7119819644011858,0.9076683683790752
2025-12-18,0.42975510901683833,0.7071739650065433,0.7250127391008674,0.8252129043876718,0.7123180918757078,0.9054922578013668
2025-12-19,0.43497344379303415,0.7163061254285541,0.7175612201518202,0.834289624537996,0.7225882196928851,0.9222646005935213
2025-12-20,0.4351131039378358,0.7163170097309326,0.717455278700827,0.8342008892110312,0.7234273959426095,0.9215945966738429
2025-12-21,0.4334324934224805,0.7087129341804436,0.7098703250415914,0.8246998645048428,0.7197923532762296,0.9104249454993775
2025-12-22,0.43340773322418874,0.7087597189659255,0.7081118526615973,0.8230042143665905,0.7197798020402578,0.9108739539473799
2025-12-23,0.43292060093858536,0.7091207910915798,0.7086963221504183,0.8232164814340377,0.7156449858750126,0.9104193543268407
2025-12-24,0.42679133074358355,0.6964243071740378,0.6934707167518527,0.8038620024951095,0.7053716956567059,0.8987498617167654
2025-12-25,0.4264833009340453,0.6912804830877469,0.6936529862484734,0.7925546402806255,0.7047374827456399,0.895795516547599
2025-12-26,0.42653834311135913,0.6916951961450063,0.6935594971404646,0.7940221902392088,0.7046341363629823,0.89586444466036
2025-12-27,0.4237641737126987,0.6886110170357918,0.6920199477450646,0.7913185702110171,0.7037932713718509,0.8944863247304243
2025-12-28,0.42152779986684424,0.6873168944027681,0.688703574299699,0.7910098082023421,0.7035473699897703,0.894486525018879
2025-12-29,0.42165853708373163,0.6868261438941657,0.6877445651799384,0.7908077701397881,0.7034387804518121,0.8944895591677813
2025-12-30,0.4143940979864725,0.6795514044521673,0.6870758684957391,0.779722126923613,0.6998485508463409,0.8820044141197565
2025-12-31,0.4126790189883798,0.6758295273180067,0.6754083619810654,0.7694765295946826,0.6967009737397374,0.8777237407296787
2026-01-01,0.4125874054887659,0.6761932227911347,0.6503079373407997,0.7711068169903823,0.6985351120294524,0.8943817535601055
2026-01-02,0.4138104006443903,0.6819903763965972,0.6491171973645199,0.7765949766957382,0.7118239881080252,0.9253621375071622
2026-01-03,0.4135997238968921,0.6817475541344725,0.6481591009022599,0.7769054219411701,0.712044009458201,0.9254255436262655
2026-01-04,0.41365439406248167,0.6769291078959424,0.6417812726794935,0.7759280353687504,0.7162192973074518,0.9237025956501516
2026-01-05,0.41478639025342345,0.6725878993262694,0.6281523581021784,0.7725030047459637,0.750461966343964,0.913990406385463
2026-01-06,0.4129981783935162,0.6732463161529841,0.6284940918784645,0.7690684798046151,0.7508066193879961,0.9102654072060546
2026-01-07,0.4150116059753643,0.6741127184988043,0.6248220655493838,0.7687292674204989,0.7587163728686427,0.9102102098919317
2026-01-08,0.3877242931165794,0.6227187408050309,0.5697088530972478,0.7030051560115167,0.6818587116502075,0.7642866449264447
2026-01-09,0.38627341698381845,0.6214892697514749,0.5663081863419943,0.6944410824843219,0.6821537409689314,0.7600269797435575
2026-01-10,0.37738695772739517,0.5836417807877842,0.49004345871775884,0.6597183646137406,0.6707359960239518,0.7232175472869635
2026-01-11,0.37764917995094155,0.5823491253856096,0.490022481222624,0.6509808364871171,0.6676257837444307,0.7196553837158891
2026-01-12,0.37638421375255054,0.580360487638287,0.47203214854286246,0.6488344337087786,0.6634613668897089,0.7150657080912663
2026-01-13,0.3860442803305145,0.5960771330538087,0.4747291222611171,0.6510800348423521,0.6686540915281618,0.7320068803869129
2026-01-14,0.3850786293000548,0.594899486522186,0.47420408278034476,0.6451633159332896,0.6654923023359958,0.7281864864587426
2026-01-15,0.3847154061510373,0.5944515941289644,0.4569742614446425,0.6469375352503697,0.6672563719458204,0.7334813365823237
2026-01-16,0.3843515534400519,0.5935830857073875,0.45530542470938307,0.6447439663575164,0.6646006531987891,0.7313352928181092
2026-01-17,0.3832113830406167,0.5914386748182497,0.45448189833024816,0.6447645167136133,0.6639362717393014,0.7281981758362528
2026-01-18,0.3823429148905476,0.5915560988996572,0.45511486918860616,0.6488727779946115,0.6611978538019763,0.7309990715645301
2026-01-19,0.38095191420938845,0.5919427337419835,0.44876978017357555,0.6504988199610288,0.6589036655660966,0.7299015166328099
2026-01-20,0.39133661790639573,0.6124201555069169,0.4555819497427743,0.6578571310976912,0.6643513597908637,0.7337754775378281
2026-01-21,0.38896804507682686,0.6125246090998576,0.44307387048630903,0.6482513638549658,0.6668949827826668,0.7336844996562885
2026-01-22,0.38842610179272763,0.61090268614597,0.442548513828085,0.6474794918535761,0.6595311454584215,0.7330631227136116
2026-01-23,0.3881164990250201,0.6107542411768856,0.44234822612839925,0.6474085199603581,0.6553367914511824,0.7332526929672243
2026-01-24,0.38385442978068063,0.6009122277011721,0.44015643745192445,0.6432571850417494,0.6537341479896528,0.7258521365189874
2026-01-25,0.3874808613467268,0.607168678552623,0.44219258439754,0.6556278807605599,0.6582877749647443,0.7278011697544737
2026-01-26,0.3897287337144768,0.6102482600595316,0.4398579369326871,0.6623213125484265,0.6631530361092544,0.7278996615556653
2026-01-27,0.38771723051214746,0.6135859549143937,0.44229628307056484,0.6647580301117588,0.6625014705218978,0.731476809388618
2026-01-28,0.38681884503686226,0.6118853561107377,0.43984844568505244,0.6590570966830478,0.6571458142691843,0.7252667986959678
2026-01-29,0.39930280095658577,0.6237750454039395,0.4453888262623499,0.6681441082232963,0.6626018030072498,0.7333111460085237
2026-01-30,0.39903752783647484,0.6281422768216285,0.44547105966527933,0.6681742247986528,0.6668144499914518,0.7331735913130304
2026-01-31,0.4195287933509973,0.6561309155834802,0.4821158193819099,0.698865158360916,0.6732457833194533,0.7601773031183655
2026-02-01,0.4160460257734128,0.6544578604807594,0.4549072192744622,0.6628646021978399,0.6535622824512636,0.7319652433833161
2026-02-02,0.4090266330514515,0.6345929865078501,0.4427841555872114,0.655596148432944,0.6493998923838679,0.7343372208944201
2026-02-03,0.41175310306089474,0.6346177435120056,0.4419879008921686,0.658939745517455,0.6375965119497528,0.7313975751069001
2026-02-04,0.414424348398776,0.6359382581383756,0.4679785754016532,0.6636327342906612,0.6335173133671402,0.7297825389702876
2026-02-05,0.5072929614203351,0.70517817124742,0.5307579759893366,0.7276401621115465,0.7598188546573182,0.7630055364281659
2026-02-06,0.5622836432576159,0.7513067080037313,0.5562415630783724,0.7647313353929291,0.8578477903805768,0.7970518570623206
2026-02-07,0.5602190599829499,0.7429208959100286,0.5562932373467326,0.7589292450596528,0.8558351449836792,0.7955017899688904
2026-02-08,0.5605757644034749,0.7430587593258855,0.556432638906457,0.757385603182328,0.8438696073511768,0.7946385888755801
2026-02-09,0.5585058991705275,0.7396716057643853,0.5530944840036618,0.743281128412605,0.8383399854881906,0.788609694429647
2026-02-10,0.5589368132115772,0.7428639785787138,0.5548307241065517,0.7472328164969761,0.8393083655856644,0.7907083531393936
2026-02-11,0.5597947515063386,0.7395611172009273,0.5537037204595681,0.7440481252175054,0.8387579871238856,0.7884907915218383
2026-02-12,0.551414613239502,0.7369120442051201,0.5542415969539705,0.7408362057440014,0.8367664434392346,0.7876155230667541
2026-02-13,0.5571851071793591,0.7440202930262929,0.5528306809156599,0.7575444463088772,0.8400706949729787,0.7885745467268106
2026-02-14,0.5578960088538271,0.7445186985285183,0.5554165752159956,0.7634856769196376,0.8535824761741271,0.8390340224277404
2026-02-15,0.5570603649060144,0.7519769975733708,0.5565077064004756,0.759670970594938,0.8535338412345704,0.8489749326529749
2026-02-16,0.556650234270437,0.7498527946461521,0.5548059153675264,0.7439129266400973,0.8519280760193836,0.8387406811673278
2026-02-17,0.557195681880079,0.747842977239513,0.5509631338232104,0.7430323752937463,0.846997936445201,0.8348073634842879
2026-02-18,0.5477128006666122,0.7381206564035454,0.548383266755966,0.7455883358561182,0.8435588806784401,0.832839065653234
2026-02-19,0.5473454791242743,0.736962774658066,0.5430236057572199,0.743328962383573,0.8425945399930561,0.8252537710030418
2026-02-20,0.5484898470020465,0.737423341473938,0.5468307203398173,0.7458873784990975,0.8434739916346852,0.8263547202859016
2026-02-21,0.5457821032890561,0.7368722799652407,0.5460194331653251,0.7440634162517048,0.8367109180771937,0.8233426539193732
2026-02-22,0.5443486818040192,0.7278794974565675,0.5436834595651772,0.7342953335749068,0.818640835486372,0.8184358967204483
2026-02-23,0.5507526232688938,0.7343086388654283,0.5463045990870037,0.7423707326867678,0.8200940577120838,0.819647391299106
2026-02-24,0.5452952933921184,0.7321760954271618,0.5420752440533441,0.7400734449657638,0.8195560504942379,0.819100521863511
2026-02-25,0.5594571829855436,0.765369865440193,0.56543138739385,0.7753791151153498,0.8305679875308076,0.8460436249534495
2026-02-26,0.5595106453680457,0.76540230708614,0.5653279044597347,0.775317273611265,0.8312460213168816,0.8486976872819247
2026-02-27,0.5610650464437089,0.7705289221070654,0.5655909503047543,0.7801246844169818,0.8327105288648187,0.8512436260047888
2026-02-28,0.5625212516404394,0.7718042129434121,0.5657207450420869,0.7830010800646272,0.8330557863877083,0.8513066670621182
2026-03-01,0.5565662228035712,0.7616982979767373,0.5552630358773963,0.777091707783847,0.8259340218482555,0.8401942763223276
2026-03-02,0.552236240421137,0.7539227539745055,0.545444752150791,0.7570835558008893,0.8183679488314984,0.8265106092705973
2026-03-03,0.5496566884284886,0.7424453529138598,0.5348182229838206,0.7511219060718839,0.817395776690573,0.8243172143322887
2026-03-04,0.5644681835759104,0.7574397474359723,0.5400488887309328,0.7543353341725911,0.8204608759625157,0.8475251244932931
2026-03-05,0.5634615841571151,0.7559403017342651,0.5397619175563046,0.751462404766286,0.8193792136885695,0.8478252540304099
2026-03-06,0.5684567829202757,0.7604539929683222,0.5423628041921211,0.7562724630258817,0.8209164994477256,0.8487042121353434
2026-03-07,0.5678490463073081,0.7600672646357444,0.5422956038691071,0.7566218485016992,0.8206134649433411,0.8489358839903931
2026-03-08,0.5686390311810868,0.7586144727769867,0.542423731617558,0.75673884570926,0.819914702764448,0.8463517982075109
2026-03-09,0.5720278811652157,0.7500106159527083,0.5484938983444189,0.7582003408448478,0.8200128610965219,0.8429886136906233
2026-03-10,0.5742301620519815,0.7518758445815867,0.5493660852807192,0.7587780968630137,0.8194085669381761,0.8469704076159738
2026-03-11,0.5741270782954342,0.7510991437963931,0.5505074674408121,0.7591458915803716,0.8194325930212508,0.8467157611136904
2026-03-12,0.5726705731568866,0.7465440580686187,0.5505523001011973,0.7574911565798598,0.8192741220588807,0.8471480842335486
2026-03-13,0.5728909219731714,0.7464966641870087,0.549316741958657,0.7582285575851144,0.8194492547831594,0.8469064136519481
2026-03-14,0.5715127617329506,0.74619085853609,0.5481601130994037,0.7566810708508381,0.8188329007791537,0.8444025855836428
2026-03-15,0.572512747713017,0.7487967617819234,0.5496136008659639,0.7635934905444894,0.8179530741960307,0.8430325983435383
2026-03-16,0.5745087983428406,0.766164254260864,0.5482369035644635,0.7684579809092735,0.8278200882747008,0.8507581682303743
2026-03-17,0.5739540884881599,0.7618586696184355,0.5442980124988175,0.7638800498348208,0.8255997107607935,0.84856840872476
2026-03-18,0.5781158170411197,0.7680179167588108,0.5455110282435046,0.7675993598421696,0.8264894840303839,0.8515719979169741
2026-03-19,0.5753147944064704,0.7617965095239317,0.5423084734481084,0.7588820332135747,0.8184845515823148,0.8352947945386996
2026-03-20,0.5756392855371312,0.7619250826588476,0.5425373723576179,0.7594460691900138,0.8178648124280308,0.835553533344303
2026-03-21,0.576961187502983,0.7632459015447468,0.5430717801198741,0.760643788072409,0.819096237386011,0.8372506276913991
2026-03-22,0.5775042267147361,0.7634423804901221,0.5430684140701146,0.7609717960693345,0.8194678837216239,0.8368845019758149
2026-03-23,0.5847900318495437,0.7699617175336364,0.5444340570648752,0.7711378704672804,0.822456403014804,0.8412475904518296
2026-03-24,0.5847431837180104,0.7700257132629433,0.5443196509020782,0.7709726060706199,0.8226159570831196,0.8416788992881311
2026-03-25,0.5853379517806238,0.7699013711142605,0.5443502720897206,0.7706367091260456,0.8221784176126392,0.8390426852595546
2026-03-26,0.589190164928949,0.7755906511933077,0.546683526613165,0.7773056808218065,0.8251076563488072,0.8429031144859059
2026-03-27,0.592664664458841,0.7775158407210562,0.5473651126110054,0.7792088211830392,0.8254178049871271,0.8425577210201244
2026-03-28,0.5926343907257001,0.7775258604225078,0.5458037135934365,0.7791571321786183,0.8256414101862424,0.8429902490377482
2026-03-29,0.5925661451665681,0.7775272222402109,0.5458096936600152,0.7788459610496506,0.8255991435773393,0.842944221862697
2026-03-30,0.5923019365795392,0.778486852121937,0.5453250411001291,0.7787959807947917,0.8247823706346036,0.8429548677820694
2026-03-31,0.5943078321159166,0.7831483659512234,0.5462421485342545,0.7792010332405137,0.8248697395824002,0.8387297484231173
2026-04-01,0.5933843526957053,0.7836564557828866,0.5463679816266108,0.7788917769395479,0.8236424502275373,0.8230306932053567
2026-04-02,0.5932538380553263,0.7819246428997165,0.5507313635728932,0.7744247442662143,0.8122122168345696,0.7891562893697744
2026-04-03,0.5929471849437177,0.7818781429644752,0.5513221753761794,0.7754449754243146,0.8119745116355077,0.7894717856699001
2026-04-04,0.5925800625472036,0.7818817363462471,0.54990882472677,0.7754289140983918,0.8078736218889868,0.7835681618818464
2026-04-05,0.5926392299787752,0.7813199847736584,0.5494903271370957,0.773386509453858,0.7699343895892681,0.782732076729901
2026-04-06,0.592624253068183,0.7794524002731162,0.5489104639146678,0.7719393703137332,0.7695347777455226,0.7832170733317727
2026-04-07,0.5983491616591196,0.7874523944572152,0.5532610619443269,0.7837406928346232,0.767248391412629,0.7888586104546093
2026-04-08,0.5986415761809486,0.7877044429103037,0.555826034649525,0.7850788488583067,0.7678814187035283,0.7883341798983119
2026-04-09,0.5991769201447386,0.7877340803796403,0.5556979584091516,0.7852767176975026,0.7678001555103517,0.7884155028104876
2026-04-10,0.600372217255751,0.7898072674933008,0.5549389833763639,0.786628111864793,0.7682955904696303,0.7890688949028497
2026-04-11,0.6001944858726781,0.7903567600782739,0.5551168461055439,0.7838272305648122,0.7683103184417286,0.7889357925655814
2026-04-12,0.603025627645589,0.7940332458736649,0.556482227933022,0.7870333900877073,0.7690586322561019,0.7898926455842239
2026-04-13,0.6052595793290493,0.7965969420671362,0.5552764892802247,0.791552539313129,0.7649867306642397,0.7744171780736084
2026-04-14,0.6040565817451244,0.7968543459321001,0.5549597171701846,0.7928952572295389,0.7649222044442597,0.7745361587324476
2026-04-15,0.604121404458538,0.797755761595248,0.5555912898556765,0.7924763618317506,0.7653227381155434,0.7708244096093849
2026-04-16,0.6042862434463944,0.797736531933988,0.5574415948546524,0.7984467712508521,0.771198342284754,0.7768394372678719
2026-04-17,0.6068745596310507,0.8004276559854345,0.557658318319849,0.7984392248037829,0.7721842348626268,0.7769153120380509
2026-04-18,0.6071145318048187,0.8020025196350499,0.5581893475343833,0.7965933470691912,0.7713358129025981,0.77720696585692
2026-04-19,0.608616522379078,0.8032999693418544,0.5592523944548847,0.7964627397816545,0.7727578859899591,0.7771932869282867
2026-04-20,0.604892541842266,0.7891745863532649,0.5558883270907095,0.7906502971688866,0.7687754297034851,0.7742384605697606
2026-04-21,0.6045246912436205,0.7886062009152379,0.5560754452074628,0.788146856177539,0.7660617001323229,0.7721078034672445
2026-04-22,0.6066963633449272,0.7897866292443081,0.5563768561393774,0.7886301946418734,0.7658434309193922,0.7717364801554665
2026-04-23,0.6067048447106215,0.790421352425094,0.5562642685380926,0.7886416251018814,0.7660899810435636,0.7725289815935883
2026-04-24,0.6069546842292542,0.7904541989006652,0.5562579257846351,0.7886898395388137,0.7660899043671505,0.773190491591441
2026-04-25,0.6044151803269874,0.7852732611658507,0.5549745605237087,0.7779991604261601,0.7620526592159796,0.7695924425202173
2026-04-26,0.6037108005944953,0.7821655642412382,0.5544844369539227,0.7722819995602761,0.7579792594627558,0.7683144315159539
2026-04-27,0.6040223054530267,0.7806379447361131,0.5525428774801054,0.7713420557990421,0.7586005398415114,0.7653427375756361
2026-04-28,0.6044715269492554,0.7806508863551301,0.5522361336710383,0.7711253076584976,0.758923125612133,0.7653359723754574
2026-04-29,0.5953525771696425,0.7710342791976509,0.5479643945593872,0.7623673565345818,0.7515546878600117,0.7613789031337332
2026-04-30,0.5955669456074468,0.7669418182742105,0.5477439585147802,0.762411310703786,0.7476127224759822,0.7625888108870966
2026-05-01,0.5820280275107241,0.74187743557403,0.5156278436146469,0.7327944622559595,0.7414351999837324,0.733471990452975
2026-05-02,0.5802998115580199,0.7256532434105903,0.5128634123737714,0.7275110095816839,0.7385418254263094,0.7334725439362016
2026-05-03,0.5784965207152607,0.722539550752381,0.5108418937712428,0.7232565433966777,0.7374855001334834,0.7301968860727104
2026-05-04,0.5740800504326267,0.7157992595620319,0.5092465174306294,0.7116927791056128,0.7359484842481485,0.7300297983697247
2026-05-05,0.5700074129008532,0.7113163682204408,0.4852129309334076,0.7035169116863538,0.7316459775242216,0.7335157096131419
2026-05-06,0.4785093323088602,0.6291425109643677,0.402875909250959,0.6255036291001295,0.5813223291896131,0.6579464601630038
2026-05-07,0.42227814738794367,0.5832116538608227,0.3729058406515137,0.5853851903703411,0.43906609484933473,0.6288330939707618
2026-05-08,0.42034102695059206,0.5829590100689513,0.3736399316601237,0.5908111430990033,0.43669100295795504,0.6294695447800843
2026-05-09,0.4195694453794374,0.5831419058991782,0.3729654196414362,0.5910692586573503,0.4365644820226896,0.6286807462179544
2026-05-10,0.42091284512535054,0.5841310441659504,0.37512588409726794,0.5950870421407598,0.4426833585726771,0.631879004239421
2026-05-11,0.4191363802693639,0.578866140361566,0.3716595705704383,0.5879576523984321,0.439421703398006,0.6278349282519774
2026-05-12,0.4167945344611549,0.5755141481547817,0.3699233090004218,0.5841875173685932,0.44085426382422166,0.6270475638758529
2026-05-13,0.417214733443881,0.5757856362837663,0.36991915775026996,0.5879470634391251,0.4409827137229431,0.6273502814296721
2026-05-14,0.41272439276572004,0.5674675185282358,0.3701075187606324,0.5701110319606666,0.44367763596556997,0.624568887905986
2026-05-15,0.41538723621951296,0.5690019759225731,0.36810675969503415,0.5673775807221223,0.4262754190469624,0.5604624434625095
2026-05-16,0.4150957088743536,0.5574061361716122,0.3669423537418421,0.5690731500911074,0.42479137655457067,0.5423637132991826
2026-05-17,0.41561116869955406,0.5586897645385106,0.36561927479120043,0.5698502666703531,0.42471713433703,0.541316694427526
2026-05-18,0.4135339750619348,0.5586338086311463,0.36477240687591367,0.5689484623652107,0.4246654464813994,0.5473174504691551
2026-05-19,0.4121498696032271,0.5576413611488208,0.3623173448723874,0.5632241373681632,0.42046369913510484,0.5467088575204556
2026-05-20,0.4122322703804738,0.5577676780904396,0.36332313266518174,0.5645314685591449,0.42004733026582974,0.5468381367976228
2026-05-21,0.4113262499018274,0.5574628782898127,0.3596568397326228,0.5628005975948824,0.41890394411897763,0.5470073311057344
2026-05-22,0.41531726306211375,0.5614562871244048,0.36060419126464105,0.5670238628209894,0.4228489309609193,0.549824996481444
2026-05-23,0.416184693636728,0.5633029441874702,0.3591515211709052,0.5649796561412385,0.421218701020483,0.5466566618148382
2026-05-24,0.40525687740400956,0.5527785999587898,0.3535274744942966,0.5511933836964451,0.4169431320398338,0.5430931553369093
2026-05-25,0.4046177079811857,0.5528124409768088,0.35090287761441097,0.5506085996097994,0.41690936536718476,0.5422441145025908
2026-05-26,0.3893427129327715,0.5122533268201418,0.31747926425856543,0.5058480187972986,0.39873915953310485,0.5042760081857235
2026-05-27,0.3912403138314909,0.5136841998303453,0.31816242809405326,0.5043698482146802,0.39767622112493983,0.4978597818322763
2026-05-28,0.38866780491183694,0.5039747918065182,0.3175975298963389,0.49489398547252594,0.3921995069832866,0.4920175045672255
2026-05-29,0.387463187296653,0.5027510605398506,0.3177896972087801,0.4910967673219766,0.39168419302786606,0.4918389116334519
2026-05-30,0.3856212716652631,0.50210442406229,0.38824229047891023,0.4910872890755092,0.3904950407542938,0.4897267615106982
2026-05-31,0.37509579833203655,0.4943838465261241,0.384301360533479,0.48567234823828614,0.38660748766212105,0.4885492221922135
2026-06-01,0.380275013552716,0.49232995682021646,0.38756382225200636,0.4863597429292637,0.3880969768535657,0.4818733392260496
2026-06-02,0.3840285564714327,0.4949576458582518,0.40130690161062266,0.5107278511352535,0.3976828680087707,0.475546087563851
2026-06-03,0.3891039754936105,0.4948704043321217,0.4112839449814282,0.5135132133797827,0.39636556971158804,0.46306549177254286
2026-06-04,0.3810369632251086,0.48843457627653797,0.40957569296689095,0.5108943487271141,0.3958542571661193,0.464692500565216
2026-06-05,0.3907902546764435,0.5368147512405422,0.4235185049061895,0.5329942697059554,0.41442438860115344,0.49319385069335
2026-06-06,0.3890260731478473,0.5361907984458224,0.4228572045302039,0.5334323409048836,0.4139358780271007,0.4931182635068896
2026-06-07,0.3901665775903881,0.5545401898992836,0.42897897086866554,0.5447736393366199,0.4281834143232279,0.5034906928708374
2026-06-08,0.3874394501790135,0.5524985486520828,0.4283352953530959,0.5442997137544384,0.42728416188406065,0.4954279169744757
2026-06-09,0.38952548748859,0.555112252325174,0.42801998475248354,0.546231536970499,0.43019213819664964,0.4955130572751906
2026-06-10,0.389329788665245,0.554741745986461,0.4285480059361697,0.5482858061506706,0.4356000324248621,0.4954496104748397
2026-06-11,0.39554745760940035,0.5585291505443112,0.43357467488970575,0.560675370384378,0.4436019685842251,0.5007419664511371
2026-06-12,0.3954085695962895,0.5584688636182259,0.4335266871617944,0.5606759564428134,0.44354402003107657,0.5007247411441038
2026-06-13,0.3936936704366923,0.5527100773042253,0.43105676275963206,0.5556438465592699,0.44031222167485246,0.5019710931924192
2026-06-14,0.39151734127266513,0.5315602672850167,0.43136494820503546,0.5532354534754602,0.42496372886915673,0.48878031693685264
2026-06-15,0.39132853068636575,0.538149459546216,0.4302587156629471,0.5585252012543421,0.43399958116785475,0.4859344898980297
2026-06-16,0.38503264219958044,0.529343216503454,0.42950145220099856,0.5505209029538332,0.42965100459156275,0.47617452657189513
2026-06-17,0.3848949007197272,0.5281326942980783,0.4277773866114362,0.5512631348861448,0.4317768888170248,0.47566085313901946
2026-06-18,0.38730549946574555,0.5296001338345905,0.43461575917945483,0.5540540244973404,0.4366572970114958,0.47860831667339543
2026-06-19,0.3853589441086111,0.5268664184993613,0.4334426516030088,0.5521229397435544,0.43434776584569373,0.4749705498141859
2026-06-20,0.38504106177789543,0.5276670562836178,0.4339643204157869,0.5609857038514535,0.43430147367098615,0.4743413901446035
2026-06-21,0.37532565448059674,0.5195223625947696,0.4320417426664254,0.5474228060662341,0.4299575705410622,0.4668591916935232
2026-06-22,0.37607234516489213,0.5203179953058685,0.4326168494404455,0.5474277185283725,0.4298027389394352,0.466352225038879
2026-06-23,0.3772273736985016,0.5243750836255893,0.43327958173346426,0.5499292934821702,0.43079938917109006,0.47347096358371976
2026-06-24,0.3742358190048762,0.5174609625175097,0.4318473452218614,0.5400342372445004,0.4291983666712837,0.47080618134596963
2026-06-25,0.3699010187454379,0.517625135319889,0.4295291495137482,0.5346053868175865,0.42972414413787186,0.47004340327290667
2026-06-26,0.3701110844280039,0.5179320308972231,0.43031247047735466,0.5486349101838328,0.4296884025553518,0.47026582114179444
2026-06-27,0.3700013306928276,0.5179081045046136,0.4315457937321628,0.5497081595663816,0.42968498085447177,0.471204425772805
2026-06-28,0.36928971613644407,0.5157132866501208,0.4318363451924682,0.549598585908913,0.4297456971135263,0.47204387359622874
2026-06-29,0.3671565497738421,0.5122584536182389,0.4321199375637981,0.5596512405732644,0.429384282051097,0.47065938970312104
2026-06-30,0.370904030970842,0.512756208953237,0.4340459715723581,0.5589432667927948,0.430209303708213,0.47177436397916733
2026-07-01,0.3728527944762313,0.51025466462012,0.4247892989075534,0.5656330735972711,0.42971497176907486,0.47060800563791616
2026-07-02,0.37662672981304024,0.5233262745122698,0.42564689644702886,0.570605553099746,0.43555248087204274,0.47331164170678536
2026-07-03,0.37807602619457314,0.5279543611676677,0.42867636758504685,0.5718901447878303,0.44453615804793123,0.482307405749938
2026-07-04,0.3748236488751563,0.5266761208209026,0.42777746496013064,0.5714501652015477,0.4461726720847415,0.4822399234796905
2026-07-05,0.37524249868611703,0.5267603850751431,0.4307997887258097,0.569561780524368,0.44615509381750146,0.4810165668145435
2026-07-06,0.36444796559925224,0.5113297911515783,0.4257106384668834,0.553261645447208,0.437379389250966,0.47169135127918177
2026-07-07,0.36430087884164936,0.5104098134852937,0.4223456914578608,0.5496508216292882,0.438069067979322,0.4731179806254607
2026-07-08,0.36494060231843584,0.5111086833777068,0.4231899485198354,0.5536526302948195,0.43938583720812624,0.4749809656586035
2026-07-09,0.364698401527988,0.5081395763752939,0.42307992630496677,0.5524047133844779,0.43888434817959204,0.47444781428917504
2026-07-10,0.3661224224888947,0.5105720928110296,0.42377392644045303,0.5524043165669533,0.4396289936401855,0.47601302922864713
2026-07-11,0.3608874179304999,0.5043776450299976,0.4209062400199562,0.5474358635301211,0.4378503191417493,0.4743459392285841
2026-07-12,0.3451225795977226,0.47795667674991227,0.4138625611358418,0.5336815396762831,0.43054308149049353,0.46813649166369226
2026-07-13,0.3477343887392166,0.4775257071692804,0.4143987164572174,0.5320532709333253,0.4312534981443775,0.4680021571862435
2026-07-14,0.3584418674006078,0.4941585217627891,0.41656578434108776,0.5368698429624601,0.4371622570860508,0.4715343594327862
2026-07-15,0.3582679567886149,0.49519017560022877,0.414223048750447,0.5277728477263389,0.42743561469438424,0.46159387272653396
2026-07-16,0.35495663571866215,0.49357026982526553,0.4142550539293077,0.5300189256362144,0.4278048134649291,0.463281163388911
2026-07-17,0.3535328445496916,0.4911294426056566,0.41256408776323344,0.5269823371548342,0.424511043898833,0.45465889867534104
2026-07-18,0.35171529359575754,0.4866777135623432,0.41047133210746345,0.5236073809093814,0.4219017490170023,0.453532607427492
2026-07-19,0.34682677191151057,0.4844032865429631,0.408023958145017,0.5222126468105915,0.4193141663681981,0.4504355253740572
2026-07-20,0.34700902935999633,0.48574240593183093,0.4079091126386311,0.5234316109440893,0.42015962403956997,0.4504016625007539
2026-07-21,0.3458632306612488,0.4846653850877725,0.40755606247855514,0.5230524592843973,0.4246192318215355,0.4518428837162298
2026-07-22,0.3459534179603741,0.4836002071615303,0.4075873312244438,0.5228325709084636,0.4242404006367693,0.45031045197106884
2026-07-23,0.34660344279043953,0.4866267259329718,0.40769391996863275,0.5254443199458753,0.42797397680704224,0.46020839931860125
2026-07-24,0.3474571521280223,0.4867355302772406,0.40714585847901136,0.5276914374000623,0.42853318654269734,0.4605836601927476
2026-07-25,0.34625837670108206,0.4847383337863262,0.40668999768725295,0.5276058985313571,0.4285687117131625,0.464605084663254
2026-07-26,0.3469084648860511,0.4900200643893392,0.40658695936164274,0.529259750564754,0.42827242186343045,0.4676561218258821
2026-07-27,0.34939647640757254,0.49378819978431077,0.407658108717917,0.533148274977223,0.4353714127823881,0.47374955621495046
2026-07-28,0.34933771855358847,0.49423098739737586,0.40757915648060744,0.5327456475124203,0.43537375127426187,0.46311537976579115
2026-07-29,0.3488745957775541,0.4942425049205415,0.40757099370051436,0.5327333735706291,0.4355955871817129,0.4599400919857281
